case,profile,category,mode,baseline_ns_per_document,candidate_ns_per_document,baseline_over_candidate_median,baseline_over_candidate_min,baseline_over_candidate_max,pairs,round_medians
feature--parser.line_comments-plain-300,/private/tmp/ferromark-v2-feature-final-confirm.feature-scan-replay/configs/runtime-85adaf6f20609bb1f898fcfaa050e313ebaf9d72e313e8a4e4a3ef2a94f6222b.json,feature-line_comments,fresh,527.5828937373396,510.4451543109079,1.0351056948433337,1.011794925226741,1.0486419286858484,9,"[1.0401688277388892, 1.0351056948433337, 1.0178661824972834]"
feature--parser.line_comments-plain-300,/private/tmp/ferromark-v2-feature-final-confirm.feature-scan-replay/configs/runtime-85adaf6f20609bb1f898fcfaa050e313ebaf9d72e313e8a4e4a3ef2a94f6222b.json,feature-line_comments,reuse,192.0107289874662,172.13447000991408,1.118674390180622,1.1073328937161964,1.1284205978573263,9,"[1.1138758102625954, 1.118674390180622, 1.1228567679723866]"
feature--parser.line_comments-plain-300,/private/tmp/ferromark-v2-feature-final-confirm.feature-scan-replay/configs/runtime-85adaf6f20609bb1f898fcfaa050e313ebaf9d72e313e8a4e4a3ef2a94f6222b.json,feature-line_comments,parse,141.01030198086815,121.22576797765883,1.1661629776627438,1.16045000523293,1.1690540778269238,9,"[1.1666446936185593, 1.1661629776627438, 1.1659593860658952]"
feature--parser.line_comments-plain-300,/private/tmp/ferromark-v2-feature-final-confirm.feature-scan-replay/configs/runtime-85adaf6f20609bb1f898fcfaa050e313ebaf9d72e313e8a4e4a3ef2a94f6222b.json,feature-line_comments,render,52.13194479197945,52.428001165990004,0.9943530867584819,0.9852424824631776,1.0018843996738511,9,"[0.9940677295202941, 0.9999783406138268, 0.9943530867584819]"
feature--parser.line_comments-active-300,/private/tmp/ferromark-v2-feature-final-confirm.feature-scan-replay/configs/runtime-85adaf6f20609bb1f898fcfaa050e313ebaf9d72e313e8a4e4a3ef2a94f6222b.json,feature-line_comments,fresh,1322.7547324450084,1273.3664495114006,1.038588557440454,1.0237007940501075,1.0530804982025705,9,"[1.038588557440454, 1.0429459427208403, 1.029710763949631]"
feature--parser.line_comments-active-300,/private/tmp/ferromark-v2-feature-final-confirm.feature-scan-replay/configs/runtime-85adaf6f20609bb1f898fcfaa050e313ebaf9d72e313e8a4e4a3ef2a94f6222b.json,feature-line_comments,reuse,993.8852511125239,923.6595929373523,1.0737258048975844,1.0631100891404,1.0864592116793923,9,"[1.0750047892364343, 1.0737258048975844, 1.0687958917184515]"
feature--parser.line_comments-active-300,/private/tmp/ferromark-v2-feature-final-confirm.feature-scan-replay/configs/runtime-85adaf6f20609bb1f898fcfaa050e313ebaf9d72e313e8a4e4a3ef2a94f6222b.json,feature-line_comments,parse,866.654534109817,794.566074605999,1.0903649030929965,1.0867946527551209,1.0988823578774518,9,"[1.089082933105673, 1.0945082841726024, 1.0903649030929965]"
feature--parser.line_comments-active-300,/private/tmp/ferromark-v2-feature-final-confirm.feature-scan-replay/configs/runtime-85adaf6f20609bb1f898fcfaa050e313ebaf9d72e313e8a4e4a3ef2a94f6222b.json,feature-line_comments,render,122.092543756837,123.96194714399049,0.982616038708298,0.974530389414785,0.9885647826658538,9,"[0.9857616641688963, 0.9859310437757375, 0.9788682018028478]"
feature--parser.line_comments-plain-4096,/private/tmp/ferromark-v2-feature-final-confirm.feature-scan-replay/configs/runtime-85adaf6f20609bb1f898fcfaa050e313ebaf9d72e313e8a4e4a3ef2a94f6222b.json,feature-line_comments,fresh,2411.051040061633,2185.3347027972027,1.102324192802781,1.095546271027708,1.1072919728225656,9,"[1.1039001136272553, 1.102324192802781, 1.1002936228001101]"
feature--parser.line_comments-plain-4096,/private/tmp/ferromark-v2-feature-final-confirm.feature-scan-replay/configs/runtime-85adaf6f20609bb1f898fcfaa050e313ebaf9d72e313e8a4e4a3ef2a94f6222b.json,feature-line_comments,reuse,2001.9706306017927,1755.660393258427,1.1385907666965231,1.1315927728345356,1.143825049000227,9,"[1.135819744505801, 1.1371556268222465, 1.1411557167356219]"
feature--parser.line_comments-plain-4096,/private/tmp/ferromark-v2-feature-final-confirm.feature-scan-replay/configs/runtime-85adaf6f20609bb1f898fcfaa050e313ebaf9d72e313e8a4e4a3ef2a94f6222b.json,feature-line_comments,parse,1457.8487056902984,1218.6201042478565,1.2003781653969912,1.1863555334486886,1.250348874800383,9,"[1.1876326081766548, 1.2140208811141524, 1.2003781653969912]"
feature--parser.line_comments-plain-4096,/private/tmp/ferromark-v2-feature-final-confirm.feature-scan-replay/configs/runtime-85adaf6f20609bb1f898fcfaa050e313ebaf9d72e313e8a4e4a3ef2a94f6222b.json,feature-line_comments,render,535.1152290239726,534.8496641854894,0.999930014463211,0.9942718063445363,1.0052290949580087,9,"[0.9986311257689581, 0.999930014463211, 1.0004965223992197]"
feature--parser.line_comments-active-4096,/private/tmp/ferromark-v2-feature-final-confirm.feature-scan-replay/configs/runtime-85adaf6f20609bb1f898fcfaa050e313ebaf9d72e313e8a4e4a3ef2a94f6222b.json,feature-line_comments,fresh,11467.153284671533,10670.75892857143,1.0753233022731274,1.070679251003585,1.0811438908450288,9,"[1.0753233022731274, 1.0782602211581285, 1.0731482072589105]"
feature--parser.line_comments-active-4096,/private/tmp/ferromark-v2-feature-final-confirm.feature-scan-replay/configs/runtime-85adaf6f20609bb1f898fcfaa050e313ebaf9d72e313e8a4e4a3ef2a94f6222b.json,feature-line_comments,reuse,10987.498251748251,10215.396854575163,1.0773036584473255,1.074136511106478,1.0845943738278676,9,"[1.076721823660586, 1.0788381749923792, 1.0773036584473255]"
feature--parser.line_comments-active-4096,/private/tmp/ferromark-v2-feature-final-confirm.feature-scan-replay/configs/runtime-85adaf6f20609bb1f898fcfaa050e313ebaf9d72e313e8a4e4a3ef2a94f6222b.json,feature-line_comments,parse,9838.042059748428,8993.295079022988,1.0975129674078412,1.0760967490191466,1.1042678296696917,9,"[1.0980796491128477, 1.0975129674078412, 1.0765981128875481]"
feature--parser.line_comments-active-4096,/private/tmp/ferromark-v2-feature-final-confirm.feature-scan-replay/configs/runtime-85adaf6f20609bb1f898fcfaa050e313ebaf9d72e313e8a4e4a3ef2a94f6222b.json,feature-line_comments,render,1275.432045269168,1301.3092475020817,0.9806773074552615,0.9711389300315307,0.9886119245889479,9,"[0.9793913750081307, 0.9824178803360187, 0.979267870505153]"
feature--parser.line_comments-plain-65536,/private/tmp/ferromark-v2-feature-final-confirm.feature-scan-replay/configs/runtime-85adaf6f20609bb1f898fcfaa050e313ebaf9d72e313e8a4e4a3ef2a94f6222b.json,feature-line_comments,fresh,32136.373086734693,28267.182477678572,1.1366134967092556,1.12920829711279,1.1440378675937202,9,"[1.1401505528961444, 1.1352226942469847, 1.1366134967092556]"
feature--parser.line_comments-plain-65536,/private/tmp/ferromark-v2-feature-final-confirm.feature-scan-replay/configs/runtime-85adaf6f20609bb1f898fcfaa050e313ebaf9d72e313e8a4e4a3ef2a94f6222b.json,feature-line_comments,reuse,31295.1825,27570.609100877195,1.1352660406485127,1.1164299616142281,1.1466740859081461,9,"[1.144087292164002, 1.1270632064904065, 1.1324901944441959]"
feature--parser.line_comments-plain-65536,/private/tmp/ferromark-v2-feature-final-confirm.feature-scan-replay/configs/runtime-85adaf6f20609bb1f898fcfaa050e313ebaf9d72e313e8a4e4a3ef2a94f6222b.json,feature-line_comments,parse,22850.58106884058,19084.158917682926,1.198355459773202,1.1924402444903883,1.2178886017781139,9,"[1.198355459773202, 1.206483187404718, 1.1967282558960632]"
feature--parser.line_comments-plain-65536,/private/tmp/ferromark-v2-feature-final-confirm.feature-scan-replay/configs/runtime-85adaf6f20609bb1f898fcfaa050e313ebaf9d72e313e8a4e4a3ef2a94f6222b.json,feature-line_comments,render,8487.190371621622,8447.628209459459,1.0047684547291151,0.9984230957105713,1.00955958168339,9,"[1.0047684547291151, 1.000190893518703, 1.0058580798892622]"
feature--parser.line_comments-active-65536,/private/tmp/ferromark-v2-feature-final-confirm.feature-scan-replay/configs/runtime-85adaf6f20609bb1f898fcfaa050e313ebaf9d72e313e8a4e4a3ef2a94f6222b.json,feature-line_comments,fresh,181931.13541666666,169008.334375,1.0731347481582518,1.06443052863812,1.0880627722948022,9,"[1.0731347481582518, 1.0688211191052943, 1.079471104112468]"
feature--parser.line_comments-active-65536,/private/tmp/ferromark-v2-feature-final-confirm.feature-scan-replay/configs/runtime-85adaf6f20609bb1f898fcfaa050e313ebaf9d72e313e8a4e4a3ef2a94f6222b.json,feature-line_comments,reuse,179974.68055555556,168601.5625,1.076483614702233,1.063991113601855,1.084839314588235,9,"[1.06740770984793, 1.076483614702233, 1.0786570452378945]"
feature--parser.line_comments-active-65536,/private/tmp/ferromark-v2-feature-final-confirm.feature-scan-replay/configs/runtime-85adaf6f20609bb1f898fcfaa050e313ebaf9d72e313e8a4e4a3ef2a94f6222b.json,feature-line_comments,parse,156654.0375,143975.4971590909,1.0858438869645566,1.0815442959574408,1.0969671502407838,9,"[1.0876570360230369, 1.0907482394798789, 1.08396941710126]"
feature--parser.line_comments-active-65536,/private/tmp/ferromark-v2-feature-final-confirm.feature-scan-replay/configs/runtime-85adaf6f20609bb1f898fcfaa050e313ebaf9d72e313e8a4e4a3ef2a94f6222b.json,feature-line_comments,render,22299.075704225354,22693.086050724636,0.9815899515528653,0.9779781173917786,0.9927948935129949,9,"[0.9839306438070001, 0.9810346583777073, 0.9815899515528653]"
feature--parser.definition_lists-plain-300,/private/tmp/ferromark-v2-feature-final-confirm.feature-scan-replay/configs/runtime-952bd53aaa996fe4bc57828684b54cc7445e89a8940d8603c3d1f1597976555d.json,feature-definition_lists,fresh,699.8829069637259,517.1507073130377,1.3519049986864493,1.3377492725297437,1.363643069448795,9,"[1.3453475429926118, 1.348041761497664, 1.3617804516579883]"
feature--parser.definition_lists-plain-300,/private/tmp/ferromark-v2-feature-final-confirm.feature-scan-replay/configs/runtime-952bd53aaa996fe4bc57828684b54cc7445e89a8940d8603c3d1f1597976555d.json,feature-definition_lists,reuse,366.2555659714085,178.1882269928156,2.051435346826948,2.0390510996278355,2.073284565415153,9,"[2.0455749627160276, 2.059986688847394, 2.051435346826948]"
feature--parser.definition_lists-plain-300,/private/tmp/ferromark-v2-feature-final-confirm.feature-scan-replay/configs/runtime-952bd53aaa996fe4bc57828684b54cc7445e89a8940d8603c3d1f1597976555d.json,feature-definition_lists,parse,314.90841016727126,126.63034592787682,2.4862623184518364,2.4606920077198113,2.5133862312777744,9,"[2.4883623048841494, 2.4830832642541134, 2.474986006203062]"
feature--parser.definition_lists-plain-300,/private/tmp/ferromark-v2-feature-final-confirm.feature-scan-replay/configs/runtime-952bd53aaa996fe4bc57828684b54cc7445e89a8940d8603c3d1f1597976555d.json,feature-definition_lists,render,52.24109829488465,52.43534388737877,0.9955005553840784,0.9894157279790049,1.0015684593822036,9,"[0.9920683237736074, 0.9955005553840784, 1.0011817640049052]"
feature--parser.definition_lists-active-300,/private/tmp/ferromark-v2-feature-final-confirm.feature-scan-replay/configs/runtime-952bd53aaa996fe4bc57828684b54cc7445e89a8940d8603c3d1f1597976555d.json,feature-definition_lists,fresh,4870.489291277258,4223.205236486487,1.157731686754512,1.1484509141760093,1.1627494784918162,9,"[1.1619075706111717, 1.157731686754512, 1.1553121154172807]"
feature--parser.definition_lists-active-300,/private/tmp/ferromark-v2-feature-final-confirm.feature-scan-replay/configs/runtime-952bd53aaa996fe4bc57828684b54cc7445e89a8940d8603c3d1f1597976555d.json,feature-definition_lists,reuse,4548.33230377907,3865.6217592592593,1.1822481162662184,1.107078459870225,1.1926969755966108,9,"[1.1796533579683173, 1.1774910700565804, 1.1850180959550056]"
feature--parser.definition_lists-active-300,/private/tmp/ferromark-v2-feature-final-confirm.feature-scan-replay/configs/runtime-952bd53aaa996fe4bc57828684b54cc7445e89a8940d8603c3d1f1597976555d.json,feature-definition_lists,parse,4195.647620643432,3486.5934716035636,1.1976401105042915,1.192105690452789,1.2184115861660356,9,"[1.2006711761727784, 1.2065465343344552, 1.1942199295340687]"
feature--parser.definition_lists-active-300,/private/tmp/ferromark-v2-feature-final-confirm.feature-scan-replay/configs/runtime-952bd53aaa996fe4bc57828684b54cc7445e89a8940d8603c3d1f1597976555d.json,feature-definition_lists,render,357.2727337677183,354.90391494435613,1.0063478119691673,1.0001799180190922,1.008771071410832,9,"[1.0068870120440472, 1.0034402861514564, 1.0087636117587875]"
feature--parser.definition_lists-plain-4096,/private/tmp/ferromark-v2-feature-final-confirm.feature-scan-replay/configs/runtime-952bd53aaa996fe4bc57828684b54cc7445e89a8940d8603c3d1f1597976555d.json,feature-definition_lists,fresh,4795.916411042945,2252.921244596542,2.12535645511145,2.1161903652057474,2.152641515166823,9,"[2.125650592732429, 2.1219765801454322, 2.142699548380273]"
feature--parser.definition_lists-plain-4096,/private/tmp/ferromark-v2-feature-final-confirm.feature-scan-replay/configs/runtime-952bd53aaa996fe4bc57828684b54cc7445e89a8940d8603c3d1f1597976555d.json,feature-definition_lists,reuse,4374.19622905028,1834.545224471831,2.384216088122363,2.3363828608888615,2.402376723912629,9,"[2.3824742346656027, 2.384216088122363, 2.389059316918201]"
feature--parser.definition_lists-plain-4096,/private/tmp/ferromark-v2-feature-final-confirm.feature-scan-replay/configs/runtime-952bd53aaa996fe4bc57828684b54cc7445e89a8940d8603c3d1f1597976555d.json,feature-definition_lists,parse,3820.5099327628363,1295.1608067522784,2.9529738346459222,2.9478269746781285,2.965371687117826,9,"[2.9645004235673227, 2.9512139139825573, 2.9529738346459222]"
feature--parser.definition_lists-plain-4096,/private/tmp/ferromark-v2-feature-final-confirm.feature-scan-replay/configs/runtime-952bd53aaa996fe4bc57828684b54cc7445e89a8940d8603c3d1f1597976555d.json,feature-definition_lists,render,535.3391358341898,534.5606718268901,0.9997212148720018,0.9950069295539108,1.0072892679024483,9,"[0.9970783316112436, 1.0016136052244815, 0.9997212148720018]"
feature--parser.definition_lists-active-4096,/private/tmp/ferromark-v2-feature-final-confirm.feature-scan-replay/configs/runtime-952bd53aaa996fe4bc57828684b54cc7445e89a8940d8603c3d1f1597976555d.json,feature-definition_lists,fresh,57965.32638888889,48899.6171875,1.189738956367223,1.183066816856679,1.197754379082624,9,"[1.1904927883843204, 1.1853942775590136, 1.191159118887397]"
feature--parser.definition_lists-active-4096,/private/tmp/ferromark-v2-feature-final-confirm.feature-scan-replay/configs/runtime-952bd53aaa996fe4bc57828684b54cc7445e89a8940d8603c3d1f1597976555d.json,feature-definition_lists,reuse,56126.34821428572,47141.314338235294,1.1947307892941146,1.1869046799029523,1.2095559397061248,9,"[1.1912472130732936, 1.1970270157764393, 1.1918349607125758]"
feature--parser.definition_lists-active-4096,/private/tmp/ferromark-v2-feature-final-confirm.feature-scan-replay/configs/runtime-952bd53aaa996fe4bc57828684b54cc7445e89a8940d8603c3d1f1597976555d.json,feature-definition_lists,parse,52722.005208333336,43484.73611111111,1.210982400372896,1.1948102617070473,1.2188913271291555,9,"[1.2100848189791913, 1.2143577602340945, 1.2117053813534013]"
feature--parser.definition_lists-active-4096,/private/tmp/ferromark-v2-feature-final-confirm.feature-scan-replay/configs/runtime-952bd53aaa996fe4bc57828684b54cc7445e89a8940d8603c3d1f1597976555d.json,feature-definition_lists,render,4234.040709459459,4162.126662234043,1.0154036105352533,1.0096430916907326,1.018956508508213,9,"[1.0148200819169775, 1.0144612332231775, 1.0172781976766696]"
feature--parser.definition_lists-plain-65536,/private/tmp/ferromark-v2-feature-final-confirm.feature-scan-replay/configs/runtime-952bd53aaa996fe4bc57828684b54cc7445e89a8940d8603c3d1f1597976555d.json,feature-definition_lists,fresh,69686.08423913043,29315.321180555555,2.3834597205302295,2.350515498890005,2.4054044508520542,9,"[2.379560262667818, 2.3834597205302295, 2.3853379494812823]"
feature--parser.definition_lists-plain-65536,/private/tmp/ferromark-v2-feature-final-confirm.feature-scan-replay/configs/runtime-952bd53aaa996fe4bc57828684b54cc7445e89a8940d8603c3d1f1597976555d.json,feature-definition_lists,reuse,68453.69157608696,28497.08806818182,2.400836023460808,2.393174277247936,2.4094414238727118,9,"[2.400894028447879, 2.3978154313160105, 2.408109536017924]"
feature--parser.definition_lists-plain-65536,/private/tmp/ferromark-v2-feature-final-confirm.feature-scan-replay/configs/runtime-952bd53aaa996fe4bc57828684b54cc7445e89a8940d8603c3d1f1597976555d.json,feature-definition_lists,parse,59986.44907407407,20179.203125,2.9862365292177704,2.9503497134516494,3.036580298223417,9,"[2.9754607722665285, 2.993442378720767, 2.9862365292177704]"
feature--parser.definition_lists-plain-65536,/private/tmp/ferromark-v2-feature-final-confirm.feature-scan-replay/configs/runtime-952bd53aaa996fe4bc57828684b54cc7445e89a8940d8603c3d1f1597976555d.json,feature-definition_lists,render,8469.467905405405,8406.914986559139,1.007214640262241,0.9890704199744875,1.015865377039111,9,"[1.0023665434149012, 1.0081588686493415, 1.007214640262241]"
feature--parser.definition_lists-active-65536,/private/tmp/ferromark-v2-feature-final-confirm.feature-scan-replay/configs/runtime-952bd53aaa996fe4bc57828684b54cc7445e89a8940d8603c3d1f1597976555d.json,feature-definition_lists,fresh,921595.0625,772147.5729166666,1.1961000162232316,1.1854525039057429,1.2042795090160268,9,"[1.1978397516505355, 1.2035264684417417, 1.1940393371443028]"
feature--parser.definition_lists-active-65536,/private/tmp/ferromark-v2-feature-final-confirm.feature-scan-replay/configs/runtime-952bd53aaa996fe4bc57828684b54cc7445e89a8940d8603c3d1f1597976555d.json,feature-definition_lists,reuse,917021.484375,770484.375,1.1923909165854512,1.1853043724639,1.2025689091167686,9,"[1.1956767194995626, 1.1923909165854512, 1.1901882947009794]"
feature--parser.definition_lists-active-65536,/private/tmp/ferromark-v2-feature-final-confirm.feature-scan-replay/configs/runtime-952bd53aaa996fe4bc57828684b54cc7445e89a8940d8603c3d1f1597976555d.json,feature-definition_lists,parse,844297.515625,697428.8229166666,1.2102543469199394,1.2029848918926265,1.2222303180328915,9,"[1.2152854599805192, 1.2082736803174674, 1.2083846770158058]"
feature--parser.definition_lists-active-65536,/private/tmp/ferromark-v2-feature-final-confirm.feature-scan-replay/configs/runtime-952bd53aaa996fe4bc57828684b54cc7445e89a8940d8603c3d1f1597976555d.json,feature-definition_lists,render,67500.10807291667,66799.53385416667,1.0109653625870598,1.0018428506218136,1.0243585522560474,9,"[1.0099490138674498, 1.0109653625870598, 1.0136721946974903]"
mixed--deflists--comment-ack,/private/tmp/ferromark-v2-feature-final-confirm.feature-scan-replay/configs/runtime-32091b4ab7e57b3d2d7c6a1c30555da0833951bc37fd6b40279af705ee9e38c4.json,mixed-docs-definition-lists,fresh,466.6893755598686,426.989762636612,1.0895836827586265,1.0784129127103286,1.2384482073609262,9,"[1.0841545318456738, 1.0830464791536853, 1.1090937258431395]"
mixed--deflists--comment-ack,/private/tmp/ferromark-v2-feature-final-confirm.feature-scan-replay/configs/runtime-32091b4ab7e57b3d2d7c6a1c30555da0833951bc37fd6b40279af705ee9e38c4.json,mixed-docs-definition-lists,reuse,140.98333032572407,95.71313361408882,1.4767171336030906,1.4669044730652703,1.4911459380814711,9,"[1.4767171336030906, 1.4773268485965052, 1.4697806918679237]"
mixed--deflists--comment-ack,/private/tmp/ferromark-v2-feature-final-confirm.feature-scan-replay/configs/runtime-32091b4ab7e57b3d2d7c6a1c30555da0833951bc37fd6b40279af705ee9e38c4.json,mixed-docs-definition-lists,parse,111.3799607063939,66.71657913838008,1.6735541725637098,1.6457709265370888,1.6838742219621774,9,"[1.6735541725637098, 1.660827746064328, 1.6749142288582228]"
mixed--deflists--comment-ack,/private/tmp/ferromark-v2-feature-final-confirm.feature-scan-replay/configs/runtime-32091b4ab7e57b3d2d7c6a1c30555da0833951bc37fd6b40279af705ee9e38c4.json,mixed-docs-definition-lists,render,30.379505861995217,30.336986700320356,0.9997113185128385,0.9956077088489323,1.005193373237588,9,"[0.9997113185128385, 1.0001692184475566, 0.9976142588118675]"
mixed--control--comment-ack,/private/tmp/ferromark-v2-feature-final-confirm.feature-scan-replay/configs/runtime-92d3aa20c19f6e36ddf6454cd4eea55f84dfaec2d4e7ab1ef73254252b27b2c8.json,mixed-docs-control,fresh,407.3026615845713,412.9117817040951,0.9839049480354337,0.9789616389760128,0.9942153666531516,9,"[0.979092675287786, 0.9839049480354337, 0.9918524429659881]"
mixed--control--comment-ack,/private/tmp/ferromark-v2-feature-final-confirm.feature-scan-replay/configs/runtime-92d3aa20c19f6e36ddf6454cd4eea55f84dfaec2d4e7ab1ef73254252b27b2c8.json,mixed-docs-control,reuse,81.69541625274495,81.5115724439228,1.0033284567744087,0.9990181827912074,1.0155442070094356,9,"[1.0033284567744087, 1.0019775892789198, 1.0052659038043175]"
mixed--control--comment-ack,/private/tmp/ferromark-v2-feature-final-confirm.feature-scan-replay/configs/runtime-92d3aa20c19f6e36ddf6454cd4eea55f84dfaec2d4e7ab1ef73254252b27b2c8.json,mixed-docs-control,parse,53.33208538125469,52.9108098269615,1.0046911185300902,0.9982135585252684,1.0193112467957874,9,"[0.9998762258151047, 1.0024658660717003, 1.014686888181822]"
mixed--control--comment-ack,/private/tmp/ferromark-v2-feature-final-confirm.feature-scan-replay/configs/runtime-92d3aa20c19f6e36ddf6454cd4eea55f84dfaec2d4e7ab1ef73254252b27b2c8.json,mixed-docs-control,render,29.62742586131705,29.69175593824228,0.9983042099321221,0.9947875536160423,1.0035504533043298,9,"[0.9964344386087156, 0.9987555853218614, 0.9983042099321221]"
mixed--deflists--comment-review,/private/tmp/ferromark-v2-feature-final-confirm.feature-scan-replay/configs/runtime-32091b4ab7e57b3d2d7c6a1c30555da0833951bc37fd6b40279af705ee9e38c4.json,mixed-docs-definition-lists,fresh,713.8010078803106,539.1334619696447,1.333422229926238,1.307516339066683,1.394877622263077,9,"[1.3291714996183903, 1.3902040452638658, 1.3181030440805772]"
mixed--deflists--comment-review,/private/tmp/ferromark-v2-feature-final-confirm.feature-scan-replay/configs/runtime-32091b4ab7e57b3d2d7c6a1c30555da0833951bc37fd6b40279af705ee9e38c4.json,mixed-docs-definition-lists,reuse,385.92090639664116,202.663103923476,1.8909536014537467,1.887880004796743,1.9177402955766658,9,"[1.8894041583554049, 1.9017876246119763, 1.8891273352436342]"
mixed--deflists--comment-review,/private/tmp/ferromark-v2-feature-final-confirm.feature-scan-replay/configs/runtime-32091b4ab7e57b3d2d7c6a1c30555da0833951bc37fd6b40279af705ee9e38c4.json,mixed-docs-definition-lists,parse,332.87619168086917,153.9695259385161,2.1641980915996135,2.1432567059925955,2.171165042932276,9,"[2.1660364062803064, 2.161139822288548, 2.168498559788032]"
mixed--deflists--comment-review,/private/tmp/ferromark-v2-feature-final-confirm.feature-scan-replay/configs/runtime-32091b4ab7e57b3d2d7c6a1c30555da0833951bc37fd6b40279af705ee9e38c4.json,mixed-docs-definition-lists,render,50.92808965646491,50.93945809154333,0.9977961865686364,0.9863900408307563,1.010629807723882,9,"[0.9981385936078443, 0.9955238845216822, 1.0015362561885932]"
mixed--control--comment-review,/private/tmp/ferromark-v2-feature-final-confirm.feature-scan-replay/configs/runtime-92d3aa20c19f6e36ddf6454cd4eea55f84dfaec2d4e7ab1ef73254252b27b2c8.json,mixed-docs-control,fresh,484.2575825069724,490.5739956057753,0.9858674653542009,0.9694050473280417,0.9992477633121606,9,"[0.9858674653542009, 0.9812868826620669, 0.9902356140579653]"
mixed--control--comment-review,/private/tmp/ferromark-v2-feature-final-confirm.feature-scan-replay/configs/runtime-92d3aa20c19f6e36ddf6454cd4eea55f84dfaec2d4e7ab1ef73254252b27b2c8.json,mixed-docs-control,reuse,157.31809372797744,156.35045089553734,1.009633938708431,0.9975587850679557,1.0160091967430946,9,"[1.002315890183633, 1.013687298006116, 1.007170587044583]"
mixed--control--comment-review,/private/tmp/ferromark-v2-feature-final-confirm.feature-scan-replay/configs/runtime-92d3aa20c19f6e36ddf6454cd4eea55f84dfaec2d4e7ab1ef73254252b27b2c8.json,mixed-docs-control,parse,108.2238840213326,107.24483956760467,1.0029471742992588,0.9986487631449136,1.0271437279935633,9,"[1.001045036880398, 1.009235974228552, 1.0011073458189035]"
mixed--control--comment-review,/private/tmp/ferromark-v2-feature-final-confirm.feature-scan-replay/configs/runtime-92d3aa20c19f6e36ddf6454cd4eea55f84dfaec2d4e7ab1ef73254252b27b2c8.json,mixed-docs-control,render,50.317451212443245,50.15070650255159,1.0038228037407555,0.9848246131725062,1.0204386186170276,9,"[1.0038228037407555, 0.9989129443426858, 1.0162418041055674]"
mixed--deflists--comment-table,/private/tmp/ferromark-v2-feature-final-confirm.feature-scan-replay/configs/runtime-32091b4ab7e57b3d2d7c6a1c30555da0833951bc37fd6b40279af705ee9e38c4.json,mixed-docs-definition-lists,fresh,1692.6280100108224,1532.6184742647058,1.104829913910554,1.090365382321538,1.1119799872216756,9,"[1.110230014755598, 1.0925057492843573, 1.1058048599350274]"
mixed--deflists--comment-table,/private/tmp/ferromark-v2-feature-final-confirm.feature-scan-replay/configs/runtime-32091b4ab7e57b3d2d7c6a1c30555da0833951bc37fd6b40279af705ee9e38c4.json,mixed-docs-definition-lists,reuse,1328.967580782313,1172.5353291447861,1.133413678674931,1.1174099110956233,1.1416910966834128,9,"[1.1346801559328914, 1.133165311168162, 1.133413678674931]"
mixed--deflists--comment-table,/private/tmp/ferromark-v2-feature-final-confirm.feature-scan-replay/configs/runtime-32091b4ab7e57b3d2d7c6a1c30555da0833951bc37fd6b40279af705ee9e38c4.json,mixed-docs-definition-lists,parse,1128.9006092057762,979.2996358082706,1.1531323656148573,1.1508266887408662,1.165921646447584,9,"[1.1520332543226552, 1.1531323656148573, 1.156692187167223]"
mixed--deflists--comment-table,/private/tmp/ferromark-v2-feature-final-confirm.feature-scan-replay/configs/runtime-32091b4ab7e57b3d2d7c6a1c30555da0833951bc37fd6b40279af705ee9e38c4.json,mixed-docs-definition-lists,render,207.31699449383044,208.00347776890308,0.9985442353901557,0.9939483926116605,1.0090325655933747,9,"[1.0033287757478428, 0.9985442353901557, 0.9975635547656335]"
mixed--control--comment-table,/private/tmp/ferromark-v2-feature-final-confirm.feature-scan-replay/configs/runtime-92d3aa20c19f6e36ddf6454cd4eea55f84dfaec2d4e7ab1ef73254252b27b2c8.json,mixed-docs-control,fresh,594.5987324010655,590.4851955043446,1.0062978351377685,0.9990582022202009,1.0222069301601977,9,"[1.0062978351377685, 1.007775147625163, 1.003459847606501]"
mixed--control--comment-table,/private/tmp/ferromark-v2-feature-final-confirm.feature-scan-replay/configs/runtime-92d3aa20c19f6e36ddf6454cd4eea55f84dfaec2d4e7ab1ef73254252b27b2c8.json,mixed-docs-control,reuse,265.87868491577336,257.82582288401255,1.0319409618520912,1.0262803980007638,1.0382837469698745,9,"[1.0293466133133813, 1.0319409618520912, 1.0364073750284573]"
mixed--control--comment-table,/private/tmp/ferromark-v2-feature-final-confirm.feature-scan-replay/configs/runtime-92d3aa20c19f6e36ddf6454cd4eea55f84dfaec2d4e7ab1ef73254252b27b2c8.json,mixed-docs-control,parse,200.0630801113814,193.61241636724074,1.0354470089293237,1.031969772610406,1.0422527889504911,9,"[1.0354470089293237, 1.0370937796857864, 1.0340698763264975]"
mixed--control--comment-table,/private/tmp/ferromark-v2-feature-final-confirm.feature-scan-replay/configs/runtime-92d3aa20c19f6e36ddf6454cd4eea55f84dfaec2d4e7ab1ef73254252b27b2c8.json,mixed-docs-control,render,66.62171031593758,66.5075617710905,1.0018873357418192,0.995174650663748,1.0077064945913765,9,"[1.0068594439038072, 1.0011587180564263, 1.0012114812963664]"
mixed--deflists--comment-incident,/private/tmp/ferromark-v2-feature-final-confirm.feature-scan-replay/configs/runtime-32091b4ab7e57b3d2d7c6a1c30555da0833951bc37fd6b40279af705ee9e38c4.json,mixed-docs-definition-lists,fresh,2538.375558035714,2041.768643929504,1.242881163671761,1.23447892494309,1.2556195776633572,9,"[1.242881163671761, 1.2413481034058809, 1.2443821694755632]"
mixed--deflists--comment-incident,/private/tmp/ferromark-v2-feature-final-confirm.feature-scan-replay/configs/runtime-32091b4ab7e57b3d2d7c6a1c30555da0833951bc37fd6b40279af705ee9e38c4.json,mixed-docs-definition-lists,reuse,2164.4358119806093,1655.4976851851852,1.311002501885153,1.3028049321797124,1.319109867963495,9,"[1.311002501885153, 1.3128116007074184, 1.3103661230765353]"
mixed--deflists--comment-incident,/private/tmp/ferromark-v2-feature-final-confirm.feature-scan-replay/configs/runtime-32091b4ab7e57b3d2d7c6a1c30555da0833951bc37fd6b40279af705ee9e38c4.json,mixed-docs-definition-lists,parse,1773.8498510215663,1273.2943556596092,1.395694213514385,1.3879701577168315,1.4095729301143496,9,"[1.3944381101519465, 1.3906310600954628, 1.3968413289120791]"
mixed--deflists--comment-incident,/private/tmp/ferromark-v2-feature-final-confirm.feature-scan-replay/configs/runtime-32091b4ab7e57b3d2d7c6a1c30555da0833951bc37fd6b40279af705ee9e38c4.json,mixed-docs-definition-lists,render,365.4740265434986,366.77129781741377,1.0016241305139477,0.9838986588539744,1.025270506998007,9,"[1.0016241305139477, 1.0219371831912336, 0.9856654987531293]"
mixed--control--comment-incident,/private/tmp/ferromark-v2-feature-final-confirm.feature-scan-replay/configs/runtime-92d3aa20c19f6e36ddf6454cd4eea55f84dfaec2d4e7ab1ef73254252b27b2c8.json,mixed-docs-control,fresh,1588.9889164126016,1598.9024156441717,0.9962212840512845,0.9797918732591319,1.0078710794151962,9,"[0.985766706330368, 1.0042732854050085, 0.9967150487252049]"
mixed--control--comment-incident,/private/tmp/ferromark-v2-feature-final-confirm.feature-scan-replay/configs/runtime-92d3aa20c19f6e36ddf6454cd4eea55f84dfaec2d4e7ab1ef73254252b27b2c8.json,mixed-docs-control,reuse,1233.3678472770323,1226.3848039215686,1.0087999381839923,0.9974523797158591,1.0333074856597264,9,"[1.0157133253754886, 0.9991882348479209, 1.0087999381839923]"
mixed--control--comment-incident,/private/tmp/ferromark-v2-feature-final-confirm.feature-scan-replay/configs/runtime-92d3aa20c19f6e36ddf6454cd4eea55f84dfaec2d4e7ab1ef73254252b27b2c8.json,mixed-docs-control,parse,981.3752157878217,967.6486648606812,1.016698404225042,1.009915387420774,1.0224635498361374,9,"[1.0178091734031802, 1.016698404225042, 1.0131423320981714]"
mixed--control--comment-incident,/private/tmp/ferromark-v2-feature-final-confirm.feature-scan-replay/configs/runtime-92d3aa20c19f6e36ddf6454cd4eea55f84dfaec2d4e7ab1ef73254252b27b2c8.json,mixed-docs-control,render,242.946240477301,243.92211891195754,0.9961872775451825,0.9282614059850317,1.0385314884128505,9,"[0.9941174301745952, 0.9980290926580722, 0.9931152785499191]"
mixed--deflists--legacy-node-ferromark-readme,/private/tmp/ferromark-v2-feature-final-confirm.feature-scan-replay/configs/runtime-32091b4ab7e57b3d2d7c6a1c30555da0833951bc37fd6b40279af705ee9e38c4.json,mixed-docs-definition-lists,fresh,18992.81513554217,13951.995851769912,1.35066220940013,1.3460795219189092,1.3680943110797485,9,"[1.35066220940013, 1.363096185126269, 1.3484397787650826]"
mixed--deflists--legacy-node-ferromark-readme,/private/tmp/ferromark-v2-feature-final-confirm.feature-scan-replay/configs/runtime-32091b4ab7e57b3d2d7c6a1c30555da0833951bc37fd6b40279af705ee9e38c4.json,mixed-docs-definition-lists,reuse,18601.422991071428,13611.458423913044,1.3668151353762708,1.3286525669193578,1.380126674490881,9,"[1.369497825204664, 1.3668151353762708, 1.3413461779799722]"
mixed--deflists--legacy-node-ferromark-readme,/private/tmp/ferromark-v2-feature-final-confirm.feature-scan-replay/configs/runtime-32091b4ab7e57b3d2d7c6a1c30555da0833951bc37fd6b40279af705ee9e38c4.json,mixed-docs-definition-lists,parse,13802.300164473685,8900.679154829546,1.560495202108397,1.5404469516400376,1.5667435999763348,9,"[1.560495202108397, 1.560160507625108, 1.5632798336649827]"
mixed--deflists--legacy-node-ferromark-readme,/private/tmp/ferromark-v2-feature-final-confirm.feature-scan-replay/configs/runtime-32091b4ab7e57b3d2d7c6a1c30555da0833951bc37fd6b40279af705ee9e38c4.json,mixed-docs-definition-lists,render,4631.564349112426,4626.255824704142,0.99480715969472,0.9917890622107383,1.0125433082743898,9,"[1.0040518726486445, 0.9946939551366338, 0.992154143885962]"
mixed--control--legacy-node-ferromark-readme,/private/tmp/ferromark-v2-feature-final-confirm.feature-scan-replay/configs/runtime-92d3aa20c19f6e36ddf6454cd4eea55f84dfaec2d4e7ab1ef73254252b27b2c8.json,mixed-docs-control,fresh,10436.006875,10441.814166666667,0.9996255647756264,0.9906976816787635,1.0117588339597947,9,"[0.9940809660780028, 1.0007633260662725, 1.0057465414555724]"
mixed--control--legacy-node-ferromark-readme,/private/tmp/ferromark-v2-feature-final-confirm.feature-scan-replay/configs/runtime-92d3aa20c19f6e36ddf6454cd4eea55f84dfaec2d4e7ab1ef73254252b27b2c8.json,mixed-docs-control,reuse,10035.072716346154,10010.176154458599,0.9988484157025347,0.9936167047442991,1.0089284059952068,9,"[0.9948596684412602, 0.9988484157025347, 1.0068859985472318]"
mixed--control--legacy-node-ferromark-readme,/private/tmp/ferromark-v2-feature-final-confirm.feature-scan-replay/configs/runtime-92d3aa20c19f6e36ddf6454cd4eea55f84dfaec2d4e7ab1ef73254252b27b2c8.json,mixed-docs-control,parse,6442.987011316873,6447.193287037037,1.0052844594032182,0.9933074350410948,1.0272931203472364,9,"[1.003621799446902, 1.0077950232739339, 1.0052844594032182]"
mixed--control--legacy-node-ferromark-readme,/private/tmp/ferromark-v2-feature-final-confirm.feature-scan-replay/configs/runtime-92d3aa20c19f6e36ddf6454cd4eea55f84dfaec2d4e7ab1ef73254252b27b2c8.json,mixed-docs-control,render,3487.9441266741073,3530.3065039503385,0.9921363932117784,0.9827911811810872,0.997530347012789,9,"[0.9880003684584246, 0.991601215508949, 0.9954720830993684]"
mixed--deflists--legacy-docs-markdown-extensions,/private/tmp/ferromark-v2-feature-final-confirm.feature-scan-replay/configs/runtime-32091b4ab7e57b3d2d7c6a1c30555da0833951bc37fd6b40279af705ee9e38c4.json,mixed-docs-definition-lists,fresh,8430.66061827957,6748.198410560345,1.2452064340269695,1.2316573267285305,1.2699082165739897,9,"[1.254180285931632, 1.2413102637462528, 1.2443866224888287]"
mixed--deflists--legacy-docs-markdown-extensions,/private/tmp/ferromark-v2-feature-final-confirm.feature-scan-replay/configs/runtime-32091b4ab7e57b3d2d7c6a1c30555da0833951bc37fd6b40279af705ee9e38c4.json,mixed-docs-definition-lists,reuse,8067.473421391753,6346.069458502025,1.2729383069171514,1.2582087624997071,1.284121420706655,9,"[1.2751239458976995, 1.2729383069171514, 1.260607932635976]"
mixed--deflists--legacy-docs-markdown-extensions,/private/tmp/ferromark-v2-feature-final-confirm.feature-scan-replay/configs/runtime-32091b4ab7e57b3d2d7c6a1c30555da0833951bc37fd6b40279af705ee9e38c4.json,mixed-docs-definition-lists,parse,6446.882458847736,4716.765530873494,1.3677497021344103,1.3449824794363776,1.3786924866048957,9,"[1.3643773007021356, 1.3710948984675484, 1.3761063964960636]"
mixed--deflists--legacy-docs-markdown-extensions,/private/tmp/ferromark-v2-feature-final-confirm.feature-scan-replay/configs/runtime-32091b4ab7e57b3d2d7c6a1c30555da0833951bc37fd6b40279af705ee9e38c4.json,mixed-docs-definition-lists,render,1559.8620259481038,1568.9228476405622,0.9929039707379965,0.9851842315103474,1.001584928198837,9,"[0.9895029569110116, 1.0013418947393, 0.9924269198793563]"
mixed--control--legacy-docs-markdown-extensions,/private/tmp/ferromark-v2-feature-final-confirm.feature-scan-replay/configs/runtime-92d3aa20c19f6e36ddf6454cd4eea55f84dfaec2d4e7ab1ef73254252b27b2c8.json,mixed-docs-control,fresh,4058.5463474025973,4114.261266447368,0.9878043022594238,0.9833712707479405,0.9975700822522492,9,"[0.9878043022594238, 0.9922017783488888, 0.9843114338677984]"
mixed--control--legacy-docs-markdown-extensions,/private/tmp/ferromark-v2-feature-final-confirm.feature-scan-replay/configs/runtime-92d3aa20c19f6e36ddf6454cd4eea55f84dfaec2d4e7ab1ef73254252b27b2c8.json,mixed-docs-control,reuse,3680.0091911764707,3703.797615521327,0.9938231108260818,0.9842817791167994,0.9980706036356393,9,"[0.9892853326057996, 0.9944634794813335, 0.9938047764944395]"
mixed--control--legacy-docs-markdown-extensions,/private/tmp/ferromark-v2-feature-final-confirm.feature-scan-replay/configs/runtime-92d3aa20c19f6e36ddf6454cd4eea55f84dfaec2d4e7ab1ef73254252b27b2c8.json,mixed-docs-control,parse,2578.0691927512357,2588.9771316225165,0.9958492971136744,0.9851270663202986,1.0015780453097272,9,"[0.9958492971136744, 0.9978233302800174, 0.9917151905723481]"
mixed--control--legacy-docs-markdown-extensions,/private/tmp/ferromark-v2-feature-final-confirm.feature-scan-replay/configs/runtime-92d3aa20c19f6e36ddf6454cd4eea55f84dfaec2d4e7ab1ef73254252b27b2c8.json,mixed-docs-control,render,1075.9249827942187,1085.9320708825574,0.9907847936747962,0.982495575939438,0.9950687579310612,9,"[0.9927334538386237, 0.9841657148933347, 0.9919746036866949]"
mixed--deflists--rust-book-ch03-04-comments,/private/tmp/ferromark-v2-feature-final-confirm.feature-scan-replay/configs/runtime-32091b4ab7e57b3d2d7c6a1c30555da0833951bc37fd6b40279af705ee9e38c4.json,mixed-docs-definition-lists,fresh,1642.0638458508404,1235.440340909091,1.3243419259510034,1.3094126135336452,1.3352151796144653,9,"[1.329216881494044, 1.3198990347275104, 1.3243419259510034]"
mixed--deflists--rust-book-ch03-04-comments,/private/tmp/ferromark-v2-feature-final-confirm.feature-scan-replay/configs/runtime-32091b4ab7e57b3d2d7c6a1c30555da0833951bc37fd6b40279af705ee9e38c4.json,mixed-docs-definition-lists,reuse,1267.3938564476887,858.8963770604396,1.4730330088189592,1.4497372400252293,1.4873261645020623,9,"[1.4730330088189592, 1.4728657949802084, 1.4805543573819682]"
mixed--deflists--rust-book-ch03-04-comments,/private/tmp/ferromark-v2-feature-final-confirm.feature-scan-replay/configs/runtime-32091b4ab7e57b3d2d7c6a1c30555da0833951bc37fd6b40279af705ee9e38c4.json,mixed-docs-definition-lists,parse,1020.6870509470934,612.3990865007837,1.6699602551195574,1.6547370140408733,1.6873385440781998,9,"[1.6650219790971705, 1.6666244521521922, 1.6787515359551757]"
mixed--deflists--rust-book-ch03-04-comments,/private/tmp/ferromark-v2-feature-final-confirm.feature-scan-replay/configs/runtime-32091b4ab7e57b3d2d7c6a1c30555da0833951bc37fd6b40279af705ee9e38c4.json,mixed-docs-definition-lists,render,236.31355395493043,237.75126483566646,0.9916051390569628,0.9862442468698116,1.0000406028271913,9,"[0.9916051390569628, 0.9904162883443004, 0.9943787168429066]"
mixed--control--rust-book-ch03-04-comments,/private/tmp/ferromark-v2-feature-final-confirm.feature-scan-replay/configs/runtime-92d3aa20c19f6e36ddf6454cd4eea55f84dfaec2d4e7ab1ef73254252b27b2c8.json,mixed-docs-control,fresh,1105.6962075671852,1089.2085801393728,1.0082948633062394,0.998252838586912,1.0194053959147673,9,"[1.0019027875692836, 1.0164089759566892, 1.0082948633062394]"
mixed--control--rust-book-ch03-04-comments,/private/tmp/ferromark-v2-feature-final-confirm.feature-scan-replay/configs/runtime-92d3aa20c19f6e36ddf6454cd4eea55f84dfaec2d4e7ab1ef73254252b27b2c8.json,mixed-docs-control,reuse,724.8890016233767,719.3168430740911,1.0094275347186235,1.004701470702555,1.0138244519518869,9,"[1.0089008945835287, 1.0094275347186235, 1.0103979714203883]"
mixed--control--rust-book-ch03-04-comments,/private/tmp/ferromark-v2-feature-final-confirm.feature-scan-replay/configs/runtime-92d3aa20c19f6e36ddf6454cd4eea55f84dfaec2d4e7ab1ef73254252b27b2c8.json,mixed-docs-control,parse,520.9019166666667,524.3454697986577,0.993224867793169,0.9865461666612382,0.9972219158372444,9,"[0.9934090567553143, 0.993224867793169, 0.9924950998597386]"
mixed--control--rust-book-ch03-04-comments,/private/tmp/ferromark-v2-feature-final-confirm.feature-scan-replay/configs/runtime-92d3aa20c19f6e36ddf6454cd4eea55f84dfaec2d4e7ab1ef73254252b27b2c8.json,mixed-docs-control,render,192.0192115691816,193.11645269435175,0.9947821548805397,0.9870619502157583,0.998643510777174,9,"[0.9907621440712188, 0.9941378797735801, 0.9948366696911152]"
mixed--deflists--vite-docs-api-plugin,/private/tmp/ferromark-v2-feature-final-confirm.feature-scan-replay/configs/runtime-32091b4ab7e57b3d2d7c6a1c30555da0833951bc37fd6b40279af705ee9e38c4.json,mixed-docs-definition-lists,fresh,110979.16666666667,95567.32536764706,1.1473224790270127,1.0967207299386328,1.2180501320642603,9,"[1.1329255056594911, 1.1756644634854934, 1.1585906928153593]"
mixed--deflists--vite-docs-api-plugin,/private/tmp/ferromark-v2-feature-final-confirm.feature-scan-replay/configs/runtime-32091b4ab7e57b3d2d7c6a1c30555da0833951bc37fd6b40279af705ee9e38c4.json,mixed-docs-definition-lists,reuse,110490.36458333333,94766.92830882352,1.1429346359767394,1.1023149542948796,1.2052705399835792,9,"[1.1142597840679176, 1.2029799259035234, 1.1496461097764203]"
mixed--deflists--vite-docs-api-plugin,/private/tmp/ferromark-v2-feature-final-confirm.feature-scan-replay/configs/runtime-32091b4ab7e57b3d2d7c6a1c30555da0833951bc37fd6b40279af705ee9e38c4.json,mixed-docs-definition-lists,parse,82586.69078947368,69067.19836956522,1.1980794991704202,1.127296245726014,1.2426077499955694,9,"[1.1980576040469963, 1.1980794991704202, 1.2067025583041358]"
mixed--deflists--vite-docs-api-plugin,/private/tmp/ferromark-v2-feature-final-confirm.feature-scan-replay/configs/runtime-32091b4ab7e57b3d2d7c6a1c30555da0833951bc37fd6b40279af705ee9e38c4.json,mixed-docs-definition-lists,render,15948.9163510101,16067.429209183674,0.9999387871739834,0.9843800093030334,1.0170702744434594,9,"[0.9999387871739834, 0.9924904367923439, 1.0001593898743524]"
mixed--control--vite-docs-api-plugin,/private/tmp/ferromark-v2-feature-final-confirm.feature-scan-replay/configs/runtime-92d3aa20c19f6e36ddf6454cd4eea55f84dfaec2d4e7ab1ef73254252b27b2c8.json,mixed-docs-control,fresh,73768.703125,72682.35085227272,1.0317558174688024,0.9726436896716734,1.0571819734989627,9,"[0.9822881453616703, 1.0318512624323937, 1.0384383246646594]"
mixed--control--vite-docs-api-plugin,/private/tmp/ferromark-v2-feature-final-confirm.feature-scan-replay/configs/runtime-92d3aa20c19f6e36ddf6454cd4eea55f84dfaec2d4e7ab1ef73254252b27b2c8.json,mixed-docs-control,reuse,74128.13778409091,72890.44744318182,1.0225455439091282,0.9787232031858639,1.0500442804715473,9,"[1.0225455439091282, 1.0426917396102244, 1.0143015740804064]"
mixed--control--vite-docs-api-plugin,/private/tmp/ferromark-v2-feature-final-confirm.feature-scan-replay/configs/runtime-92d3aa20c19f6e36ddf6454cd4eea55f84dfaec2d4e7ab1ef73254252b27b2c8.json,mixed-docs-control,parse,55492.816810344826,55114.04525862069,1.0015105798964594,0.9851706620140935,1.0268149836783873,9,"[1.0015105798964594, 1.01166596027845, 0.9944473941474223]"
mixed--control--vite-docs-api-plugin,/private/tmp/ferromark-v2-feature-final-confirm.feature-scan-replay/configs/runtime-92d3aa20c19f6e36ddf6454cd4eea55f84dfaec2d4e7ab1ef73254252b27b2c8.json,mixed-docs-control,render,12863.227971311475,12961.85201446281,0.9942012938464722,0.9775361804325722,1.0044269274169684,9,"[0.9942012938464722, 0.9889189082493953, 0.99986024597049]"
mixed--deflists--typescript-handbook-compiler-options,/private/tmp/ferromark-v2-feature-final-confirm.feature-scan-replay/configs/runtime-32091b4ab7e57b3d2d7c6a1c30555da0833951bc37fd6b40279af705ee9e38c4.json,mixed-docs-definition-lists,fresh,84170.16118421052,83209.70394736843,1.0024876528942386,0.9940800332071592,1.0148591903655733,9,"[1.0024765340006674, 1.0069587094202792, 1.0147914610984763]"
mixed--deflists--typescript-handbook-compiler-options,/private/tmp/ferromark-v2-feature-final-confirm.feature-scan-replay/configs/runtime-32091b4ab7e57b3d2d7c6a1c30555da0833951bc37fd6b40279af705ee9e38c4.json,mixed-docs-definition-lists,reuse,84121.02467105263,83627.2615131579,1.0030205893849735,0.8197298178860652,1.0203219201596512,9,"[0.9934794146637348, 1.0078355003435744, 0.9948903905994925]"
mixed--deflists--typescript-handbook-compiler-options,/private/tmp/ferromark-v2-feature-final-confirm.feature-scan-replay/configs/runtime-32091b4ab7e57b3d2d7c6a1c30555da0833951bc37fd6b40279af705ee9e38c4.json,mixed-docs-definition-lists,parse,24993.345238095237,25404.2127016129,0.9842802756508265,0.9769538221045365,0.9916332518664911,9,"[0.9867333872360273, 0.9842802756508265, 0.9820108362722813]"
mixed--deflists--typescript-handbook-compiler-options,/private/tmp/ferromark-v2-feature-final-confirm.feature-scan-replay/configs/runtime-32091b4ab7e57b3d2d7c6a1c30555da0833951bc37fd6b40279af705ee9e38c4.json,mixed-docs-definition-lists,render,58536.7962962963,57507.439732142855,1.0163382373811052,1.008269224193997,1.0226641032809827,9,"[1.0143409598014745, 1.0184575228162578, 1.0173146435279985]"
mixed--control--typescript-handbook-compiler-options,/private/tmp/ferromark-v2-feature-final-confirm.feature-scan-replay/configs/runtime-92d3aa20c19f6e36ddf6454cd4eea55f84dfaec2d4e7ab1ef73254252b27b2c8.json,mixed-docs-control,fresh,26796.80879237288,26959.52316810345,0.9938918451956598,0.9793649014895887,1.0057320983425821,9,"[0.9999086773769182, 0.9931401645523713, 0.9913602973479015]"
mixed--control--typescript-handbook-compiler-options,/private/tmp/ferromark-v2-feature-final-confirm.feature-scan-replay/configs/runtime-92d3aa20c19f6e36ddf6454cd4eea55f84dfaec2d4e7ab1ef73254252b27b2c8.json,mixed-docs-control,reuse,26234.9390625,26262.543229166666,1.000191030913829,0.9863854598026496,1.085865137522171,9,"[0.9954720355285682, 1.000191030913829, 1.0053111848827416]"
mixed--control--typescript-handbook-compiler-options,/private/tmp/ferromark-v2-feature-final-confirm.feature-scan-replay/configs/runtime-92d3aa20c19f6e36ddf6454cd4eea55f84dfaec2d4e7ab1ef73254252b27b2c8.json,mixed-docs-control,parse,23853.357954545456,23955.630208333332,0.9983201034092033,0.9929199583519057,1.0045723854105622,9,"[1.00049153793147, 0.9941269855351026, 0.9999596960092221]"
mixed--control--typescript-handbook-compiler-options,/private/tmp/ferromark-v2-feature-final-confirm.feature-scan-replay/configs/runtime-92d3aa20c19f6e36ddf6454cd4eea55f84dfaec2d4e7ab1ef73254252b27b2c8.json,mixed-docs-control,render,2374.4605937025794,2329.4542660208645,1.0156799266408927,0.9999392242703342,1.0261004369419933,9,"[1.0171206072000978, 1.0188826667871136, 1.0040603748473735]"
mixed--deflists--wiki-rainbow-first-paragraph,/private/tmp/ferromark-v2-feature-final-confirm.feature-scan-replay/configs/runtime-32091b4ab7e57b3d2d7c6a1c30555da0833951bc37fd6b40279af705ee9e38c4.json,mixed-docs-definition-lists,fresh,2266.500588768116,2118.1825880758806,1.0648592350494397,1.0540774628490424,1.0748361079331854,9,"[1.0563405507964514, 1.0669590109936713, 1.0728898425873827]"
mixed--deflists--wiki-rainbow-first-paragraph,/private/tmp/ferromark-v2-feature-final-confirm.feature-scan-replay/configs/runtime-32091b4ab7e57b3d2d7c6a1c30555da0833951bc37fd6b40279af705ee9e38c4.json,mixed-docs-definition-lists,reuse,1936.0077738242574,1785.5025684931506,1.0854254459591808,1.0721671153873642,1.1273005287312738,9,"[1.0854254459591808, 1.0827109089048017, 1.0864753366557671]"
mixed--deflists--wiki-rainbow-first-paragraph,/private/tmp/ferromark-v2-feature-final-confirm.feature-scan-replay/configs/runtime-32091b4ab7e57b3d2d7c6a1c30555da0833951bc37fd6b40279af705ee9e38c4.json,mixed-docs-definition-lists,parse,1404.2904312668463,1256.1273362138263,1.1156213184670283,1.0866261690852206,1.127118603774957,9,"[1.1097672383253845, 1.1190838375982255, 1.113639983999483]"
mixed--deflists--wiki-rainbow-first-paragraph,/private/tmp/ferromark-v2-feature-final-confirm.feature-scan-replay/configs/runtime-32091b4ab7e57b3d2d7c6a1c30555da0833951bc37fd6b40279af705ee9e38c4.json,mixed-docs-definition-lists,render,515.3300671777118,514.5115656898255,1.0030141448359562,0.9927924613433164,1.0072232645305383,9,"[1.0030141448359562, 0.9988138044443943, 1.0036534205646996]"
mixed--control--wiki-rainbow-first-paragraph,/private/tmp/ferromark-v2-feature-final-confirm.feature-scan-replay/configs/runtime-92d3aa20c19f6e36ddf6454cd4eea55f84dfaec2d4e7ab1ef73254252b27b2c8.json,mixed-docs-control,fresh,1876.780387154862,1876.5881227490997,1.0045728025317588,0.9892358568953086,1.014969942468507,9,"[1.0045728025317588, 0.9964828741412542, 1.0116068808548417]"
mixed--control--wiki-rainbow-first-paragraph,/private/tmp/ferromark-v2-feature-final-confirm.feature-scan-replay/configs/runtime-92d3aa20c19f6e36ddf6454cd4eea55f84dfaec2d4e7ab1ef73254252b27b2c8.json,mixed-docs-control,reuse,1505.3286212704525,1503.8912259615386,1.002597399644747,0.9939363504643363,1.0105702253762092,9,"[1.0063486630821572, 1.002597399644747, 1.0004434015816939]"
mixed--control--wiki-rainbow-first-paragraph,/private/tmp/ferromark-v2-feature-final-confirm.feature-scan-replay/configs/runtime-92d3aa20c19f6e36ddf6454cd4eea55f84dfaec2d4e7ab1ef73254252b27b2c8.json,mixed-docs-control,parse,1034.7949503311258,1032.247626321004,1.0034718012773691,0.9921435627758842,1.017780174692926,9,"[1.0034718012773691, 1.0063855031595106, 1.0031446808069946]"
mixed--control--wiki-rainbow-first-paragraph,/private/tmp/ferromark-v2-feature-final-confirm.feature-scan-replay/configs/runtime-92d3aa20c19f6e36ddf6454cd4eea55f84dfaec2d4e7ab1ef73254252b27b2c8.json,mixed-docs-control,render,469.5313251201923,466.04253653444675,1.0068098464626885,0.9988413439540843,1.0103604778161566,9,"[1.0076826751922618, 1.0078249254531324, 1.0029267467936245]"
mixed--deflists--wiki-tea-lead,/private/tmp/ferromark-v2-feature-final-confirm.feature-scan-replay/configs/runtime-32091b4ab7e57b3d2d7c6a1c30555da0833951bc37fd6b40279af705ee9e38c4.json,mixed-docs-definition-lists,fresh,18033.98886494253,17141.332540760868,1.0596396315333858,1.0414190941529384,1.06898413234981,9,"[1.0596396315333858, 1.0631957410669637, 1.0479227948430516]"
mixed--deflists--wiki-tea-lead,/private/tmp/ferromark-v2-feature-final-confirm.feature-scan-replay/configs/runtime-32091b4ab7e57b3d2d7c6a1c30555da0833951bc37fd6b40279af705ee9e38c4.json,mixed-docs-definition-lists,reuse,17758.807233146068,16631.208881578947,1.066243182508173,1.059013980401315,1.0838001057104083,9,"[1.0675527486053675, 1.066243182508173, 1.0647302332007083]"
mixed--deflists--wiki-tea-lead,/private/tmp/ferromark-v2-feature-final-confirm.feature-scan-replay/configs/runtime-32091b4ab7e57b3d2d7c6a1c30555da0833951bc37fd6b40279af705ee9e38c4.json,mixed-docs-definition-lists,parse,13191.417279411764,12083.263221153846,1.083360227655303,1.0784590050591076,1.1029880262056437,9,"[1.083360227655303, 1.0807039991997387, 1.0976536979439568]"
mixed--deflists--wiki-tea-lead,/private/tmp/ferromark-v2-feature-final-confirm.feature-scan-replay/configs/runtime-32091b4ab7e57b3d2d7c6a1c30555da0833951bc37fd6b40279af705ee9e38c4.json,mixed-docs-definition-lists,render,4495.582646848137,4459.041844729345,1.0082755105887085,1.004724336112345,1.016880419362249,9,"[1.0111924544153326, 1.0062198862510563, 1.0076125664062456]"
mixed--control--wiki-tea-lead,/private/tmp/ferromark-v2-feature-final-confirm.feature-scan-replay/configs/runtime-92d3aa20c19f6e36ddf6454cd4eea55f84dfaec2d4e7ab1ef73254252b27b2c8.json,mixed-docs-control,fresh,15065.4296875,15019.047619047618,1.0033665758176413,0.9977944967126589,1.0047655614659934,9,"[1.0033665758176413, 1.0032554724249234, 1.0035646765606234]"
mixed--control--wiki-tea-lead,/private/tmp/ferromark-v2-feature-final-confirm.feature-scan-replay/configs/runtime-92d3aa20c19f6e36ddf6454cd4eea55f84dfaec2d4e7ab1ef73254252b27b2c8.json,mixed-docs-control,reuse,14593.858506944445,14605.627044392524,0.999199720036358,0.9893606435843129,1.009615640911986,9,"[0.999199720036358, 0.9962119510575256, 1.0082087206542933]"
mixed--control--wiki-tea-lead,/private/tmp/ferromark-v2-feature-final-confirm.feature-scan-replay/configs/runtime-92d3aa20c19f6e36ddf6454cd4eea55f84dfaec2d4e7ab1ef73254252b27b2c8.json,mixed-docs-control,parse,9915.183148734177,9886.096305031446,1.000518054389045,0.9906247992776819,1.0100062881125675,9,"[1.0029421970821717, 1.00018154341868, 1.0039902549590216]"
mixed--control--wiki-tea-lead,/private/tmp/ferromark-v2-feature-final-confirm.feature-scan-replay/configs/runtime-92d3aa20c19f6e36ddf6454cd4eea55f84dfaec2d4e7ab1ef73254252b27b2c8.json,mixed-docs-control,render,4516.0190021613835,4485.374820916905,1.0096566703888699,0.9928573750584937,1.0320150315495604,9,"[1.0052523502378767, 1.0098057125415725, 1.0096566703888699]"
mixed--deflists--wiki-tea-plain-prose,/private/tmp/ferromark-v2-feature-final-confirm.feature-scan-replay/configs/runtime-32091b4ab7e57b3d2d7c6a1c30555da0833951bc37fd6b40279af705ee9e38c4.json,mixed-docs-definition-lists,fresh,37327.318452380954,20283.954326923078,1.8417850057369514,1.8009927694998278,1.8582488666146257,9,"[1.8429764514049856, 1.8417850057369514, 1.8108600311977827]"
mixed--deflists--wiki-tea-plain-prose,/private/tmp/ferromark-v2-feature-final-confirm.feature-scan-replay/configs/runtime-32091b4ab7e57b3d2d7c6a1c30555da0833951bc37fd6b40279af705ee9e38c4.json,mixed-docs-definition-lists,reuse,35803.44460227273,19305.828703703704,1.8506302544641684,1.8412359674816243,1.8692380526756343,9,"[1.8482399997603862, 1.8521111438275049, 1.8521305655639386]"
mixed--deflists--wiki-tea-plain-prose,/private/tmp/ferromark-v2-feature-final-confirm.feature-scan-replay/configs/runtime-32091b4ab7e57b3d2d7c6a1c30555da0833951bc37fd6b40279af705ee9e38c4.json,mixed-docs-definition-lists,parse,31986.73979591837,15516.643564356436,2.069449146255297,2.047803692082553,2.100312444490163,9,"[2.064461221636629, 2.070762498545116, 2.0698212878095306]"
mixed--deflists--wiki-tea-plain-prose,/private/tmp/ferromark-v2-feature-final-confirm.feature-scan-replay/configs/runtime-32091b4ab7e57b3d2d7c6a1c30555da0833951bc37fd6b40279af705ee9e38c4.json,mixed-docs-definition-lists,render,4103.951361548557,4131.713143139842,0.9966195080262493,0.9830903307031117,1.0067724541148657,9,"[0.9856290768501434, 0.9908628186816658, 1.000599935506933]"
mixed--control--wiki-tea-plain-prose,/private/tmp/ferromark-v2-feature-final-confirm.feature-scan-replay/configs/runtime-92d3aa20c19f6e36ddf6454cd4eea55f84dfaec2d4e7ab1ef73254252b27b2c8.json,mixed-docs-control,fresh,14258.013636363636,14210.487784090908,1.005207175113489,0.9942164892647897,1.0133766553300951,9,"[0.999990843830392, 1.0011733578091795, 1.0109805649384724]"
mixed--control--wiki-tea-plain-prose,/private/tmp/ferromark-v2-feature-final-confirm.feature-scan-replay/configs/runtime-92d3aa20c19f6e36ddf6454cd4eea55f84dfaec2d4e7ab1ef73254252b27b2c8.json,mixed-docs-control,reuse,13672.984510869564,13574.488146551725,1.0073473573105831,0.9970886482308995,1.0185248458738765,9,"[1.0028476182332293, 1.0176832684516137, 1.0073473573105831]"
mixed--control--wiki-tea-plain-prose,/private/tmp/ferromark-v2-feature-final-confirm.feature-scan-replay/configs/runtime-92d3aa20c19f6e36ddf6454cd4eea55f84dfaec2d4e7ab1ef73254252b27b2c8.json,mixed-docs-control,parse,9499.707954545454,9343.835193452382,1.0107607773694613,1.0018732026955968,1.0207951198342073,9,"[1.0090097798789481, 1.0136857637485042, 1.0095642027219685]"
mixed--control--wiki-tea-plain-prose,/private/tmp/ferromark-v2-feature-final-confirm.feature-scan-replay/configs/runtime-92d3aa20c19f6e36ddf6454cd4eea55f84dfaec2d4e7ab1ef73254252b27b2c8.json,mixed-docs-control,render,4125.436345646438,4163.248670212766,0.9926608659867464,0.9766319357670938,1.009857810418538,9,"[0.9894530734699449, 0.9926608659867464, 0.9952715244168995]"
mixed--deflists--wiki-chess-article-body,/private/tmp/ferromark-v2-feature-final-confirm.feature-scan-replay/configs/runtime-32091b4ab7e57b3d2d7c6a1c30555da0833951bc37fd6b40279af705ee9e38c4.json,mixed-docs-definition-lists,fresh,271883.6770833333,241222.4732142857,1.1401043752825464,1.0896207990267648,1.1547107074550216,9,"[1.1401043752825464, 1.1493394672413364, 1.115654600684681]"
mixed--deflists--wiki-chess-article-body,/private/tmp/ferromark-v2-feature-final-confirm.feature-scan-replay/configs/runtime-32091b4ab7e57b3d2d7c6a1c30555da0833951bc37fd6b40279af705ee9e38c4.json,mixed-docs-definition-lists,reuse,272435.9791666667,242366.07142857142,1.1283019849585156,1.0951915822435072,1.1723739613011037,9,"[1.1283019849585156, 1.1273769588286935, 1.1433232567249936]"
mixed--deflists--wiki-chess-article-body,/private/tmp/ferromark-v2-feature-final-confirm.feature-scan-replay/configs/runtime-32091b4ab7e57b3d2d7c6a1c30555da0833951bc37fd6b40279af705ee9e38c4.json,mixed-docs-definition-lists,parse,193334.92361111112,164762.7625,1.1778556012465742,1.1606176031431858,1.224714415056074,9,"[1.1633332283249873, 1.1828791463298791, 1.1778556012465742]"
mixed--deflists--wiki-chess-article-body,/private/tmp/ferromark-v2-feature-final-confirm.feature-scan-replay/configs/runtime-32091b4ab7e57b3d2d7c6a1c30555da0833951bc37fd6b40279af705ee9e38c4.json,mixed-docs-definition-lists,render,57877.45949074074,58128.56828703704,0.9981078380977445,0.9646679108581563,1.0050372152571194,9,"[0.9976500604256786, 1.0009262611257443, 0.9981078380977445]"
mixed--control--wiki-chess-article-body,/private/tmp/ferromark-v2-feature-final-confirm.feature-scan-replay/configs/runtime-92d3aa20c19f6e36ddf6454cd4eea55f84dfaec2d4e7ab1ef73254252b27b2c8.json,mixed-docs-control,fresh,191157.69791666666,192623.84375,0.9984001994964747,0.9538241634916683,1.0455983414551064,9,"[1.0112678561807438, 0.9896072344373159, 0.9984001994964747]"
mixed--control--wiki-chess-article-body,/private/tmp/ferromark-v2-feature-final-confirm.feature-scan-replay/configs/runtime-92d3aa20c19f6e36ddf6454cd4eea55f84dfaec2d4e7ab1ef73254252b27b2c8.json,mixed-docs-control,reuse,190206.30902777778,190005.49652777778,0.9901655375998838,0.9706784640394641,1.0320435959750567,9,"[0.9889736058633405, 0.9891678824640806, 1.002503709200518]"
mixed--control--wiki-chess-article-body,/private/tmp/ferromark-v2-feature-final-confirm.feature-scan-replay/configs/runtime-92d3aa20c19f6e36ddf6454cd4eea55f84dfaec2d4e7ab1ef73254252b27b2c8.json,mixed-docs-control,parse,118836.49553571429,121296.47596153847,0.9767231581153057,0.954689727519703,1.0374978390334937,9,"[0.9727746198876445, 0.9817121974986384, 0.9767231581153057]"
mixed--control--wiki-chess-article-body,/private/tmp/ferromark-v2-feature-final-confirm.feature-scan-replay/configs/runtime-92d3aa20c19f6e36ddf6454cd4eea55f84dfaec2d4e7ab1ef73254252b27b2c8.json,mixed-docs-control,render,53558.59375,53718.92395833333,0.9913955169920463,0.9647784401253938,1.012238388193937,9,"[0.9943411144027057, 0.9913301713097317, 0.9808286766686388]"
diagnostic--definition-near-miss-punctuation,/private/tmp/ferromark-v2-feature-final-confirm.feature-scan-replay/configs/runtime-952bd53aaa996fe4bc57828684b54cc7445e89a8940d8603c3d1f1597976555d.json,diagnostic,fresh,481.47720271102895,437.8640988372093,1.109729291670676,1.079322630180876,1.1212993320041222,9,"[1.0793524188704948, 1.1101892859206666, 1.1143161589149917]"
diagnostic--definition-near-miss-punctuation,/private/tmp/ferromark-v2-feature-final-confirm.feature-scan-replay/configs/runtime-952bd53aaa996fe4bc57828684b54cc7445e89a8940d8603c3d1f1597976555d.json,diagnostic,reuse,155.67185943415024,104.3562433213117,1.486175486493477,1.4832229251679534,1.5003476214279867,9,"[1.4851280391774386, 1.484550015570729, 1.4955939072522249]"
diagnostic--definition-near-miss-punctuation,/private/tmp/ferromark-v2-feature-final-confirm.feature-scan-replay/configs/runtime-952bd53aaa996fe4bc57828684b54cc7445e89a8940d8603c3d1f1597976555d.json,diagnostic,parse,128.4822860138135,78.41296513524364,1.63478866922805,1.6194094095044262,1.6440716686401768,9,"[1.6428494628186612, 1.63478866922805, 1.6300933364200767]"
diagnostic--definition-near-miss-punctuation,/private/tmp/ferromark-v2-feature-final-confirm.feature-scan-replay/configs/runtime-952bd53aaa996fe4bc57828684b54cc7445e89a8940d8603c3d1f1597976555d.json,diagnostic,render,27.3434082099608,27.307999121779858,0.9993814691677143,0.9892535529621975,1.0044166283787501,9,"[0.9987018846351107, 1.0030468150204268, 0.99446595764882]"
diagnostic--definition-near-miss-indented,/private/tmp/ferromark-v2-feature-final-confirm.feature-scan-replay/configs/runtime-952bd53aaa996fe4bc57828684b54cc7445e89a8940d8603c3d1f1597976555d.json,diagnostic,fresh,704.2692372690401,657.8414351851852,1.0727986309840027,1.0648659558452156,1.0808842783700217,9,"[1.0661643121769477, 1.0734881823348175, 1.0746849051449707]"
diagnostic--definition-near-miss-indented,/private/tmp/ferromark-v2-feature-final-confirm.feature-scan-replay/configs/runtime-952bd53aaa996fe4bc57828684b54cc7445e89a8940d8603c3d1f1597976555d.json,diagnostic,reuse,315.17244856797095,266.91952084045096,1.1807770655948495,1.1754012403564889,1.1896966014522736,9,"[1.1807770655948495, 1.1770488665593488, 1.181614688816469]"
diagnostic--definition-near-miss-indented,/private/tmp/ferromark-v2-feature-final-confirm.feature-scan-replay/configs/runtime-952bd53aaa996fe4bc57828684b54cc7445e89a8940d8603c3d1f1597976555d.json,diagnostic,parse,272.45917611159547,226.98259551133063,1.2006003258550542,1.1831512387073395,1.2163601848002739,9,"[1.2084556247710831, 1.193725213013922, 1.194486459086467]"
diagnostic--definition-near-miss-indented,/private/tmp/ferromark-v2-feature-final-confirm.feature-scan-replay/configs/runtime-952bd53aaa996fe4bc57828684b54cc7445e89a8940d8603c3d1f1597976555d.json,diagnostic,render,42.60078844947925,42.39946780364702,1.0045718992345487,0.9852292040512323,1.0100432929364576,9,"[1.006971449883898, 1.0045718992345487, 1.0025230484675438]"
diagnostic--definition-near-miss-blank,/private/tmp/ferromark-v2-feature-final-confirm.feature-scan-replay/configs/runtime-952bd53aaa996fe4bc57828684b54cc7445e89a8940d8603c3d1f1597976555d.json,diagnostic,fresh,723.2678158260064,652.5568632567849,1.1020063963809825,1.0888518833509975,1.1181684814200292,9,"[1.095687175313297, 1.1132120646675143, 1.108425314376397]"
diagnostic--definition-near-miss-blank,/private/tmp/ferromark-v2-feature-final-confirm.feature-scan-replay/configs/runtime-952bd53aaa996fe4bc57828684b54cc7445e89a8940d8603c3d1f1597976555d.json,diagnostic,reuse,336.5519464785699,261.29633674749164,1.2993887121034924,1.2486389700619152,1.3084905969655407,9,"[1.300311103623016, 1.2901526615198362, 1.301538211329745]"
diagnostic--definition-near-miss-blank,/private/tmp/ferromark-v2-feature-final-confirm.feature-scan-replay/configs/runtime-952bd53aaa996fe4bc57828684b54cc7445e89a8940d8603c3d1f1597976555d.json,diagnostic,parse,301.32910118588507,223.84343664947716,1.3453072254511946,1.3233292597919302,1.3624312861577887,9,"[1.3470185422019627, 1.3446891609612104, 1.3453072254511946]"
diagnostic--definition-near-miss-blank,/private/tmp/ferromark-v2-feature-final-confirm.feature-scan-replay/configs/runtime-952bd53aaa996fe4bc57828684b54cc7445e89a8940d8603c3d1f1597976555d.json,diagnostic,render,37.58627125829886,37.55465351383181,1.004606462460069,0.9845039022004765,1.0067179715731915,9,"[1.0049640142865168, 1.0032777145926413, 1.004606462460069]"
diagnostic--definition-late-after-prose,/private/tmp/ferromark-v2-feature-final-confirm.feature-scan-replay/configs/runtime-952bd53aaa996fe4bc57828684b54cc7445e89a8940d8603c3d1f1597976555d.json,diagnostic,fresh,1631.6218684759917,1464.1744206460673,1.1165166522668806,1.1029882925370602,1.1208394140389002,9,"[1.1110091667545945, 1.116726039840646, 1.1122659518490736]"
diagnostic--definition-late-after-prose,/private/tmp/ferromark-v2-feature-final-confirm.feature-scan-replay/configs/runtime-952bd53aaa996fe4bc57828684b54cc7445e89a8940d8603c3d1f1597976555d.json,diagnostic,reuse,1287.6124124794069,1118.5678910164638,1.1549658989034213,1.1464858093266808,1.1675010976754185,9,"[1.1511258483464326, 1.1549658989034213, 1.1555108815730784]"
diagnostic--definition-late-after-prose,/private/tmp/ferromark-v2-feature-final-confirm.feature-scan-replay/configs/runtime-952bd53aaa996fe4bc57828684b54cc7445e89a8940d8603c3d1f1597976555d.json,diagnostic,parse,1085.3859375,912.9840281834112,1.1902955692568578,1.1788775837422598,1.1953047372246728,9,"[1.186199354595478, 1.191084045063612, 1.1902955692568578]"
diagnostic--definition-late-after-prose,/private/tmp/ferromark-v2-feature-final-confirm.feature-scan-replay/configs/runtime-952bd53aaa996fe4bc57828684b54cc7445e89a8940d8603c3d1f1597976555d.json,diagnostic,render,187.36261241007193,189.32014023503757,0.9896905840943933,0.9777075882596704,0.996938044739662,9,"[0.9955643946323555, 0.9896905840943933, 0.9894293167672402]"
diagnostic--definition-late-after-list,/private/tmp/ferromark-v2-feature-final-confirm.feature-scan-replay/configs/runtime-952bd53aaa996fe4bc57828684b54cc7445e89a8940d8603c3d1f1597976555d.json,diagnostic,fresh,2103.6427069313595,2060.0914031620555,1.0250581445281957,1.0165685366607988,1.321629557339484,9,"[1.1906824109539642, 1.024795162896214, 1.021004576367734]"
diagnostic--definition-late-after-list,/private/tmp/ferromark-v2-feature-final-confirm.feature-scan-replay/configs/runtime-952bd53aaa996fe4bc57828684b54cc7445e89a8940d8603c3d1f1597976555d.json,diagnostic,reuse,1689.4411486486486,1637.3772905759163,1.0322555258385173,1.027708904041111,1.038257747967359,9,"[1.0338770240191568, 1.0341310911237411, 1.0295081783450666]"
diagnostic--definition-late-after-list,/private/tmp/ferromark-v2-feature-final-confirm.feature-scan-replay/configs/runtime-952bd53aaa996fe4bc57828684b54cc7445e89a8940d8603c3d1f1597976555d.json,diagnostic,parse,1328.867931547619,1282.1621974979491,1.040541480026988,1.0308719610597468,1.1838145894903567,9,"[1.0412422668274348, 1.0363393645680579, 1.0429574654010854]"
diagnostic--definition-late-after-list,/private/tmp/ferromark-v2-feature-final-confirm.feature-scan-replay/configs/runtime-952bd53aaa996fe4bc57828684b54cc7445e89a8940d8603c3d1f1597976555d.json,diagnostic,render,352.0024921153413,351.3938469754891,1.0006650571424234,0.9920529161416672,1.008967310972121,9,"[0.9995696441496009, 1.0033485416858166, 0.9981984359117757]"
diagnostic--definition-nested-list,/private/tmp/ferromark-v2-feature-final-confirm.feature-scan-replay/configs/runtime-952bd53aaa996fe4bc57828684b54cc7445e89a8940d8603c3d1f1597976555d.json,diagnostic,fresh,1330.130744680851,1261.2059120258273,1.0518249330081428,1.0396670946722348,1.0585522737020312,9,"[1.053087593365257, 1.0420611149956818, 1.0558412131638157]"
diagnostic--definition-nested-list,/private/tmp/ferromark-v2-feature-final-confirm.feature-scan-replay/configs/runtime-952bd53aaa996fe4bc57828684b54cc7445e89a8940d8603c3d1f1597976555d.json,diagnostic,reuse,930.27265625,865.624428986711,1.0732541151614816,1.0602631107157023,1.0852795880976727,9,"[1.0750053523001213, 1.0706823235110643, 1.0732541151614816]"
diagnostic--definition-nested-list,/private/tmp/ferromark-v2-feature-final-confirm.feature-scan-replay/configs/runtime-952bd53aaa996fe4bc57828684b54cc7445e89a8940d8603c3d1f1597976555d.json,diagnostic,parse,842.730795148248,776.6072937375745,1.0732615945336816,1.0571921954169141,1.087172032530648,9,"[1.0819620407115373, 1.0865120282606768, 1.0621920214050478]"
diagnostic--definition-nested-list,/private/tmp/ferromark-v2-feature-final-confirm.feature-scan-replay/configs/runtime-952bd53aaa996fe4bc57828684b54cc7445e89a8940d8603c3d1f1597976555d.json,diagnostic,render,87.11747672279215,86.49088065980294,1.0068429909844243,0.9979664851401683,1.0173672059736933,9,"[1.004239968207141, 1.0090793239222118, 1.0068429909844243]"
diagnostic--definition-nested-quote,/private/tmp/ferromark-v2-feature-final-confirm.feature-scan-replay/configs/runtime-952bd53aaa996fe4bc57828684b54cc7445e89a8940d8603c3d1f1597976555d.json,diagnostic,fresh,806.437725748194,762.2840396341463,1.059040464736078,1.0475202063813023,1.0676502975729854,9,"[1.059040464736078, 1.06188064401299, 1.058007731787372]"
diagnostic--definition-nested-quote,/private/tmp/ferromark-v2-feature-final-confirm.feature-scan-replay/configs/runtime-952bd53aaa996fe4bc57828684b54cc7445e89a8940d8603c3d1f1597976555d.json,diagnostic,reuse,420.491624058127,372.46533901334607,1.1243932622078006,1.1170632105663951,1.1399882079548285,9,"[1.1243932622078006, 1.1250894274715821, 1.123992578884635]"
diagnostic--definition-nested-quote,/private/tmp/ferromark-v2-feature-final-confirm.feature-scan-replay/configs/runtime-952bd53aaa996fe4bc57828684b54cc7445e89a8940d8603c3d1f1597976555d.json,diagnostic,parse,369.24553993383745,324.0308482790794,1.1421756760217445,1.1308185907336565,1.1460189081053649,9,"[1.1437497065898208, 1.1354906218740735, 1.1422585447257037]"
diagnostic--definition-nested-quote,/private/tmp/ferromark-v2-feature-final-confirm.feature-scan-replay/configs/runtime-952bd53aaa996fe4bc57828684b54cc7445e89a8940d8603c3d1f1597976555d.json,diagnostic,render,47.33640351873731,47.41584291740001,0.9977741945774,0.9885572076814481,1.003424875270904,9,"[0.9977741945774, 0.9956055487398473, 0.9983246232951909]"
diagnostic--definition-fenced-lookalike,/private/tmp/ferromark-v2-feature-final-confirm.feature-scan-replay/configs/runtime-952bd53aaa996fe4bc57828684b54cc7445e89a8940d8603c3d1f1597976555d.json,diagnostic,fresh,768.0999232186732,736.0211522609515,1.0433304961218832,1.0363639939760114,1.0552168724044997,9,"[1.0407842779997754, 1.0461815024216496, 1.0480924171529293]"
diagnostic--definition-fenced-lookalike,/private/tmp/ferromark-v2-feature-final-confirm.feature-scan-replay/configs/runtime-952bd53aaa996fe4bc57828684b54cc7445e89a8940d8603c3d1f1597976555d.json,diagnostic,reuse,384.8401717557252,334.5657246842218,1.1464402123372643,1.1367790744975836,1.1517011698260873,9,"[1.1464402123372643, 1.1459350993421433, 1.1504386442979373]"
diagnostic--definition-fenced-lookalike,/private/tmp/ferromark-v2-feature-final-confirm.feature-scan-replay/configs/runtime-952bd53aaa996fe4bc57828684b54cc7445e89a8940d8603c3d1f1597976555d.json,diagnostic,parse,322.8015453935137,274.05817037881445,1.1776575468189119,1.1689987849916414,1.199046536923647,9,"[1.1760277357373055, 1.1759843200743885, 1.1813566660917956]"
diagnostic--definition-fenced-lookalike,/private/tmp/ferromark-v2-feature-final-confirm.feature-scan-replay/configs/runtime-952bd53aaa996fe4bc57828684b54cc7445e89a8940d8603c3d1f1597976555d.json,diagnostic,render,63.44762861899541,62.89117528677802,1.010815543221135,1.0013906122775735,1.0135612115559152,9,"[1.010986969170719, 1.010815543221135, 1.0075506635672045]"
diagnostic--comment-inline-lookalike,/private/tmp/ferromark-v2-feature-final-confirm.feature-scan-replay/configs/runtime-85adaf6f20609bb1f898fcfaa050e313ebaf9d72e313e8a4e4a3ef2a94f6222b.json,diagnostic,fresh,441.625529810681,430.7835756615215,1.0237028708327633,1.0166605982087427,1.0420055421255452,9,"[1.0209741001504196, 1.0335039501201952, 1.0214213285777696]"
diagnostic--comment-inline-lookalike,/private/tmp/ferromark-v2-feature-final-confirm.feature-scan-replay/configs/runtime-85adaf6f20609bb1f898fcfaa050e313ebaf9d72e313e8a4e4a3ef2a94f6222b.json,diagnostic,reuse,109.26637237762237,97.41029822018578,1.1212287418397229,1.1167885664179211,1.1314202781829246,9,"[1.1221158618490679, 1.1205188848352527, 1.1212287418397229]"
diagnostic--comment-inline-lookalike,/private/tmp/ferromark-v2-feature-final-confirm.feature-scan-replay/configs/runtime-85adaf6f20609bb1f898fcfaa050e313ebaf9d72e313e8a4e4a3ef2a94f6222b.json,diagnostic,parse,82.00740166106854,68.92931288323261,1.1867787582893845,1.1739227974538162,1.2013672794014927,9,"[1.1867787582893845, 1.18937653981602, 1.1865819504389223]"
diagnostic--comment-inline-lookalike,/private/tmp/ferromark-v2-feature-final-confirm.feature-scan-replay/configs/runtime-85adaf6f20609bb1f898fcfaa050e313ebaf9d72e313e8a4e4a3ef2a94f6222b.json,diagnostic,render,28.459825006374995,28.553772363034977,0.9979032759950599,0.9902211477491636,1.0105538644778724,9,"[0.9989920398486609, 0.9979032759950599, 0.9947037165040181]"
diagnostic--comment-indented,/private/tmp/ferromark-v2-feature-final-confirm.feature-scan-replay/configs/runtime-85adaf6f20609bb1f898fcfaa050e313ebaf9d72e313e8a4e4a3ef2a94f6222b.json,diagnostic,fresh,504.1271875,501.4107013955727,1.0073203136124935,0.9385287778018869,1.0394788808773974,9,"[1.0078803479793026, 0.986080762452758, 1.0019619572248186]"
diagnostic--comment-indented,/private/tmp/ferromark-v2-feature-final-confirm.feature-scan-replay/configs/runtime-85adaf6f20609bb1f898fcfaa050e313ebaf9d72e313e8a4e4a3ef2a94f6222b.json,diagnostic,reuse,169.70636946133797,159.43353356800327,1.0569354942633586,1.050928826521293,1.0679796499912038,9,"[1.0569354942633586, 1.059134215714729, 1.0565273302670308]"
diagnostic--comment-indented,/private/tmp/ferromark-v2-feature-final-confirm.feature-scan-replay/configs/runtime-85adaf6f20609bb1f898fcfaa050e313ebaf9d72e313e8a4e4a3ef2a94f6222b.json,diagnostic,parse,142.49572257432064,130.17101851466177,1.0951763103889753,1.0796499974200715,1.111697030677772,9,"[1.0970989795414376, 1.0946808606116167, 1.0951763103889753]"
diagnostic--comment-indented,/private/tmp/ferromark-v2-feature-final-confirm.feature-scan-replay/configs/runtime-85adaf6f20609bb1f898fcfaa050e313ebaf9d72e313e8a4e4a3ef2a94f6222b.json,diagnostic,render,29.053204779568993,29.12017595560691,0.9986451199360972,0.9878124180673735,1.0045079483839838,9,"[1.0008151072768552, 0.9999966600139611, 0.997853917067891]"
diagnostic--comment-fenced,/private/tmp/ferromark-v2-feature-final-confirm.feature-scan-replay/configs/runtime-85adaf6f20609bb1f898fcfaa050e313ebaf9d72e313e8a4e4a3ef2a94f6222b.json,diagnostic,fresh,513.4002545992115,508.03473463914173,1.0072558727847931,0.998628248911674,1.0881318046996342,9,"[1.0046385711623125, 1.005645678508033, 1.034184091675942]"
diagnostic--comment-fenced,/private/tmp/ferromark-v2-feature-final-confirm.feature-scan-replay/configs/runtime-85adaf6f20609bb1f898fcfaa050e313ebaf9d72e313e8a4e4a3ef2a94f6222b.json,diagnostic,reuse,187.67218277083833,177.04866304101517,1.056878144305376,1.0437426170545274,1.071165191026983,9,"[1.047904819859452, 1.0635149193536366, 1.056878144305376]"
diagnostic--comment-fenced,/private/tmp/ferromark-v2-feature-final-confirm.feature-scan-replay/configs/runtime-85adaf6f20609bb1f898fcfaa050e313ebaf9d72e313e8a4e4a3ef2a94f6222b.json,diagnostic,parse,134.109105441593,115.91410422848665,1.1560991108055712,1.1350649709379421,1.1658453720176951,9,"[1.1554966621872353, 1.1569696917748755, 1.1560991108055712]"
diagnostic--comment-fenced,/private/tmp/ferromark-v2-feature-final-confirm.feature-scan-replay/configs/runtime-85adaf6f20609bb1f898fcfaa050e313ebaf9d72e313e8a4e4a3ef2a94f6222b.json,diagnostic,render,52.958052660566004,53.17665970426082,0.9865386037580962,0.9731597055976804,1.0038033696013233,9,"[0.9958890414533258, 0.9848152155485426, 0.9865386037580962]"
diagnostic--comment-quote,/private/tmp/ferromark-v2-feature-final-confirm.feature-scan-replay/configs/runtime-85adaf6f20609bb1f898fcfaa050e313ebaf9d72e313e8a4e4a3ef2a94f6222b.json,diagnostic,fresh,530.9447205232756,535.5462538553804,0.9847854830739703,0.9648065013038497,1.0023766396571614,9,"[0.9847854830739703, 1.0017105943434, 0.9788851271552858]"
diagnostic--comment-quote,/private/tmp/ferromark-v2-feature-final-confirm.feature-scan-replay/configs/runtime-85adaf6f20609bb1f898fcfaa050e313ebaf9d72e313e8a4e4a3ef2a94f6222b.json,diagnostic,reuse,202.20370325439958,200.77044118591803,1.0086061823144825,1.0015711623154433,1.0118634408447085,9,"[1.0055851413289931, 1.0086061823144825, 1.0093965166647334]"
diagnostic--comment-quote,/private/tmp/ferromark-v2-feature-final-confirm.feature-scan-replay/configs/runtime-85adaf6f20609bb1f898fcfaa050e313ebaf9d72e313e8a4e4a3ef2a94f6222b.json,diagnostic,parse,164.31648264984227,161.93630816664938,1.0192518099321008,1.0115577446713602,1.0236039376853674,9,"[1.0216080869253115, 1.0132246625265848, 1.0149613961541057]"
diagnostic--comment-quote,/private/tmp/ferromark-v2-feature-final-confirm.feature-scan-replay/configs/runtime-85adaf6f20609bb1f898fcfaa050e313ebaf9d72e313e8a4e4a3ef2a94f6222b.json,diagnostic,render,35.91616049879324,35.9067218092196,0.9981828533139511,0.9910001124161265,1.0024887941126133,9,"[0.9959607564778183, 1.0009619108213959, 1.0004111114319663]"
diagnostic--comment-url-path,/private/tmp/ferromark-v2-feature-final-confirm.feature-scan-replay/configs/runtime-9b571765aa93c17d75e0d9a9e5c25e62650d2a2b683df5d8a5741be1450c1809.json,diagnostic,fresh,621.8134450855551,616.9674916107383,1.011075458338185,0.9960331418800851,1.0201219071920808,9,"[1.011049435524297, 1.0192871285655247, 1.00435910730735]"
diagnostic--comment-url-path,/private/tmp/ferromark-v2-feature-final-confirm.feature-scan-replay/configs/runtime-9b571765aa93c17d75e0d9a9e5c25e62650d2a2b683df5d8a5741be1450c1809.json,diagnostic,reuse,241.61890656409463,232.7070132166791,1.0382485654162112,1.028901445895311,1.0545233098098727,9,"[1.034825214752445, 1.0382485654162112, 1.0387635486965536]"
diagnostic--comment-url-path,/private/tmp/ferromark-v2-feature-final-confirm.feature-scan-replay/configs/runtime-9b571765aa93c17d75e0d9a9e5c25e62650d2a2b683df5d8a5741be1450c1809.json,diagnostic,parse,180.02307387672812,170.4680783602444,1.0541634447191432,1.04455119615449,1.061884164329213,9,"[1.0577240766054226, 1.0560177941610098, 1.0511652124546316]"
diagnostic--comment-url-path,/private/tmp/ferromark-v2-feature-final-confirm.feature-scan-replay/configs/runtime-9b571765aa93c17d75e0d9a9e5c25e62650d2a2b683df5d8a5741be1450c1809.json,diagnostic,render,68.28687942487545,67.62588856790444,1.0060811034001653,0.9988203593718735,1.0183977357663851,9,"[1.0011993415118865, 1.0060811034001653, 1.0079489843661336]"
diagnostic--comment-url-query,/private/tmp/ferromark-v2-feature-final-confirm.feature-scan-replay/configs/runtime-85adaf6f20609bb1f898fcfaa050e313ebaf9d72e313e8a4e4a3ef2a94f6222b.json,diagnostic,fresh,648.1248055785981,641.0437218006563,1.0091845385009446,0.99831081258227,1.0317582114856099,9,"[1.0082390177256937, 1.0296546721940991, 1.0001033379332414]"
diagnostic--comment-url-query,/private/tmp/ferromark-v2-feature-final-confirm.feature-scan-replay/configs/runtime-85adaf6f20609bb1f898fcfaa050e313ebaf9d72e313e8a4e4a3ef2a94f6222b.json,diagnostic,reuse,309.2118124258013,301.26799571042994,1.0250101151297715,1.0224839420391632,1.0295471659855793,9,"[1.023475176177641, 1.0256465331398827, 1.025306494246322]"
diagnostic--comment-url-query,/private/tmp/ferromark-v2-feature-final-confirm.feature-scan-replay/configs/runtime-85adaf6f20609bb1f898fcfaa050e313ebaf9d72e313e8a4e4a3ef2a94f6222b.json,diagnostic,parse,246.3768724377168,236.39963124054464,1.0409278600915104,1.0270623270088026,1.0677185740441835,9,"[1.035746226184643, 1.0474085771435147, 1.0352502269492394]"
diagnostic--comment-url-query,/private/tmp/ferromark-v2-feature-final-confirm.feature-scan-replay/configs/runtime-85adaf6f20609bb1f898fcfaa050e313ebaf9d72e313e8a4e4a3ef2a94f6222b.json,diagnostic,render,61.055456783369806,60.57716305148484,1.006542572926996,0.996736113898234,1.01384591654571,9,"[1.006542572926996, 1.0071035263208055, 1.0042998119877884]"
diagnostic--comment-email,/private/tmp/ferromark-v2-feature-final-confirm.feature-scan-replay/configs/runtime-9b571765aa93c17d75e0d9a9e5c25e62650d2a2b683df5d8a5741be1450c1809.json,diagnostic,fresh,599.4083477176831,601.7625505390836,0.9948983793879328,0.9896097697536735,1.0023920749700344,9,"[0.9940889971415242, 0.9976324585563651, 0.9936575185229346]"
diagnostic--comment-email,/private/tmp/ferromark-v2-feature-final-confirm.feature-scan-replay/configs/runtime-9b571765aa93c17d75e0d9a9e5c25e62650d2a2b683df5d8a5741be1450c1809.json,diagnostic,reuse,223.92661310547436,218.93134370183552,1.021183986999614,1.0092231278851487,1.0351060694184906,9,"[1.021183986999614, 1.020043853576042, 1.0248534426352542]"
diagnostic--comment-email,/private/tmp/ferromark-v2-feature-final-confirm.feature-scan-replay/configs/runtime-9b571765aa93c17d75e0d9a9e5c25e62650d2a2b683df5d8a5741be1450c1809.json,diagnostic,parse,157.78967232151874,151.29935914504262,1.0414687237412183,1.0392500774998472,1.0509432431226762,9,"[1.040742249940098, 1.0423695625691858, 1.0428971623749854]"
diagnostic--comment-email,/private/tmp/ferromark-v2-feature-final-confirm.feature-scan-replay/configs/runtime-9b571765aa93c17d75e0d9a9e5c25e62650d2a2b683df5d8a5741be1450c1809.json,diagnostic,render,68.18607495854425,67.57965161541456,1.0080696154429896,0.990723300001049,1.0210941543514924,9,"[1.000703832589277, 1.0080696154429896, 1.0199281158897635]"
diagnostic--definition-crlf,/private/tmp/ferromark-v2-feature-final-confirm.feature-scan-replay/configs/runtime-952bd53aaa996fe4bc57828684b54cc7445e89a8940d8603c3d1f1597976555d.json,diagnostic,fresh,945.5945062008469,741.8976625533935,1.2743298499569191,1.266502009539293,1.2849942828691747,9,"[1.2822177022925128, 1.2735270810931134, 1.2743298499569191]"
diagnostic--definition-crlf,/private/tmp/ferromark-v2-feature-final-confirm.feature-scan-replay/configs/runtime-952bd53aaa996fe4bc57828684b54cc7445e89a8940d8603c3d1f1597976555d.json,diagnostic,reuse,562.243806205036,356.7455693493151,1.5750709483490999,1.572979626181312,1.5919321937510054,9,"[1.5807827777954557, 1.573134250053894, 1.5750709483490999]"
diagnostic--definition-crlf,/private/tmp/ferromark-v2-feature-final-confirm.feature-scan-replay/configs/runtime-952bd53aaa996fe4bc57828684b54cc7445e89a8940d8603c3d1f1597976555d.json,diagnostic,parse,502.9402759897007,301.7160166055223,1.6674099175294057,1.2954706838478132,1.9563131293502023,9,"[1.658610275640378, 1.663786106091762, 1.6729417738442742]"
diagnostic--definition-crlf,/private/tmp/ferromark-v2-feature-final-confirm.feature-scan-replay/configs/runtime-952bd53aaa996fe4bc57828684b54cc7445e89a8940d8603c3d1f1597976555d.json,diagnostic,render,52.67454764192287,53.01810086692454,0.9946885492148508,0.9865158030861679,1.018490648949847,9,"[0.9877560317747733, 0.9946885492148508, 0.9997090288164345]"
diagnostic--definition-bom,/private/tmp/ferromark-v2-feature-final-confirm.feature-scan-replay/configs/runtime-952bd53aaa996fe4bc57828684b54cc7445e89a8940d8603c3d1f1597976555d.json,diagnostic,fresh,721.8443273672056,686.9471153846154,1.0532336659733217,1.037428082532329,1.07146237163553,9,"[1.0680250807674325, 1.0493902756653175, 1.0490876002312945]"
diagnostic--definition-bom,/private/tmp/ferromark-v2-feature-final-confirm.feature-scan-replay/configs/runtime-952bd53aaa996fe4bc57828684b54cc7445e89a8940d8603c3d1f1597976555d.json,diagnostic,reuse,338.4449385423435,294.0924148315453,1.1492444058752225,1.1441855757506867,1.1573066910397836,9,"[1.1468716604039422, 1.1510444360228442, 1.1492444058752225]"
diagnostic--definition-bom,/private/tmp/ferromark-v2-feature-final-confirm.feature-scan-replay/configs/runtime-952bd53aaa996fe4bc57828684b54cc7445e89a8940d8603c3d1f1597976555d.json,diagnostic,parse,300.46430373966547,256.2224186342023,1.173606775230634,1.1669723551649127,1.1767677114616937,9,"[1.1760111097264103, 1.1726464817302886, 1.1708044931879553]"
diagnostic--definition-bom,/private/tmp/ferromark-v2-feature-final-confirm.feature-scan-replay/configs/runtime-952bd53aaa996fe4bc57828684b54cc7445e89a8940d8603c3d1f1597976555d.json,diagnostic,render,41.45050452965832,41.50421348314607,0.9992508839296239,0.992482816532457,1.0209065028293463,9,"[0.9992508839296239, 1.0142571929395576, 0.9942066865241944]"
diagnostic--definition-span-sensitive,/private/tmp/ferromark-v2-feature-final-confirm.feature-scan-replay/configs/runtime-81b932ce375744de2bb80c2092b3f6ba28c4808f0fbb3f49ecc8e4b1300c4b78.json,diagnostic,fresh,1192.3120471014493,1032.2992280383091,1.154926181919114,1.1477876613454978,1.1755085948537884,9,"[1.1498371352534094, 1.15832322196877, 1.1676482936100372]"
diagnostic--definition-span-sensitive,/private/tmp/ferromark-v2-feature-final-confirm.feature-scan-replay/configs/runtime-81b932ce375744de2bb80c2092b3f6ba28c4808f0fbb3f49ecc8e4b1300c4b78.json,diagnostic,reuse,717.3672556218448,541.9596805651872,1.3334484547110361,1.31600916799871,1.3360752574106587,9,"[1.3334484547110361, 1.3340571901334197, 1.3290684920770963]"
diagnostic--definition-span-sensitive,/private/tmp/ferromark-v2-feature-final-confirm.feature-scan-replay/configs/runtime-81b932ce375744de2bb80c2092b3f6ba28c4808f0fbb3f49ecc8e4b1300c4b78.json,diagnostic,parse,527.8094393785883,347.4148232547799,1.5140151453890673,1.505008419178226,1.5239597028503853,9,"[1.5176469226584788, 1.5067683196751984, 1.5229779922731443]"
diagnostic--definition-span-sensitive,/private/tmp/ferromark-v2-feature-final-confirm.feature-scan-replay/configs/runtime-81b932ce375744de2bb80c2092b3f6ba28c4808f0fbb3f49ecc8e4b1300c4b78.json,diagnostic,render,199.81367886828644,194.6769496698642,1.0303811042334914,1.0140928764654085,1.0349119971814655,9,"[1.0334917861342894, 1.0331785594773708, 1.0297131239231019]"
diagnostic--comment-span-sensitive,/private/tmp/ferromark-v2-feature-final-confirm.feature-scan-replay/configs/runtime-4aa832915e7c5b2ae041e9aaf6c0081d8c11b10c8ca3bc243d5c5b70a728cd8c.json,diagnostic,fresh,593.3520667236143,594.5102462913655,0.9974363365622577,0.9919300279885263,1.0056939363564577,9,"[0.9923507924146865, 1.0002980107938184, 0.9974103443480771]"
diagnostic--comment-span-sensitive,/private/tmp/ferromark-v2-feature-final-confirm.feature-scan-replay/configs/runtime-4aa832915e7c5b2ae041e9aaf6c0081d8c11b10c8ca3bc243d5c5b70a728cd8c.json,diagnostic,reuse,185.10698738450603,179.4812521536871,1.0290770462214296,1.0265077285781432,1.0331385623769391,9,"[1.029588330127296, 1.0294235240294838, 1.027130230416205]"
diagnostic--comment-span-sensitive,/private/tmp/ferromark-v2-feature-final-confirm.feature-scan-replay/configs/runtime-4aa832915e7c5b2ae041e9aaf6c0081d8c11b10c8ca3bc243d5c5b70a728cd8c.json,diagnostic,parse,100.87006164869925,96.58791030475366,1.0457686542183384,1.0319182721547806,1.3595154163671461,9,"[1.0457686542183384, 1.2246464389982217, 1.045717011596039]"
diagnostic--comment-span-sensitive,/private/tmp/ferromark-v2-feature-final-confirm.feature-scan-replay/configs/runtime-4aa832915e7c5b2ae041e9aaf6c0081d8c11b10c8ca3bc243d5c5b70a728cd8c.json,diagnostic,render,83.59015574011661,81.1292575285566,1.0310659751501285,1.0182740982821343,1.0398641858622115,9,"[1.0318661857916431, 1.0251463897006372, 1.0334676346228382]"
diagnostic--late-definition-prose-4096,/private/tmp/ferromark-v2-feature-final-confirm.feature-scan-replay/configs/runtime-952bd53aaa996fe4bc57828684b54cc7445e89a8940d8603c3d1f1597976555d.json,diagnostic-late-definition,fresh,5074.59080762987,4295.558636675824,1.1849169794371266,1.1642674684169956,1.1892334778911642,9,"[1.186270316370871, 1.1731357993702296, 1.186987685271231]"
diagnostic--late-definition-prose-4096,/private/tmp/ferromark-v2-feature-final-confirm.feature-scan-replay/configs/runtime-952bd53aaa996fe4bc57828684b54cc7445e89a8940d8603c3d1f1597976555d.json,diagnostic-late-definition,reuse,4607.732077205882,3830.4643075980393,1.194860214774647,1.1850180117062303,1.2101260136023453,9,"[1.194860214774647, 1.188486377245545, 1.2064851652358874]"
diagnostic--late-definition-prose-4096,/private/tmp/ferromark-v2-feature-final-confirm.feature-scan-replay/configs/runtime-952bd53aaa996fe4bc57828684b54cc7445e89a8940d8603c3d1f1597976555d.json,diagnostic-late-definition,parse,4056.367389896373,3299.2758438818564,1.2298498869853445,1.223574989076825,1.2382099512511895,9,"[1.229450252733552, 1.2374480992559556, 1.2280197415566405]"
diagnostic--late-definition-prose-4096,/private/tmp/ferromark-v2-feature-final-confirm.feature-scan-replay/configs/runtime-952bd53aaa996fe4bc57828684b54cc7445e89a8940d8603c3d1f1597976555d.json,diagnostic-late-definition,render,563.0893468468469,568.8573102475427,0.9898604389944714,0.9771386872999214,1.017938435860237,9,"[0.9796018104678558, 0.9829479602894322, 1.00553580078157]"
diagnostic--url-colon-definitions-4096,/private/tmp/ferromark-v2-feature-final-confirm.feature-scan-replay/configs/runtime-952bd53aaa996fe4bc57828684b54cc7445e89a8940d8603c3d1f1597976555d.json,diagnostic-url-colon,fresh,24975.467261904763,21355.99662162162,1.1804692505112757,1.1662105604786985,1.1921826215347504,9,"[1.18773385759661, 1.173011239774401, 1.1804692505112757]"
diagnostic--url-colon-definitions-4096,/private/tmp/ferromark-v2-feature-final-confirm.feature-scan-replay/configs/runtime-952bd53aaa996fe4bc57828684b54cc7445e89a8940d8603c3d1f1597976555d.json,diagnostic-url-colon,reuse,24437.01923076923,20611.979029605263,1.1771616978293258,1.1503263018791603,1.1909159210756504,9,"[1.1771616978293258, 1.1735892886441397, 1.1857641441402624]"
diagnostic--url-colon-definitions-4096,/private/tmp/ferromark-v2-feature-final-confirm.feature-scan-replay/configs/runtime-952bd53aaa996fe4bc57828684b54cc7445e89a8940d8603c3d1f1597976555d.json,diagnostic-url-colon,parse,22790.8740942029,19063.754894578313,1.197013643745283,1.1841163438961273,1.2083632686140942,9,"[1.1981258502240741, 1.197013643745283, 1.1930328911602472]"
diagnostic--url-colon-definitions-4096,/private/tmp/ferromark-v2-feature-final-confirm.feature-scan-replay/configs/runtime-952bd53aaa996fe4bc57828684b54cc7445e89a8940d8603c3d1f1597976555d.json,diagnostic-url-colon,render,1618.5367494824015,1598.9716577198365,1.0119084300113097,1.0029622347839113,1.0240768767511168,9,"[1.0047585169354671, 1.011377056301206, 1.0123615960159624]"
diagnostic--indented-definition-body-4096,/private/tmp/ferromark-v2-feature-final-confirm.feature-scan-replay/configs/runtime-952bd53aaa996fe4bc57828684b54cc7445e89a8940d8603c3d1f1597976555d.json,diagnostic-indented-definition-body,fresh,13715.75740131579,9953.034414556962,1.3821001748101396,1.3663217785472808,1.385181184614191,9,"[1.3786147522289074, 1.3821001748101396, 1.3826521630165993]"
diagnostic--indented-definition-body-4096,/private/tmp/ferromark-v2-feature-final-confirm.feature-scan-replay/configs/runtime-952bd53aaa996fe4bc57828684b54cc7445e89a8940d8603c3d1f1597976555d.json,diagnostic-indented-definition-body,reuse,13411.313835470086,9608.096817484662,1.3967090941365288,1.3860750484668962,1.4064435633661299,9,"[1.3961244303500668, 1.4037785381014618, 1.3962263579689438]"
diagnostic--indented-definition-body-4096,/private/tmp/ferromark-v2-feature-final-confirm.feature-scan-replay/configs/runtime-952bd53aaa996fe4bc57828684b54cc7445e89a8940d8603c3d1f1597976555d.json,diagnostic-indented-definition-body,parse,13038.40078125,9283.06823224852,1.4043172731832,1.3937209073793713,1.4284164415400655,9,"[1.4112645136820732, 1.4043172731832, 1.3994740081173382]"
diagnostic--indented-definition-body-4096,/private/tmp/ferromark-v2-feature-final-confirm.feature-scan-replay/configs/runtime-952bd53aaa996fe4bc57828684b54cc7445e89a8940d8603c3d1f1597976555d.json,diagnostic-indented-definition-body,render,241.5044629057187,241.2861334156887,1.0022950195680143,0.9931331878984039,1.007736696123258,9,"[0.9970054264877282, 1.0022950195680143, 1.00575333576208]"
diagnostic--multiline-definition-terms-4096,/private/tmp/ferromark-v2-feature-final-confirm.feature-scan-replay/configs/runtime-952bd53aaa996fe4bc57828684b54cc7445e89a8940d8603c3d1f1597976555d.json,diagnostic-multiline-definition-terms,fresh,9368.684505988023,7586.925120772947,1.2348460485443085,1.2303469804839893,1.23886178971972,9,"[1.2327149749166975, 1.2365072164995243, 1.2324493289358638]"
diagnostic--multiline-definition-terms-4096,/private/tmp/ferromark-v2-feature-final-confirm.feature-scan-replay/configs/runtime-952bd53aaa996fe4bc57828684b54cc7445e89a8940d8603c3d1f1597976555d.json,diagnostic-multiline-definition-terms,reuse,8973.169642857143,7186.227780963302,1.2479512888157238,1.2365597418493999,1.255562981938521,9,"[1.2464766185495446, 1.2495655778873873, 1.2387032515132193]"
diagnostic--multiline-definition-terms-4096,/private/tmp/ferromark-v2-feature-final-confirm.feature-scan-replay/configs/runtime-952bd53aaa996fe4bc57828684b54cc7445e89a8940d8603c3d1f1597976555d.json,diagnostic-multiline-definition-terms,parse,7226.430443548387,5439.430447048611,1.3284674734156925,1.3093095050427792,1.337176791472457,9,"[1.3356901331580135, 1.3233236187528072, 1.3284674734156925]"
diagnostic--multiline-definition-terms-4096,/private/tmp/ferromark-v2-feature-final-confirm.feature-scan-replay/configs/runtime-952bd53aaa996fe4bc57828684b54cc7445e89a8940d8603c3d1f1597976555d.json,diagnostic-multiline-definition-terms,render,1727.112085635359,1734.276706437292,1.000722466710083,0.9908989106235252,1.0057350166981425,9,"[1.0027620342139498, 0.9966906109966625, 0.9927593769725462]"
diagnostic--inline-colons-without-definitions-4096,/private/tmp/ferromark-v2-feature-final-confirm.feature-scan-replay/configs/runtime-952bd53aaa996fe4bc57828684b54cc7445e89a8940d8603c3d1f1597976555d.json,diagnostic-inline-colons-without-definitions,fresh,7497.85062799043,5040.519493569132,1.4882654102415118,1.4868862281200474,1.5006369248160185,9,"[1.487515451047545, 1.491435034192093, 1.4882654102415118]"
diagnostic--inline-colons-without-definitions-4096,/private/tmp/ferromark-v2-feature-final-confirm.feature-scan-replay/configs/runtime-952bd53aaa996fe4bc57828684b54cc7445e89a8940d8603c3d1f1597976555d.json,diagnostic-inline-colons-without-definitions,reuse,7142.557363013699,4610.561854719764,1.545233964199902,1.5270983696922877,1.5545658802890845,9,"[1.5469697665871063, 1.5411277894911164, 1.5440562556328363]"
diagnostic--inline-colons-without-definitions-4096,/private/tmp/ferromark-v2-feature-final-confirm.feature-scan-replay/configs/runtime-952bd53aaa996fe4bc57828684b54cc7445e89a8940d8603c3d1f1597976555d.json,diagnostic-inline-colons-without-definitions,parse,6189.455657114625,3669.1547095070423,1.6795313917421177,1.6715017368674556,1.7005457451854258,9,"[1.6795313917421177, 1.6865892966995755, 1.676391354246633]"
diagnostic--inline-colons-without-definitions-4096,/private/tmp/ferromark-v2-feature-final-confirm.feature-scan-replay/configs/runtime-952bd53aaa996fe4bc57828684b54cc7445e89a8940d8603c3d1f1597976555d.json,diagnostic-inline-colons-without-definitions,render,949.7962294957473,950.4923205596107,1.0033782742224517,0.985805232001326,1.0111229260691765,9,"[0.9942873800460694, 1.0033782742224517, 1.0058500530271113]"
diagnostic--slash-paths-without-comments-4096,/private/tmp/ferromark-v2-feature-final-confirm.feature-scan-replay/configs/runtime-85adaf6f20609bb1f898fcfaa050e313ebaf9d72e313e8a4e4a3ef2a94f6222b.json,diagnostic-slash-paths,fresh,3056.2896728515625,2318.852002967359,1.31995498467936,1.3097115367379726,1.327033507799927,9,"[1.321466248217064, 1.3247717400540393, 1.3195029290750775]"
diagnostic--slash-paths-without-comments-4096,/private/tmp/ferromark-v2-feature-final-confirm.feature-scan-replay/configs/runtime-85adaf6f20609bb1f898fcfaa050e313ebaf9d72e313e8a4e4a3ef2a94f6222b.json,diagnostic-slash-paths,reuse,2661.5314094387754,1917.3201303680983,1.3927136725414873,1.3685732864731497,1.4472130166517398,9,"[1.4173682272214636, 1.3969375566788949, 1.3857512001052863]"
diagnostic--slash-paths-without-comments-4096,/private/tmp/ferromark-v2-feature-final-confirm.feature-scan-replay/configs/runtime-85adaf6f20609bb1f898fcfaa050e313ebaf9d72e313e8a4e4a3ef2a94f6222b.json,diagnostic-slash-paths,parse,2401.429675499232,1667.1775053304905,1.4463427897494892,1.4316087178974586,1.4689404047392054,9,"[1.4466058342452583, 1.4463427897494892, 1.4440845682427972]"
diagnostic--slash-paths-without-comments-4096,/private/tmp/ferromark-v2-feature-final-confirm.feature-scan-replay/configs/runtime-85adaf6f20609bb1f898fcfaa050e313ebaf9d72e313e8a4e4a3ef2a94f6222b.json,diagnostic-slash-paths,render,230.06616239693759,231.56610291938352,0.9975458844003846,0.986962446277152,1.080138314420894,9,"[0.9910815474340013, 1.0005856064390721, 1.0616655340086527]"
diagnostic--late-definition-prose-65536,/private/tmp/ferromark-v2-feature-final-confirm.feature-scan-replay/configs/runtime-952bd53aaa996fe4bc57828684b54cc7445e89a8940d8603c3d1f1597976555d.json,diagnostic-late-definition,fresh,70364.52581521739,57980.14397321428,1.1993215332292837,1.1922555765100773,1.2218409537580404,9,"[1.1978961385977118, 1.1993215332292837, 1.213946534342394]"
diagnostic--late-definition-prose-65536,/private/tmp/ferromark-v2-feature-final-confirm.feature-scan-replay/configs/runtime-952bd53aaa996fe4bc57828684b54cc7445e89a8940d8603c3d1f1597976555d.json,diagnostic-late-definition,reuse,68883.32201086957,57053.431919642855,1.203888668789984,1.1859648034194488,1.2114780453147642,9,"[1.202937390612872, 1.2095452012111487, 1.203888668789984]"
diagnostic--late-definition-prose-65536,/private/tmp/ferromark-v2-feature-final-confirm.feature-scan-replay/configs/runtime-952bd53aaa996fe4bc57828684b54cc7445e89a8940d8603c3d1f1597976555d.json,diagnostic-late-definition,parse,60516.62620192308,48955.0380859375,1.2385093783528975,1.2228658237708405,1.6282408039143061,9,"[1.2387992847669578, 1.241114728179635, 1.236754769179223]"
diagnostic--late-definition-prose-65536,/private/tmp/ferromark-v2-feature-final-confirm.feature-scan-replay/configs/runtime-952bd53aaa996fe4bc57828684b54cc7445e89a8940d8603c3d1f1597976555d.json,diagnostic-late-definition,render,8524.222995923914,8498.995244565218,1.0045939517317095,0.9905265342567554,1.0063306303110855,9,"[0.9981074616657881, 1.0046406732730921, 1.004909497256227]"
diagnostic--url-colon-definitions-65536,/private/tmp/ferromark-v2-feature-final-confirm.feature-scan-replay/configs/runtime-952bd53aaa996fe4bc57828684b54cc7445e89a8940d8603c3d1f1597976555d.json,diagnostic-url-colon,fresh,393021.8125,331627.34375,1.1900516847441858,1.1851309004129729,1.1970223799452748,9,"[1.1883579877810997, 1.1915268351564738, 1.191822939619666]"
diagnostic--url-colon-definitions-65536,/private/tmp/ferromark-v2-feature-final-confirm.feature-scan-replay/configs/runtime-952bd53aaa996fe4bc57828684b54cc7445e89a8940d8603c3d1f1597976555d.json,diagnostic-url-colon,reuse,391050.2625,330312.5,1.1876721579260787,1.1821819545641792,1.1913505358665142,9,"[1.1876721579260787, 1.1877572052938492, 1.1852766702842672]"
diagnostic--url-colon-definitions-65536,/private/tmp/ferromark-v2-feature-final-confirm.feature-scan-replay/configs/runtime-952bd53aaa996fe4bc57828684b54cc7445e89a8940d8603c3d1f1597976555d.json,diagnostic-url-colon,parse,360790.625,300583.546875,1.1971150075943424,1.1852513900185055,1.2103321263520854,9,"[1.2056648987975378, 1.1950160250946162, 1.2013067680744196]"
diagnostic--url-colon-definitions-65536,/private/tmp/ferromark-v2-feature-final-confirm.feature-scan-replay/configs/runtime-952bd53aaa996fe4bc57828684b54cc7445e89a8940d8603c3d1f1597976555d.json,diagnostic-url-colon,render,25628.927254098362,25286.71068548387,1.0125401929378905,1.0050046849205052,1.0212172459474393,9,"[1.013800379760618, 1.0115864159693246, 1.0077436947647649]"
diagnostic--indented-definition-body-65536,/private/tmp/ferromark-v2-feature-final-confirm.feature-scan-replay/configs/runtime-952bd53aaa996fe4bc57828684b54cc7445e89a8940d8603c3d1f1597976555d.json,diagnostic-indented-definition-body,fresh,195713.8671875,139361.00260416666,1.4043660961839872,1.3938638490892075,1.42026645613519,9,"[1.402674133279577, 1.4011708198403874, 1.4053881046699772]"
diagnostic--indented-definition-body-65536,/private/tmp/ferromark-v2-feature-final-confirm.feature-scan-replay/configs/runtime-952bd53aaa996fe4bc57828684b54cc7445e89a8940d8603c3d1f1597976555d.json,diagnostic-indented-definition-body,reuse,191768.66319444444,137331.81510416666,1.396947630953801,1.3917197791825688,1.419453710195314,9,"[1.3935044229012397, 1.3972563229190897, 1.396947630953801]"
diagnostic--indented-definition-body-65536,/private/tmp/ferromark-v2-feature-final-confirm.feature-scan-replay/configs/runtime-952bd53aaa996fe4bc57828684b54cc7445e89a8940d8603c3d1f1597976555d.json,diagnostic-indented-definition-body,parse,192119.35763888888,134912.65364583334,1.4164613456211836,1.406926534890696,1.4306522819218197,9,"[1.4294164075107547, 1.4164613456211836, 1.407471707270794]"
diagnostic--indented-definition-body-65536,/private/tmp/ferromark-v2-feature-final-confirm.feature-scan-replay/configs/runtime-952bd53aaa996fe4bc57828684b54cc7445e89a8940d8603c3d1f1597976555d.json,diagnostic-indented-definition-body,render,3206.3054559426228,3117.164155876494,1.0034737659690138,0.9750638909434295,1.0286234416902045,9,"[1.0024385538032103, 1.0277992625982386, 0.9848332475106255]"
diagnostic--multiline-definition-terms-65536,/private/tmp/ferromark-v2-feature-final-confirm.feature-scan-replay/configs/runtime-952bd53aaa996fe4bc57828684b54cc7445e89a8940d8603c3d1f1597976555d.json,diagnostic-multiline-definition-terms,fresh,139848.95833333334,111893.50892857143,1.2461681998797094,1.2410190407440171,1.2637852371287348,9,"[1.2446261584991145, 1.2566860551259686, 1.2451924386351674]"
diagnostic--multiline-definition-terms-65536,/private/tmp/ferromark-v2-feature-final-confirm.feature-scan-replay/configs/runtime-952bd53aaa996fe4bc57828684b54cc7445e89a8940d8603c3d1f1597976555d.json,diagnostic-multiline-definition-terms,reuse,139557.8359375,111024.21875,1.2500748296426514,1.2377022538083124,1.2741530881867171,9,"[1.2500748296426514, 1.2492220495944883, 1.2644058048520757]"
diagnostic--multiline-definition-terms-65536,/private/tmp/ferromark-v2-feature-final-confirm.feature-scan-replay/configs/runtime-952bd53aaa996fe4bc57828684b54cc7445e89a8940d8603c3d1f1597976555d.json,diagnostic-multiline-definition-terms,parse,112909.04017857143,84838.47203947368,1.3311696634725894,1.317130108403691,1.343744765356454,9,"[1.331350466650554, 1.3311696634725894, 1.3271518595522966]"
diagnostic--multiline-definition-terms-65536,/private/tmp/ferromark-v2-feature-final-confirm.feature-scan-replay/configs/runtime-952bd53aaa996fe4bc57828684b54cc7445e89a8940d8603c3d1f1597976555d.json,diagnostic-multiline-definition-terms,render,27415.63870614035,27392.174030172413,1.0008517081424009,0.9848644869361418,1.0088802155377603,9,"[1.0059385258055877, 1.0008310405955956, 1.0008517081424009]"
diagnostic--inline-colons-without-definitions-65536,/private/tmp/ferromark-v2-feature-final-confirm.feature-scan-replay/configs/runtime-952bd53aaa996fe4bc57828684b54cc7445e89a8940d8603c3d1f1597976555d.json,diagnostic-inline-colons-without-definitions,fresh,117871.09375,76739.15029761905,1.5359968580947023,1.5199283397639107,1.5439383247516447,9,"[1.5423862368513643, 1.5359754727309043, 1.520478798882438]"
diagnostic--inline-colons-without-definitions-65536,/private/tmp/ferromark-v2-feature-final-confirm.feature-scan-replay/configs/runtime-952bd53aaa996fe4bc57828684b54cc7445e89a8940d8603c3d1f1597976555d.json,diagnostic-inline-colons-without-definitions,reuse,116896.11160714286,76078.0625,1.5365285046151491,1.5235710747494267,1.543657219693782,9,"[1.5365285046151491, 1.5413228144715139, 1.5255892236257278]"
diagnostic--inline-colons-without-definitions-65536,/private/tmp/ferromark-v2-feature-final-confirm.feature-scan-replay/configs/runtime-952bd53aaa996fe4bc57828684b54cc7445e89a8940d8603c3d1f1597976555d.json,diagnostic-inline-colons-without-definitions,parse,99028.970703125,58432.04976851852,1.6936311777974662,1.6820018647387025,1.710982513423432,9,"[1.6936311777974662, 1.695912114778144, 1.690912088011185]"
diagnostic--inline-colons-without-definitions-65536,/private/tmp/ferromark-v2-feature-final-confirm.feature-scan-replay/configs/runtime-952bd53aaa996fe4bc57828684b54cc7445e89a8940d8603c3d1f1597976555d.json,diagnostic-inline-colons-without-definitions,render,17522.612847222223,17281.521978021978,1.011248681863231,1.0066937738311534,1.0191424462708671,9,"[1.00870765155437, 1.0153415505361656, 1.0088027754922402]"
diagnostic--slash-paths-without-comments-65536,/private/tmp/ferromark-v2-feature-final-confirm.feature-scan-replay/configs/runtime-85adaf6f20609bb1f898fcfaa050e313ebaf9d72e313e8a4e4a3ef2a94f6222b.json,diagnostic-slash-paths,fresh,41385.07401315789,29719.70813679245,1.3933638955773766,1.3767930388561085,1.402020540365308,9,"[1.3805440142491128, 1.3925128006867582, 1.3975974247508862]"
diagnostic--slash-paths-without-comments-65536,/private/tmp/ferromark-v2-feature-final-confirm.feature-scan-replay/configs/runtime-85adaf6f20609bb1f898fcfaa050e313ebaf9d72e313e8a4e4a3ef2a94f6222b.json,diagnostic-slash-paths,reuse,40859.375,29130.184027777777,1.4002201808603223,1.3927715341613784,1.407042595699506,9,"[1.3929144466775285, 1.4028773159207941, 1.4002201808603223]"
diagnostic--slash-paths-without-comments-65536,/private/tmp/ferromark-v2-feature-final-confirm.feature-scan-replay/configs/runtime-85adaf6f20609bb1f898fcfaa050e313ebaf9d72e313e8a4e4a3ef2a94f6222b.json,diagnostic-slash-paths,parse,37597.50148809524,25781.506147540982,1.4568037078618197,1.4406632867247828,1.4743445020237809,9,"[1.4467912399819163, 1.4568037078618197, 1.4699530551254543]"
diagnostic--slash-paths-without-comments-65536,/private/tmp/ferromark-v2-feature-final-confirm.feature-scan-replay/configs/runtime-85adaf6f20609bb1f898fcfaa050e313ebaf9d72e313e8a4e4a3ef2a94f6222b.json,diagnostic-slash-paths,render,3498.849412751678,3496.0034256152126,1.0015599698164501,0.9825051736342174,1.032750706754914,9,"[0.9984345488043547, 1.0015599698164501, 1.0221943501489705]"
control--definition_lists-plain-300,/private/tmp/ferromark-v2-feature-final-confirm.feature-scan-replay/configs/runtime-424afa22d39b03f833a14726521368b5583e2bf18080893a9448f8ef5640fba6.json,feature-off-plain,fresh,502.65400852364104,503.93900153176395,0.998210053448809,0.991209162446098,1.0086472615686202,9,"[0.9953841503890827, 0.997450102087322, 1.0083290576705326]"
control--definition_lists-plain-300,/private/tmp/ferromark-v2-feature-final-confirm.feature-scan-replay/configs/runtime-424afa22d39b03f833a14726521368b5583e2bf18080893a9448f8ef5640fba6.json,feature-off-plain,reuse,169.06459618089366,167.29874866167023,1.011013781105417,0.9574735051660197,1.3410644674347674,9,"[1.0109810879945054, 1.02500803553035, 1.0102463462481128]"
control--definition_lists-plain-300,/private/tmp/ferromark-v2-feature-final-confirm.feature-scan-replay/configs/runtime-424afa22d39b03f833a14726521368b5583e2bf18080893a9448f8ef5640fba6.json,feature-off-plain,parse,118.01693967145015,115.43772855718085,1.0223428782470518,1.0108352775551168,1.0302331631446981,9,"[1.022379812846393, 1.0223428782470518, 1.0163347620534469]"
control--definition_lists-plain-300,/private/tmp/ferromark-v2-feature-final-confirm.feature-scan-replay/configs/runtime-424afa22d39b03f833a14726521368b5583e2bf18080893a9448f8ef5640fba6.json,feature-off-plain,render,52.37137590078767,52.16814820379273,1.003984194074055,0.9986412322456341,1.0066205312147285,9,"[1.0000250478039017, 1.0046610812429255, 1.0050475778098744]"
control--definition_lists-plain-4096,/private/tmp/ferromark-v2-feature-final-confirm.feature-scan-replay/configs/runtime-424afa22d39b03f833a14726521368b5583e2bf18080893a9448f8ef5640fba6.json,feature-off-plain,fresh,2162.364237551867,2147.169385302198,1.0056102266962101,0.9985506298534284,1.0209195153387924,9,"[1.003264269564523, 1.0025119367628395, 1.011378890167858]"
control--definition_lists-plain-4096,/private/tmp/ferromark-v2-feature-final-confirm.feature-scan-replay/configs/runtime-424afa22d39b03f833a14726521368b5583e2bf18080893a9448f8ef5640fba6.json,feature-off-plain,reuse,1752.716577914798,1722.33359719163,1.0176835609230008,1.005469321198593,1.0317864290543528,9,"[1.015381116534113, 1.0196773240490258, 1.0190256583711115]"
control--definition_lists-plain-4096,/private/tmp/ferromark-v2-feature-final-confirm.feature-scan-replay/configs/runtime-424afa22d39b03f833a14726521368b5583e2bf18080893a9448f8ef5640fba6.json,feature-off-plain,parse,1210.7983152594888,1185.5952911608497,1.0207022116404771,1.0134082221229108,1.029414203932201,9,"[1.0210065064304226, 1.0193646017490638, 1.028948452851233]"
control--definition_lists-plain-4096,/private/tmp/ferromark-v2-feature-final-confirm.feature-scan-replay/configs/runtime-424afa22d39b03f833a14726521368b5583e2bf18080893a9448f8ef5640fba6.json,feature-off-plain,render,533.5394332536702,534.2801816239316,1.0000999615890747,0.9920904738989851,1.0109262502297787,9,"[0.9989319329958126, 1.0072102850416387, 1.0000999615890747]"
control--definition_lists-plain-65536,/private/tmp/ferromark-v2-feature-final-confirm.feature-scan-replay/configs/runtime-424afa22d39b03f833a14726521368b5583e2bf18080893a9448f8ef5640fba6.json,feature-off-plain,fresh,28104.77120535714,27642.81798245614,1.0125247519893728,1.0081693686252693,1.0258571207457259,9,"[1.0125247519893728, 1.01691999780353, 1.0123963297990937]"
control--definition_lists-plain-65536,/private/tmp/ferromark-v2-feature-final-confirm.feature-scan-replay/configs/runtime-424afa22d39b03f833a14726521368b5583e2bf18080893a9448f8ef5640fba6.json,feature-off-plain,reuse,27436.974780701756,27011.314655172413,1.0165383181685204,1.004555596501053,1.023963654686787,9,"[1.009694557986341, 1.019128701513623, 1.0165529372930593]"
control--definition_lists-plain-65536,/private/tmp/ferromark-v2-feature-final-confirm.feature-scan-replay/configs/runtime-424afa22d39b03f833a14726521368b5583e2bf18080893a9448f8ef5640fba6.json,feature-off-plain,parse,18980.73531626506,18590.716911764706,1.0235524003551928,1.009724679524771,1.0377342159390572,9,"[1.0352684141079878, 1.0188257752123966, 1.0239491287676177]"
control--definition_lists-plain-65536,/private/tmp/ferromark-v2-feature-final-confirm.feature-scan-replay/configs/runtime-424afa22d39b03f833a14726521368b5583e2bf18080893a9448f8ef5640fba6.json,feature-off-plain,render,8368.510360962568,8457.059290540541,0.998859336821402,0.9450690391703582,1.0109038056942223,9,"[0.9458888143473887, 1.0061969564113287, 1.0036631545001553]"
control--line_comments-plain-300,/private/tmp/ferromark-v2-feature-final-confirm.feature-scan-replay/configs/runtime-b552b1b4e099e6cf4fb60158b4b0623cd3b7d34dfb5ebbee0111cee2a3dd4b67.json,feature-off-plain,fresh,505.2310661170385,503.4234254188144,0.9945008228160901,0.9822434071144728,1.0123036357919433,9,"[1.0100920636499273, 0.9945008228160901, 0.9844126738667012]"
control--line_comments-plain-300,/private/tmp/ferromark-v2-feature-final-confirm.feature-scan-replay/configs/runtime-b552b1b4e099e6cf4fb60158b4b0623cd3b7d34dfb5ebbee0111cee2a3dd4b67.json,feature-off-plain,reuse,168.7148260364932,166.71681625413422,1.0129986663441193,1.00936121482678,1.018496221201022,9,"[1.014726160337317, 1.0157903276221847, 1.0102333966278059]"
control--line_comments-plain-300,/private/tmp/ferromark-v2-feature-final-confirm.feature-scan-replay/configs/runtime-b552b1b4e099e6cf4fb60158b4b0623cd3b7d34dfb5ebbee0111cee2a3dd4b67.json,feature-off-plain,parse,117.59464601520169,115.31711254612546,1.025322809803132,1.0134741855146865,1.0333055171448295,9,"[1.0317848094144628, 1.025322809803132, 1.0164642244943818]"
control--line_comments-plain-300,/private/tmp/ferromark-v2-feature-final-confirm.feature-scan-replay/configs/runtime-b552b1b4e099e6cf4fb60158b4b0623cd3b7d34dfb5ebbee0111cee2a3dd4b67.json,feature-off-plain,render,52.28291988723817,51.95500831255195,1.0070141612924672,0.994362386439236,1.0168450213077285,9,"[1.0006676093853608, 1.0081300299747087, 1.0070141612924672]"
control--line_comments-plain-4096,/private/tmp/ferromark-v2-feature-final-confirm.feature-scan-replay/configs/runtime-b552b1b4e099e6cf4fb60158b4b0623cd3b7d34dfb5ebbee0111cee2a3dd4b67.json,feature-off-plain,fresh,2163.365534232365,2143.08647260274,1.0074404847293503,1.0013858817211805,1.0188569054033383,9,"[1.0074404847293503, 1.0093746666457366, 1.002911747520433]"
control--line_comments-plain-4096,/private/tmp/ferromark-v2-feature-final-confirm.feature-scan-replay/configs/runtime-b552b1b4e099e6cf4fb60158b4b0623cd3b7d34dfb5ebbee0111cee2a3dd4b67.json,feature-off-plain,reuse,1742.7158932552954,1724.3114663726572,1.0123674663848243,1.007441379124778,1.0197815842565816,9,"[1.0114140749165557, 1.0125435688797668, 1.0123674663848243]"
control--line_comments-plain-4096,/private/tmp/ferromark-v2-feature-final-confirm.feature-scan-replay/configs/runtime-b552b1b4e099e6cf4fb60158b4b0623cd3b7d34dfb5ebbee0111cee2a3dd4b67.json,feature-off-plain,parse,1216.8014348249028,1185.2857752084913,1.0223374982723512,1.0188279483683893,1.0333104375943536,9,"[1.0240789322294253, 1.0223057878479016, 1.0223374982723512]"
control--line_comments-plain-4096,/private/tmp/ferromark-v2-feature-final-confirm.feature-scan-replay/configs/runtime-b552b1b4e099e6cf4fb60158b4b0623cd3b7d34dfb5ebbee0111cee2a3dd4b67.json,feature-off-plain,render,535.6332676490747,534.0579823137389,1.0012764539192824,0.9939289628361971,1.007979779248546,9,"[0.9993282357299368, 1.003176946066196, 1.0077502846915347]"
control--line_comments-plain-65536,/private/tmp/ferromark-v2-feature-final-confirm.feature-scan-replay/configs/runtime-b552b1b4e099e6cf4fb60158b4b0623cd3b7d34dfb5ebbee0111cee2a3dd4b67.json,feature-off-plain,fresh,27903.11104910714,27516.790021929824,1.0173712428478885,1.0094855527356854,1.023928415772012,9,"[1.0195639424745981, 1.0188278400894146, 1.010460143922768]"
control--line_comments-plain-65536,/private/tmp/ferromark-v2-feature-final-confirm.feature-scan-replay/configs/runtime-b552b1b4e099e6cf4fb60158b4b0623cd3b7d34dfb5ebbee0111cee2a3dd4b67.json,feature-off-plain,reuse,27119.050646551725,26804.53283898305,1.0161831298172828,1.002760783171712,1.026334543561981,9,"[1.0173824062583436, 1.0130639775494523, 1.0161831298172828]"
control--line_comments-plain-65536,/private/tmp/ferromark-v2-feature-final-confirm.feature-scan-replay/configs/runtime-b552b1b4e099e6cf4fb60158b4b0623cd3b7d34dfb5ebbee0111cee2a3dd4b67.json,feature-off-plain,parse,18991.560240963856,18594.454779411764,1.0211906948346092,1.0160578120352022,1.0347339665459074,9,"[1.0211906948346092, 1.0288154151308992, 1.0207073985550053]"
control--line_comments-plain-65536,/private/tmp/ferromark-v2-feature-final-confirm.feature-scan-replay/configs/runtime-b552b1b4e099e6cf4fb60158b4b0623cd3b7d34dfb5ebbee0111cee2a3dd4b67.json,feature-off-plain,render,8443.961357526881,8441.896337365592,0.9994371482738724,0.9772615994425469,1.379726686889358,9,"[0.9989490420688636, 1.0002446156738682, 1.1895848948279892]"
