name,group,feature,workload,document,target_bytes,byte_count,mode,off_ns,on_ns,on_over_off,ratio_min,ratio_max,pairs,round_ratios,html_equal,ast_equal,off_html_bytes,on_html_bytes
parser.footnotes-plain-300,feature,parser.footnotes,plain,,300,330,parse,116.89804155740097,117.48037331393564,1.0036341865652951,0.9906545940021448,1.0134585832834524,6,"[1.003038988672793, 1.0056648163315967]",True,True,342,342
parser.footnotes-plain-300,feature,parser.footnotes,plain,,300,330,render,52.58241435452163,52.27340238198886,0.9903439026223589,0.9843937127250568,1.0089334186280277,6,"[0.9933821697035825, 0.9853491155806104]",True,True,342,342
parser.footnotes-plain-300,feature,parser.footnotes,plain,,300,330,fresh,500.1391276463832,501.96159494258336,1.0005461558736155,0.9946085450453106,1.0159615810646336,6,"[0.996322326600444, 1.004769985146787]",True,True,342,342
parser.footnotes-plain-300,feature,parser.footnotes,plain,,300,330,reuse,167.35257990301804,167.03204888715257,0.9986334806936875,0.9959662122008335,1.023451616238869,6,"[0.99831984981727, 0.9989471115701051]",True,True,342,342
parser.footnotes-active-300,feature,parser.footnotes,active,,300,300,parse,2276.5816867110707,3127.9669620646764,1.3747208496647243,1.360889837046268,1.4030853497317561,6,"[1.3610980336321161, 1.377614418026365]",False,False,450,1126
parser.footnotes-active-300,feature,parser.footnotes,active,,300,300,render,432.00607994691757,789.1642621245546,1.8276596836708523,1.8125514347756468,1.8321144863307797,6,"[1.8254664649052827, 1.829984763058817]",False,False,450,1126
parser.footnotes-active-300,feature,parser.footnotes,active,,300,300,fresh,3081.1268472906404,4404.498679577465,1.4282558825156113,1.3789193528606403,1.4594242679403473,6,"[1.429634046351018, 1.4270414141163221]",False,False,450,1126
parser.footnotes-active-300,feature,parser.footnotes,active,,300,300,reuse,2703.618938577586,3884.9482245897552,1.434595748085687,1.422180222832492,1.4584545374289815,6,"[1.4367270532803007, 1.4282206756095543]",False,False,450,1126
parser.footnotes-plain-4096,feature,parser.footnotes,plain,,4096,4125,parse,1192.6091788199114,1188.5990139039486,1.0001872601621162,0.9735607928030708,1.0192852948495281,6,"[0.9958218371184281, 1.013101750950312]",True,True,4275,4275
parser.footnotes-plain-4096,feature,parser.footnotes,plain,,4096,4125,render,527.7144697222452,531.0473855751359,1.0035064311597908,0.9870434922062887,1.0088627523185452,6,"[1.0055852686786433, 0.9992422404462442]",True,True,4275,4275
parser.footnotes-plain-4096,feature,parser.footnotes,plain,,4096,4125,fresh,2162.173684338086,2171.7919779902077,0.9985819841421573,0.9877843168443649,1.016699832353491,6,"[1.0018577047994863, 0.9927886798155823]",True,True,4275,4275
parser.footnotes-plain-4096,feature,parser.footnotes,plain,,4096,4125,reuse,1728.981439917127,1739.328342013889,1.0064567446236468,1.0006849105629116,1.0125093657619897,6,"[1.005618268728371, 1.0072952205189223]",True,True,4275,4275
parser.footnotes-active-4096,feature,parser.footnotes,active,,4096,4100,parse,28806.049005681816,40292.27734375,1.3984221454773738,1.379680663082617,1.4386047820133847,6,"[1.4115637945267931, 1.3809413702102311]",False,False,6150,15487
parser.footnotes-active-4096,feature,parser.footnotes,active,,4096,4100,render,5792.347800925926,10700.966622528249,1.845646026202291,1.7916203309634107,1.8755394315353415,6,"[1.8342324308422682, 1.8570596215623139]",False,False,6150,15487
parser.footnotes-active-4096,feature,parser.footnotes,active,,4096,4100,fresh,35412.28993055556,53005.641927083336,1.4954599564130295,1.4845172942287177,1.5108910507632238,6,"[1.4986124865769561, 1.4923074262491032]",False,False,6150,15487
parser.footnotes-active-4096,feature,parser.footnotes,active,,4096,4100,reuse,34973.70837902047,50986.17788461538,1.4533443131531212,1.4088248899717584,1.514375532612279,6,"[1.410030862628557, 1.5003423678758907]",False,False,6150,15487
parser.footnotes-plain-65536,feature,parser.footnotes,plain,,65536,65670,parse,18788.086397058825,18703.335477941175,0.999665283731062,0.9913747117013313,1.0045118467098448,6,"[1.001391305752515, 0.9979392617096089]",True,True,68058,68058
parser.footnotes-plain-65536,feature,parser.footnotes,plain,,65536,65670,render,8420.694583333334,8444.314166666667,0.999706462959099,0.9887525594294508,1.0097521181955391,6,"[0.9897514083403383, 1.0064335427503381]",True,True,68058,68058
parser.footnotes-plain-65536,feature,parser.footnotes,plain,,65536,65670,fresh,28097.288722826088,28024.23029891304,0.9965529132810522,0.9638951135979906,1.009738616271053,6,"[1.0029931043693205, 0.9826664997667591]",True,True,68058,68058
parser.footnotes-plain-65536,feature,parser.footnotes,plain,,65536,65670,reuse,27314.424592391304,27496.008831521736,1.0059525445321138,0.9975506513562656,1.0142537447917865,6,"[1.0071191888595892, 1.0047859002046386]",True,True,68058,68058
parser.footnotes-active-65536,feature,parser.footnotes,active,,65536,65550,parse,451164.390625,639339.84375,1.4188286553851985,1.4107498646314107,1.4272126800090232,6,"[1.4124649354077714, 1.4217260291790415]",False,False,98325,249292
parser.footnotes-active-65536,feature,parser.footnotes,active,,65536,65550,render,95591.609375,180745.27734375,1.896557384570054,1.873014492924985,1.9053541567058496,6,"[1.8933836442783334, 1.903457367568984]",False,False,98325,249292
parser.footnotes-active-65536,feature,parser.footnotes,active,,65536,65550,fresh,554793.6171875,838735.671875,1.5096050381183002,1.5041125166315636,1.5499597471194186,6,"[1.5203189447012522, 1.504702699748145]",False,False,98325,249292
parser.footnotes-active-65536,feature,parser.footnotes,active,,65536,65550,reuse,552384.4453125,841935.546875,1.5194211854285873,1.5128724613332016,1.536570624894401,6,"[1.5180938548435046, 1.53318227750533]",False,False,98325,249292
parser.task_lists-plain-300,feature,parser.task_lists,plain,,300,330,parse,117.00335197491576,117.0116558556868,0.9980030231759214,0.9923592557366833,1.007366919484273,6,"[1.001114053793819, 0.9932874494928673]",True,True,342,342
parser.task_lists-plain-300,feature,parser.task_lists,plain,,300,330,render,51.992675284509986,52.591238956668064,1.010311003710299,0.9875363835806413,1.0194808629563323,6,"[1.0116176474556988, 1.0090043599648992]",True,True,342,342
parser.task_lists-plain-300,feature,parser.task_lists,plain,,300,330,fresh,505.770738363037,505.69376232536007,1.001746898951697,0.9657755457533336,1.0139865568195718,6,"[1.0110365982195542, 0.9870005396991922]",True,True,342,342
parser.task_lists-plain-300,feature,parser.task_lists,plain,,300,330,reuse,168.30676668888117,167.9497539792521,0.9987510712933069,0.9864950181565222,1.0106165755245957,6,"[1.0027093915607788, 0.994792751025835]",True,True,342,342
parser.task_lists-active-300,feature,parser.task_lists,active,,300,336,parse,1722.665759548217,1202.8031236362744,0.6984657315158077,0.6917711222306878,0.7023879916321323,6,"[0.6994957845946567, 0.6981058009695499]",False,False,579,1107
parser.task_lists-active-300,feature,parser.task_lists,active,,300,336,render,500.96030311293134,327.19288518083385,0.6519510498576,0.6469166520000854,0.6589348626725182,6,"[0.6535069909247248, 0.646960431747829]",False,False,579,1107
parser.task_lists-active-300,feature,parser.task_lists,active,,300,336,fresh,2588.3807363437663,1964.8276533018868,0.7649402113778483,0.7438212643749723,0.7712862465952107,6,"[0.7664248233148192, 0.760235696615667]",False,False,579,1107
parser.task_lists-active-300,feature,parser.task_lists,active,,300,336,reuse,2196.9082167832166,1535.7433005603598,0.6985329039079057,0.6784711866746164,0.7066604852487829,6,"[0.7008742856684174, 0.696191522147394]",False,False,579,1107
parser.task_lists-plain-4096,feature,parser.task_lists,plain,,4096,4125,parse,1204.9163053949906,1201.9424741390449,0.993263336745452,0.9923038751951503,1.0316063245065565,6,"[0.992774672302733, 1.0047170302210315]",True,True,4275,4275
parser.task_lists-plain-4096,feature,parser.task_lists,plain,,4096,4125,render,531.9428081540634,531.8941477568376,0.999068554145728,0.9957058616246403,1.0049007930305967,6,"[0.9994649468489221, 0.9986721614425339]",True,True,4275,4275
parser.task_lists-plain-4096,feature,parser.task_lists,plain,,4096,4125,fresh,2158.9310742904963,2169.606942792436,1.0050566214454926,0.98548133647422,1.0104004656656491,6,"[1.010326385495899, 0.9948563799033292]",True,True,4275,4275
parser.task_lists-plain-4096,feature,parser.task_lists,plain,,4096,4125,reuse,1732.2795913424648,1730.8903403156135,0.9996342127266765,0.9894282845448469,1.0131983481954028,6,"[1.0035362449579317, 0.9957321804954213]",True,True,4275,4275
parser.task_lists-active-4096,feature,parser.task_lists,active,,4096,4116,parse,18088.616071428572,13587.955668940795,0.7535744463677168,0.7359565713556137,0.7664233576642336,6,"[0.7498961076847288, 0.7572527850507046]",False,False,6969,13437
parser.task_lists-active-4096,feature,parser.task_lists,active,,4096,4116,render,6017.663132440476,3894.8587927018634,0.6459892879104885,0.6405824278287212,0.651472157193725,6,"[0.6488830590905359, 0.6455457145168311]",False,False,6969,13437
parser.task_lists-active-4096,feature,parser.task_lists,active,,4096,4116,fresh,24966.844158653847,18372.925118172272,0.7336826759821913,0.7254478333210165,0.7440081693309134,6,"[0.7346179792313646, 0.7297003472219232]",False,False,6969,13437
parser.task_lists-active-4096,feature,parser.task_lists,active,,4096,4116,reuse,24062.224158653848,17560.872395833336,0.7255812230999805,0.7227953291977993,0.737286641895268,6,"[0.7294695775767819, 0.7254677147889049]",False,False,6969,13437
parser.task_lists-plain-65536,feature,parser.task_lists,plain,,65536,65670,parse,18721.41130514706,18725.949908088238,1.0020309536809564,0.9879108261180153,1.0083713720565677,6,"[1.0023121979245762, 0.9883565217582713]",True,True,68058,68058
parser.task_lists-plain-65536,feature,parser.task_lists,plain,,65536,65670,render,8406.71,8394.869791666668,1.0014347134901604,0.9905157499826736,1.0050898020128292,6,"[1.0022596608044105, 0.9993329795450365]",True,True,68058,68058
parser.task_lists-plain-65536,feature,parser.task_lists,plain,,65536,65670,fresh,27949.020380434784,27897.078804347824,1.0022975104550917,0.9933002903409988,1.004957942809042,6,"[1.0037367518301497, 1.0008582690800338]",True,True,68058,68058
parser.task_lists-plain-65536,feature,parser.task_lists,plain,,65536,65670,reuse,27439.594429347824,27368.319293478264,0.9973146296114248,0.9896940323831649,1.0167980089198694,6,"[0.9971521587378072, 0.9974771004850423]",True,True,68058,68058
parser.task_lists-active-65536,feature,parser.task_lists,active,,65536,65562,parse,283565.3229166666,216889.53645833334,0.764481860662212,0.7602678188244324,0.7710251452842162,6,"[0.7629590862286421, 0.7651006980529933]",False,False,110842,213868
parser.task_lists-active-65536,feature,parser.task_lists,active,,65536,65562,render,94063.42857142858,63427.99375,0.674543564079437,0.6670621937411726,0.6910029018702581,6,"[0.667641607543723, 0.6748416110958264]",False,False,110842,213868
parser.task_lists-active-65536,feature,parser.task_lists,active,,65536,65562,fresh,376222.984375,283504.1197916666,0.7536021204475873,0.7438208794197403,0.7663530482882924,6,"[0.7548620534811958, 0.752567062836408]",False,False,110842,213868
parser.task_lists-active-65536,feature,parser.task_lists,active,,65536,65562,reuse,374728.84375,279632.3802083334,0.7460183672061422,0.7437816658339927,0.7497101391636228,6,"[0.7464514176560434, 0.7455853167562411]",False,False,110842,213868
parser.tables-plain-300,feature,parser.tables,plain,,300,330,parse,116.67725440246427,115.3752355391627,0.9832356590344367,0.9530377037163826,0.9990147873154992,6,"[0.9857086352405544, 0.9582006876712348]",True,True,342,342
parser.tables-plain-300,feature,parser.tables,plain,,300,330,render,51.99720689104504,52.01739588266237,1.0003839327672168,0.9895565509011125,1.0108597497734841,6,"[0.9971750060616813, 1.0035928594727523]",True,True,342,342
parser.tables-plain-300,feature,parser.tables,plain,,300,330,fresh,501.29302397508036,496.8876879586589,0.9912415732802387,0.9821208650047524,1.010736296232819,6,"[0.9957849194565267, 0.9888580987441168]",True,True,342,342
parser.tables-plain-300,feature,parser.tables,plain,,300,330,reuse,167.6785636627796,165.85435874680456,0.9928164666231976,0.9733025703296029,1.0004340669454002,6,"[0.998781214017468, 0.9823447388402178]",True,True,342,342
parser.tables-active-300,feature,parser.tables,active,,300,312,parse,831.7530852947418,2381.8372148288972,2.857119540014447,2.8067148645173283,2.8855572064107546,6,"[2.8573113978787976, 2.856927682150096]",False,False,426,882
parser.tables-active-300,feature,parser.tables,active,,300,312,render,221.4459415604582,390.34964314657,1.7608133615714499,1.7405541506962439,1.810745423694052,6,"[1.7595066144232503, 1.776776757374044]",False,False,426,882
parser.tables-active-300,feature,parser.tables,active,,300,312,fresh,1412.0205219031218,3266.67438810596,2.300280457808023,2.292884405773485,2.361316323832916,6,"[2.2944390996693302, 2.301212723032379]",False,False,426,882
parser.tables-active-300,feature,parser.tables,active,,300,312,reuse,1054.3677711873115,2815.2997477578474,2.6724629789134657,2.6429661130835354,2.694725203159511,6,"[2.667817856190011, 2.6771081016369203]",False,False,426,882
parser.tables-plain-4096,feature,parser.tables,plain,,4096,4125,parse,1192.6517232370047,1252.4266893161323,1.0532861499880657,1.040390582961201,1.0607571270660199,6,"[1.0525638576263152, 1.056590956776573]",True,True,4275,4275
parser.tables-plain-4096,feature,parser.tables,plain,,4096,4125,render,532.6196038639785,530.8664579796265,0.9954541064814931,0.9881760239877608,1.003606666350583,6,"[0.9917981036883917, 1.0028679741321431]",True,True,4275,4275
parser.tables-plain-4096,feature,parser.tables,plain,,4096,4125,fresh,2225.0916095863477,2228.9167790597157,1.0016013189310866,0.9576236843425666,1.0426408621171588,6,"[1.0263936503621043, 0.9645651767570158]",True,True,4275,4275
parser.tables-plain-4096,feature,parser.tables,plain,,4096,4125,reuse,1738.9778107832326,1794.520818409742,1.0308606540191763,1.0081888718264547,1.0403381526899718,6,"[1.0318439681488707, 1.0298773398894816]",True,True,4275,4275
parser.tables-active-4096,feature,parser.tables,active,,4096,4108,parse,10532.877604166666,30876.146577380954,2.939073381113463,2.872523718465114,2.9519489736096234,6,"[2.9250614219306037, 2.9438322190441095]",False,False,5609,11613
parser.tables-active-4096,feature,parser.tables,active,,4096,4108,render,2732.307105266281,4954.283587598426,1.810032281635972,1.7817083222075654,1.826543891682981,6,"[1.817620419825144, 1.8021552185176763]",False,False,5609,11613
parser.tables-active-4096,feature,parser.tables,active,,4096,4108,fresh,13884.479702596618,36781.86545138889,2.661306565476508,2.6248382592789516,2.69028209001365,6,"[2.6751269404809395, 2.64388701056183]",False,False,5609,11613
parser.tables-active-4096,feature,parser.tables,active,,4096,4108,reuse,13190.795572916666,35741.64496527778,2.7007090219801135,2.683672429055299,2.7476432549908414,6,"[2.6928766566631555, 2.702171598078715]",False,False,5609,11613
parser.tables-plain-65536,feature,parser.tables,plain,,65536,65670,parse,18961.741727941175,19844.7265625,1.0464135473786478,1.0275042734643356,1.0773351834274303,6,"[1.0462640773227967, 1.0631575597917071]",True,True,68058,68058
parser.tables-plain-65536,feature,parser.tables,plain,,65536,65670,render,8451.536458333332,8446.70125,1.0011298357427356,0.9924806327616794,1.0165977539222584,6,"[1.0021752490823437, 0.9952516838487974]",True,True,68058,68058
parser.tables-plain-65536,feature,parser.tables,plain,,65536,65670,fresh,28029.268342391304,29213.95596590909,1.0375027296060582,1.0323219060056195,1.053679106810456,6,"[1.0369129850550223, 1.0380924741570938]",True,True,68058,68058
parser.tables-plain-65536,feature,parser.tables,plain,,65536,65670,reuse,27320.311820652176,28139.20991847826,1.0307259812756309,1.0223400647448744,1.0390494002388464,6,"[1.0317089415831429, 1.0297430209681186]",True,True,68058,68058
parser.tables-active-65536,feature,parser.tables,active,,65536,65572,parse,172956.54296875,500965.4921875,2.8883661165886823,2.850416969777867,2.956977510364121,6,"[2.890080285588857, 2.880272776975329]",False,False,89531,185367
parser.tables-active-65536,feature,parser.tables,active,,65536,65572,render,45639.322544642855,79984.537109375,1.7513533273808668,1.7314813213617395,1.771305851221966,6,"[1.753483445770735, 1.731895801854292]",False,False,89531,185367
parser.tables-active-65536,feature,parser.tables,active,,65536,65572,fresh,216034.29166666666,578662.4375,2.6836338411158036,2.573262329608182,2.70655980411696,6,"[2.680420941435015, 2.686846740796592]",False,False,89531,185367
parser.tables-active-65536,feature,parser.tables,active,,65536,65572,reuse,216540.80208333334,583245.7734375,2.6931641986669166,2.6718809966655943,2.729203000429059,6,"[2.686934120054815, 2.7215851127311526]",False,False,89531,185367
parser.merged_table_cells-plain-300,feature,parser.merged_table_cells,plain,,300,330,parse,116.73507094790287,116.32751320424623,0.9985359408522376,0.9884764348097796,1.011621528737067,6,"[1.0040680329802987, 0.9885237855869052]",True,True,342,342
parser.merged_table_cells-plain-300,feature,parser.merged_table_cells,plain,,300,330,render,52.4326300490352,52.01015221547394,0.9957987059353486,0.9825104231810391,1.0005543924756333,6,"[0.9971626084327013, 0.994434803437996]",True,True,342,342
parser.merged_table_cells-plain-300,feature,parser.merged_table_cells,plain,,300,330,fresh,497.21728870603,502.7338905779188,1.0117153127626144,0.9926486857446837,1.0222894945615757,6,"[1.0069971542423894, 1.0190489444520419]",True,True,342,342
parser.merged_table_cells-plain-300,feature,parser.merged_table_cells,plain,,300,330,reuse,166.53351906344676,166.8092472486233,1.0038890477331965,0.9914406436290062,1.011813132878537,6,"[0.9996380780217049, 1.0085645192839916]",True,True,342,342
parser.merged_table_cells-active-300,feature,parser.merged_table_cells,active,,300,312,parse,2662.103789893617,2623.1776281380753,0.9871243909070219,0.9760752962063813,1.0001947476503996,6,"[0.98451701112773, 0.9899892568558939]",False,False,864,876
parser.merged_table_cells-active-300,feature,parser.merged_table_cells,active,,300,312,render,448.01104734472693,470.5127552425014,1.049347627806974,1.031688302733417,1.0647788433984775,6,"[1.0443453341990345, 1.0543499214149132]",False,False,864,876
parser.merged_table_cells-active-300,feature,parser.merged_table_cells,active,,300,312,fresh,3724.17137228545,3711.5796364250136,0.9916289132867511,0.5117651542134107,1.7177747155560352,6,"[1.0017345330411458, 0.6774696279835197]",False,False,864,876
parser.merged_table_cells-active-300,feature,parser.merged_table_cells,active,,300,312,reuse,3100.055525029874,3107.450814362532,0.999422275986845,0.9927074139209539,1.014998617358908,6,"[0.9948503623074954, 1.0005915310975284]",False,False,864,876
parser.merged_table_cells-plain-4096,feature,parser.merged_table_cells,plain,,4096,4125,parse,1266.3643408400808,1259.0143685882645,0.9984417014649203,0.98991658898333,1.0049925646443034,6,"[1.0022558559801218, 0.9950257126783684]",True,True,4275,4275
parser.merged_table_cells-plain-4096,feature,parser.merged_table_cells,plain,,4096,4125,render,530.9451463672301,532.7540595154655,1.00401736938774,0.9954366283105635,1.0118148579548438,6,"[1.0078078821989809, 1.0002668169027993]",True,True,4275,4275
parser.merged_table_cells-plain-4096,feature,parser.merged_table_cells,plain,,4096,4125,fresh,2227.4264127214738,2241.8317708333334,1.0039711236117217,0.9943044173833583,1.0213828027402758,6,"[0.9952238288406763, 1.0131654208890146]",True,True,4275,4275
parser.merged_table_cells-plain-4096,feature,parser.merged_table_cells,plain,,4096,4125,reuse,1794.3311740440668,1798.2231619796298,1.0048304159326173,0.9763695490598925,1.0237714677595453,6,"[1.0002686960770373, 1.0093921357881972]",True,True,4275,4275
parser.merged_table_cells-active-4096,feature,parser.merged_table_cells,active,,4096,4108,parse,34466.24835526316,34204.04934210527,0.995553985070312,0.9835398834067965,1.0046673171664833,6,"[0.9986512990443261, 0.9944746471353113]",False,False,11376,11534
parser.merged_table_cells-active-4096,feature,parser.merged_table_cells,active,,4096,4108,render,5654.191300675676,5968.074255952381,1.0549816224712067,1.0480758957186582,1.0596809121859356,6,"[1.0583342826567845, 1.053551874794394]",False,False,11376,11534
parser.merged_table_cells-active-4096,feature,parser.merged_table_cells,active,,4096,4108,fresh,41452.107421875,40833.8212890625,0.9835555531759619,0.9725391737670736,1.008685925838404,6,"[0.9774028374512469, 0.9897082689006769]",False,False,11376,11534
parser.merged_table_cells-active-4096,feature,parser.merged_table_cells,active,,4096,4108,reuse,40887.3701171875,40597.9814453125,0.9913315988970626,0.9525457921058365,1.0314651764216283,6,"[1.0261624905031312, 0.9804842452208876]",False,False,11376,11534
parser.merged_table_cells-plain-65536,feature,parser.merged_table_cells,plain,,65536,65670,parse,19797.64794921875,19735.5751953125,0.9980167982690764,0.9836637176639776,1.0062276550539773,6,"[0.9964263194817148, 0.9996072770564381]",True,True,68058,68058
parser.merged_table_cells-plain-65536,feature,parser.merged_table_cells,plain,,65536,65670,render,8335.414635416666,8347.705090460528,1.0019973266848705,0.9906995255537255,1.0117863351706344,6,"[0.9970917267146813, 1.0047070970179368]",True,True,68058,68058
parser.merged_table_cells-plain-65536,feature,parser.merged_table_cells,plain,,65536,65670,fresh,28688.357954545456,28806.965909090908,1.0071282990174248,0.9770374404273106,1.0231258449304175,6,"[0.9887886021787967, 1.0135717801876447]",True,True,68058,68058
parser.merged_table_cells-plain-65536,feature,parser.merged_table_cells,plain,,65536,65670,reuse,29344.857853084417,28116.790760869568,0.9594245229952763,0.9212569123266466,1.013049980199923,6,"[1.0007131288224913, 0.9288529486230513]",True,True,68058,68058
parser.merged_table_cells-active-65536,feature,parser.merged_table_cells,active,,65536,65572,parse,553566.078125,542180.015625,0.9800202637982656,0.9694621149159258,0.9917080128461496,6,"[0.9830768980566218, 0.9769636295399093]",False,False,181584,184106
parser.merged_table_cells-active-65536,feature,parser.merged_table_cells,active,,65536,65572,render,91224.703125,95746.93080357142,1.052478460114283,1.0408963943211558,1.0660751656537335,6,"[1.0498775372395939, 1.0550793829889722]",False,False,181584,184106
parser.merged_table_cells-active-65536,feature,parser.merged_table_cells,active,,65536,65572,fresh,649771.484375,642532.53125,0.988614168376951,0.9760433646114554,1.0105268647441221,6,"[0.9847037455248562, 0.9919213936211516]",False,False,181584,184106
parser.merged_table_cells-active-65536,feature,parser.merged_table_cells,active,,65536,65572,reuse,647729.171875,640052.09375,0.9897511561790167,0.9761871600281015,0.9983548927971942,6,"[0.9833636492033401, 0.9924940624939239]",False,False,181584,184106
parser.table_attributes-plain-300,feature,parser.table_attributes,plain,,300,330,parse,114.83147790156323,114.46850415006958,0.9975905521608999,0.9811186585740802,1.0167802385978812,6,"[0.994426946437314, 1.0107015700440192]",True,True,342,342
parser.table_attributes-plain-300,feature,parser.table_attributes,plain,,300,330,render,52.458219640879165,51.89845573028295,0.9893318012661612,0.9647314571328939,1.0093985562658612,6,"[0.978473257918174, 1.0002157227444504]",True,True,342,342
parser.table_attributes-plain-300,feature,parser.table_attributes,plain,,300,330,fresh,499.91857470413686,504.62927512106535,1.0087829059289435,0.9894705878189886,1.0155884638253014,6,"[1.0137670423819118, 1.0054023439269608]",True,True,342,342
parser.table_attributes-plain-300,feature,parser.table_attributes,plain,,300,330,reuse,167.42222580964247,166.41471105354032,0.9928298862542719,0.9848868669202374,1.0193729798143005,6,"[0.989835343412864, 1.0041466611374241]",True,True,342,342
parser.table_attributes-active-300,feature,parser.table_attributes,active,,300,312,parse,1859.5934218785665,2271.595770750988,1.2277622178954668,1.1858845327853893,1.2454371692967916,6,"[1.2200571674447196, 1.2432117186296914]",False,False,812,796
parser.table_attributes-active-300,feature,parser.table_attributes,active,,300,312,render,355.46285606232954,379.55738367899903,1.0673492971278282,1.064111409070023,1.0751717937589766,6,"[1.065498212572701, 1.068806538592661]",False,False,812,796
parser.table_attributes-active-300,feature,parser.table_attributes,active,,300,312,fresh,2665.963831477641,3128.382265625,1.1741570444412768,1.156089330183559,1.1793123804493937,6,"[1.1781479470342224, 1.159402301890075]",False,False,812,796
parser.table_attributes-active-300,feature,parser.table_attributes,active,,300,312,reuse,2246.193547260406,2685.65770726725,1.195849614273547,1.1795707984934158,1.2050486396304432,6,"[1.1916039911861762, 1.197189185995498]",False,False,812,796
parser.table_attributes-plain-4096,feature,parser.table_attributes,plain,,4096,4125,parse,1263.155795835306,1267.4274372921286,1.001391200016187,0.9907330647654039,1.0133192348684852,6,"[1.0095910277143456, 0.9991980587050348]",True,True,4275,4275
parser.table_attributes-plain-4096,feature,parser.table_attributes,plain,,4096,4125,render,531.2794350349528,534.8023588775477,1.003773069470863,0.988772568724186,1.0138635409170225,6,"[1.0042651761412726, 1.002086400206453]",True,True,4275,4275
parser.table_attributes-plain-4096,feature,parser.table_attributes,plain,,4096,4125,fresh,2236.260714285714,2235.7787775641837,1.0007137771078145,0.9848869783921862,1.0064661659789753,6,"[1.004548619431225, 0.9982491168164246]",True,True,4275,4275
parser.table_attributes-plain-4096,feature,parser.table_attributes,plain,,4096,4125,reuse,1778.5279240791187,1786.3549406525767,1.0032509492902908,0.9937023470334184,1.0069893462269208,6,"[1.0018116996424518, 1.00469019893813]",True,True,4275,4275
parser.table_attributes-active-4096,feature,parser.table_attributes,active,,4096,4134,parse,24480.268629807695,30127.728422619046,1.2339641534845098,1.206432454401485,1.2477765401705714,6,"[1.222654178360146, 1.240429023281115]",False,False,10759,10547
parser.table_attributes-active-4096,feature,parser.table_attributes,active,,4096,4134,render,4549.884850543478,4841.110697115385,1.0651527049618372,1.0571288103551566,1.0873701926755195,6,"[1.0666108105385883, 1.0572718310913674]",False,False,10759,10547
parser.table_attributes-active-4096,feature,parser.table_attributes,active,,4096,4134,fresh,29942.85183306277,36089.51736111111,1.2078468804600502,1.1845472357748523,1.2345733570016615,6,"[1.2167726779021475, 1.1929981945395909]",False,False,10759,10547
parser.table_attributes-active-4096,feature,parser.table_attributes,active,,4096,4134,reuse,28915.83806818182,35221.42621527778,1.2180608442794096,1.1948903548570853,1.2295463792279364,6,"[1.219161947543095, 1.2169597410157242]",False,False,10759,10547
parser.table_attributes-plain-65536,feature,parser.table_attributes,plain,,65536,65670,parse,19532.753388375946,19528.31661339962,0.9973840047778761,0.9919763891680231,1.0249934060305244,6,"[0.9940028733756521, 1.0099800481850503]",True,True,68058,68058
parser.table_attributes-plain-65536,feature,parser.table_attributes,plain,,65536,65670,render,8446.5625,8438.143488175676,0.9989624544661379,0.9785281184069227,1.034497559341471,6,"[0.9999160760829221, 0.9864762783865297]",True,True,68058,68058
parser.table_attributes-plain-65536,feature,parser.table_attributes,plain,,65536,65670,fresh,28657.9375,28604.88309041502,1.0008372040291935,0.9849528355555508,1.0224941425252865,6,"[1.0010847866336672, 1.0005896214247199]",True,True,68058,68058
parser.table_attributes-plain-65536,feature,parser.table_attributes,plain,,65536,65670,reuse,28228.656929347824,28206.09714673913,0.9988545426311957,0.9952800303117494,1.0121263067604735,6,"[0.9966745241971995, 1.0016653387894823]",True,True,68058,68058
parser.table_attributes-active-65536,feature,parser.table_attributes,active,,65536,65598,parse,386287.1015625,476131.1796875,1.234677674982882,1.2255060201281112,1.2480921126963096,6,"[1.23792993134632, 1.2287892186207114]",False,False,170723,167359
parser.table_attributes-active-65536,feature,parser.table_attributes,active,,65536,65598,render,73031.68402777778,79459.716796875,1.0887019249859595,1.075866780234442,1.1043706834212554,6,"[1.0878941885262008, 1.0895096614457183]",False,False,170723,167359
parser.table_attributes-active-65536,feature,parser.table_attributes,active,,65536,65598,fresh,464662.4375,558416.671875,1.2041106087713107,1.180863650458302,1.2146631842216267,6,"[1.2129362005102604, 1.18586094630492]",False,False,170723,167359
parser.table_attributes-active-65536,feature,parser.table_attributes,active,,65536,65598,reuse,460538.734375,556332.6796875,1.2064775824585197,1.1888441389405224,1.2245380176525174,6,"[1.2221990873743829, 1.2041422431055597]",False,False,170723,167359
parser.line_comments-plain-300,feature,parser.line_comments,plain,,300,330,parse,116.65855127737032,139.544694163201,1.1981362086726026,1.182226440993022,1.2064302037166919,6,"[1.1961349713784382, 1.2001374459667669]",True,True,342,342
parser.line_comments-plain-300,feature,parser.line_comments,plain,,300,330,render,52.03733454022493,52.02351532104855,1.0006737737678821,0.9876584534259096,1.0057312520370034,6,"[1.0029122982193377, 1.0000124996612592]",True,True,342,342
parser.line_comments-plain-300,feature,parser.line_comments,plain,,300,330,fresh,497.0994944041788,523.8910112449032,1.0594540961911818,1.0244613627167931,1.8200122688853728,6,"[1.0658681103538508, 1.0432192292203062]",True,True,342,342
parser.line_comments-plain-300,feature,parser.line_comments,plain,,300,330,reuse,168.96835631729573,190.69383484594266,1.1344174670875051,1.1164154716076653,1.1422659134524176,6,"[1.129188187811771, 1.1376927891327415]",True,True,342,342
parser.line_comments-active-300,feature,parser.line_comments,active,,300,343,parse,460.02918188384626,864.9037511164125,1.8867550417886203,1.850160043785639,1.9178894416118824,6,"[1.8552574034261784, 1.8948648788421074]",False,False,385,224
parser.line_comments-active-300,feature,parser.line_comments,active,,300,343,render,149.1638642098556,121.6349581830865,0.8174761403079338,0.8063101713956881,0.8200733436067958,6,"[0.818242158566987, 0.8168808749021519]",False,False,385,224
parser.line_comments-active-300,feature,parser.line_comments,active,,300,343,fresh,943.5588544657056,1321.1556331594945,1.3987894367576978,1.3772873715720855,1.4216698252551256,6,"[1.4163852122075866, 1.396710087839317]",False,False,385,224
parser.line_comments-active-300,feature,parser.line_comments,active,,300,343,reuse,618.2886052392491,998.2597438197768,1.6099336181712154,1.582576844151144,1.6284210035195952,6,"[1.602012475487574, 1.612608422452821]",False,False,385,224
parser.line_comments-plain-4096,feature,parser.line_comments,plain,,4096,4125,parse,1210.7234344777562,1480.9784111980684,1.2250892567499216,1.2057880076094076,1.2429669049393541,6,"[1.2366139433314918, 1.2135645701683515]",True,True,4275,4275
parser.line_comments-plain-4096,feature,parser.line_comments,plain,,4096,4125,render,531.9274840900456,531.8500233603721,0.9955334923841852,0.9895463174134395,1.0224752344161325,6,"[0.9946669188605664, 0.9964000659078042]",True,True,4275,4275
parser.line_comments-plain-4096,feature,parser.line_comments,plain,,4096,4125,fresh,2142.386539591028,2429.651126329568,1.132586211613814,1.1134483866569598,1.1427239262993167,6,"[1.1364892937178652, 1.1271457458944847]",True,True,4275,4275
parser.line_comments-plain-4096,feature,parser.line_comments,plain,,4096,4125,reuse,1726.3095730027549,1976.4799910584957,1.1378252396305601,1.125417184122074,1.1603342426904448,6,"[1.136365148042634, 1.1392853312184863]",True,True,4275,4275
parser.line_comments-active-4096,feature,parser.line_comments,active,,4096,4116,parse,5220.339583333333,9858.448974609375,1.8833266296725482,1.86671319387483,1.8952132682518907,6,"[1.887226352656704, 1.8794269066883924]",False,False,4620,2688
parser.line_comments-active-4096,feature,parser.line_comments,active,,4096,4116,render,1619.2113977505062,1292.7427363119834,0.7990001247258381,0.7872916494294766,0.8118634978712979,6,"[0.7994202845398003, 0.798579964911876]",False,False,4620,2688
parser.line_comments-active-4096,feature,parser.line_comments,active,,4096,4116,fresh,7307.901517809409,11467.81505681818,1.5770942423925898,1.5523538589018886,1.6003491388734241,6,"[1.5843073085590265, 1.569881176226153]",False,False,4620,2688
parser.line_comments-active-4096,feature,parser.line_comments,active,,4096,4116,reuse,6823.693716397849,11020.638980263158,1.617350212410452,1.5931482184647277,1.64116742650513,6,"[1.6205528528508124, 1.6116443651501637]",False,False,4620,2688
parser.line_comments-plain-65536,feature,parser.line_comments,plain,,65536,65670,parse,18837.469209558825,23042.689174107145,1.2235043839078443,1.2086875532158086,1.240531553020046,6,"[1.2124809658864302, 1.2389308282183569]",True,True,68058,68058
parser.line_comments-plain-65536,feature,parser.line_comments,plain,,65536,65670,render,8449.904375,8424.843958333335,1.0008070174426331,0.9881897913375183,1.0137436070664865,6,"[0.9987961788737381, 1.002817856011528]",True,True,68058,68058
parser.line_comments-plain-65536,feature,parser.line_comments,plain,,65536,65670,fresh,27843.66508152174,31750.000781249997,1.142535376404748,1.1396233140313439,1.1468231106511484,6,"[1.1432952106369825, 1.1424726111882204]",True,True,68058,68058
parser.line_comments-plain-65536,feature,parser.line_comments,plain,,65536,65670,reuse,26900.987630208336,31166.884672619046,1.1617202713128514,1.1469325515030635,1.1655707229618755,6,"[1.162530601825505, 1.1546881048893696]",True,True,68058,68058
parser.line_comments-active-65536,feature,parser.line_comments,active,,65536,65562,parse,82620.76953125,156540.75625,1.885320637600148,1.8679482536052783,1.9123908708549675,6,"[1.8840439483819038, 1.886597326818392]",False,False,73590,42816
parser.line_comments-active-65536,feature,parser.line_comments,active,,65536,65562,render,27922.695652173912,22861.79296875,0.8223555092049684,0.8033650239313057,0.8380088840851782,6,"[0.823751334433675, 0.8210294409693166]",False,False,73590,42816
parser.line_comments-active-65536,feature,parser.line_comments,active,,65536,65562,fresh,110921.87239583334,178526.203125,1.614341247072046,1.5885222726430084,1.634160539439694,6,"[1.6130969154115689, 1.615585578732523]",False,False,73590,42816
parser.line_comments-active-65536,feature,parser.line_comments,active,,65536,65562,reuse,111715.0625,180240.07421875,1.609911602813952,1.6021927380094967,1.6216278449904344,6,"[1.6114102209216952, 1.603531597785523]",False,False,73590,42816
parser.front_matter-plain-300,feature,parser.front_matter,plain,,300,330,parse,117.08454562059518,118.9115011430383,1.016856251941384,0.9852928098023236,1.0426674736795594,6,"[1.0162054292071765, 1.020127023294148]",True,True,342,342
parser.front_matter-plain-300,feature,parser.front_matter,plain,,300,330,render,52.419607214097084,52.216328893368484,0.9925547770155322,0.9882640543551768,1.0114393034308136,6,"[0.9900985579315568, 1.0065792926098598]",True,True,342,342
parser.front_matter-plain-300,feature,parser.front_matter,plain,,300,330,fresh,511.05642319590004,510.2110306667171,0.9941231600095318,0.9634500486999308,1.0250270219659332,6,"[0.9868453129370995, 1.0014010070819641]",True,True,342,342
parser.front_matter-plain-300,feature,parser.front_matter,plain,,300,330,reuse,168.60311455889308,169.48511337225264,1.002440921099299,0.5971438031034778,1.0273691704217804,6,"[1.0107916998933262, 0.9930115194741977]",True,True,342,342
parser.front_matter-active-300,feature,parser.front_matter,active,,300,374,parse,266.6252417140892,157.879992580197,0.5923697733103546,0.5863982847649687,0.604113721609471,6,"[0.5904412639758526, 0.5943311065369852]",False,False,391,342
parser.front_matter-active-300,feature,parser.front_matter,active,,300,374,render,87.51982902501149,51.698260426600456,0.5898218388113512,0.5807911625840799,0.5990966192714532,6,"[0.5913660018542004, 0.5874315527129992]",False,False,391,342
parser.front_matter-active-300,feature,parser.front_matter,active,,300,374,fresh,729.0840814436954,547.1327515940204,0.7472146941735585,0.7401898919699887,0.7550247919783373,6,"[0.74664872226238, 0.7477806660847369]",False,False,391,342
parser.front_matter-active-300,feature,parser.front_matter,active,,300,374,reuse,353.2703169552691,208.40888108536177,0.5888073547317452,0.5775459983829854,0.5963731627732723,6,"[0.5874638556695176, 0.591001647352051]",False,False,391,342
parser.front_matter-plain-4096,feature,parser.front_matter,plain,,4096,4125,parse,1213.7360563435602,1204.8470798015155,0.9954701925549546,0.985730706664323,1.0014565300409486,6,"[0.9953405504457273, 0.9955998346641819]",True,True,4275,4275
parser.front_matter-plain-4096,feature,parser.front_matter,plain,,4096,4125,render,531.970595328557,532.0808795592704,1.0009702429627563,0.9864888826364637,1.0102437921590697,6,"[1.000553999949114, 1.0032513711595241]",True,True,4275,4275
parser.front_matter-plain-4096,feature,parser.front_matter,plain,,4096,4125,fresh,2146.498255675399,2146.1628692252207,1.0013636051596007,0.9895874508236701,1.009728988999355,6,"[0.9982068592644832, 1.004520351054718]",True,True,4275,4275
parser.front_matter-plain-4096,feature,parser.front_matter,plain,,4096,4125,reuse,1734.0044889502763,1733.5757823619551,1.0009287990967972,0.9836268400034596,1.0220584454799846,6,"[1.002179765118392, 0.9996778330752026]",True,True,4275,4275
parser.front_matter-active-4096,feature,parser.front_matter,active,,4096,4169,parse,1422.339630681818,1421.3778764204544,0.9962425286015791,0.9879097531889149,1.0100829072369082,6,"[0.9962909010091106, 0.9906775255615875]",False,False,4324,4275
parser.front_matter-active-4096,feature,parser.front_matter,active,,4096,4169,render,546.5653832561586,529.2887376702372,0.9675081116683383,0.9574259627029174,0.9822612912545269,6,"[0.9651945577130894, 0.9698216656235872]",False,False,4324,4275
parser.front_matter-active-4096,feature,parser.front_matter,active,,4096,4169,fresh,2407.6422475961535,2374.822906727527,0.9824825889791409,0.9608886801665393,0.9951976130361153,6,"[0.9860996509990176, 0.9752604324570557]",False,False,4324,4275
parser.front_matter-active-4096,feature,parser.front_matter,active,,4096,4169,reuse,1975.9048196535919,1951.1292834890965,0.9855787021946454,0.9781227114499315,1.0111346132820884,6,"[0.9825988778161615, 1.0077881626769911]",False,False,4324,4275
parser.front_matter-plain-65536,feature,parser.front_matter,plain,,65536,65670,parse,18898.188419117647,18897.729319852944,1.0000215905247234,0.9829780929699683,1.0160095063850123,6,"[1.0049118064810818, 0.995131374568365]",True,True,68058,68058
parser.front_matter-plain-65536,feature,parser.front_matter,plain,,65536,65670,render,8477.017080518019,8474.688555743243,0.9976991841843139,0.9802254672761377,1.00576607357145,6,"[1.0051463324817487, 0.9974790923204953]",True,True,68058,68058
parser.front_matter-plain-65536,feature,parser.front_matter,plain,,65536,65670,fresh,27734.148777173912,27657.778532608696,1.0002519544572712,0.9697918986369745,1.0157807340203615,6,"[1.0027849826905728, 0.9823063966433627]",True,True,68058,68058
parser.front_matter-plain-65536,feature,parser.front_matter,plain,,65536,65670,reuse,27197.306017889492,27164.442057291664,1.0014325852038248,0.9794624095494753,1.0314547258009443,6,"[1.004535515204739, 0.9983296552029104]",True,True,68058,68058
parser.front_matter-active-65536,feature,parser.front_matter,active,,65536,65714,parse,20056.59009576613,21594.715696839077,1.0834034133111108,1.0555643760749853,1.0976879728625009,6,"[1.0844191409677686, 1.0676458244405016]",False,False,68107,68058
parser.front_matter-active-65536,feature,parser.front_matter,active,,65536,65714,render,8431.901041666668,8422.534791666667,1.0000488384051065,0.9869174840552393,1.0189835257595838,6,"[1.0002778189361388, 0.9998198578740743]",False,False,68107,68058
parser.front_matter-active-65536,feature,parser.front_matter,active,,65536,65714,fresh,28900.41974431818,30473.245535714286,1.0508149809852807,1.0434248676672127,1.073812524990239,6,"[1.053008829943964, 1.0486211320265975]",False,False,68107,68058
parser.front_matter-active-65536,feature,parser.front_matter,active,,65536,65714,reuse,28848.899147727272,30649.584821428572,1.0591576682780905,1.0557880002717945,1.0697439799272965,6,"[1.0582567703201442, 1.0673305373208963]",False,False,68107,68058
parser.strikethrough-plain-300,feature,parser.strikethrough,plain,,300,330,parse,116.8152488858052,116.8852973645334,0.999722968359692,0.9917468714611456,1.0029931618836503,6,"[1.0008065685339302, 0.9953306464586773]",True,True,342,342
parser.strikethrough-plain-300,feature,parser.strikethrough,plain,,300,330,render,52.498959607614516,52.29953482925935,0.9968997376977425,0.9832239709154835,1.0163889335641396,6,"[0.9904294209334212, 0.9998991209832423]",True,True,342,342
parser.strikethrough-plain-300,feature,parser.strikethrough,plain,,300,330,fresh,499.2431117266425,513.621915190355,1.0298047056257928,0.9786630584758479,1.077569981537065,6,"[0.9895772855373156, 1.067093137147338]",True,True,342,342
parser.strikethrough-plain-300,feature,parser.strikethrough,plain,,300,330,reuse,168.38933273841596,167.1078936276269,0.9991435705973881,0.9821892214293887,1.0108953185185183,6,"[0.9997356112075583, 0.9985515299872181]",True,True,342,342
parser.strikethrough-active-300,feature,parser.strikethrough,active,,300,304,parse,765.9718917483035,1427.1492527901728,1.8608210601154114,1.84663542575544,1.8855393484552174,6,"[1.8604530548616527, 1.8611890653691703]",False,False,352,480
parser.strikethrough-active-300,feature,parser.strikethrough,active,,300,304,render,549.1757901824978,393.16926431795935,0.7172095740223718,0.7085668977638903,0.7278195300790641,6,"[0.7168034477675943, 0.7176157002771494]",False,False,352,480
parser.strikethrough-active-300,feature,parser.strikethrough,active,,300,304,fresh,1660.9455401202451,2175.0390083400653,1.3082398216822142,1.2980662254479667,1.3580127838792375,6,"[1.310218861210298, 1.3038423973960676]",False,False,352,480
parser.strikethrough-active-300,feature,parser.strikethrough,active,,300,304,reuse,1313.4967733162448,1822.5674198250729,1.3949276105260537,1.381500134009181,1.4207971075624144,6,"[1.4028135314888373, 1.383122648257792]",False,False,352,480
parser.strikethrough-plain-4096,feature,parser.strikethrough,plain,,4096,4125,parse,1191.6353503776886,1186.2222203878803,0.9962862693425709,0.9894838671993732,1.005339627629422,6,"[0.9950595537805124, 0.9975129849046296]",True,True,4275,4275
parser.strikethrough-plain-4096,feature,parser.strikethrough,plain,,4096,4125,render,527.4964467067832,526.7974541912384,1.0002326807787774,0.9935012992556069,1.0195833933429985,6,"[1.0005986229920054, 0.9959576828833109]",True,True,4275,4275
parser.strikethrough-plain-4096,feature,parser.strikethrough,plain,,4096,4125,fresh,2161.776114686493,2151.6890204298534,0.9981185952335017,0.9756559484582472,1.0158696268390754,6,"[0.987635731127892, 1.008342953396709]",True,True,4275,4275
parser.strikethrough-plain-4096,feature,parser.strikethrough,plain,,4096,4125,reuse,1726.8263658735655,1728.240941599889,0.9968180215008744,0.9809037588723784,1.018331670392357,6,"[0.9928205697696539, 1.0005686882932985]",True,True,4275,4275
parser.strikethrough-active-4096,feature,parser.strikethrough,active,,4096,4104,parse,9852.44775390625,19249.171401515152,1.9533955926891238,1.929695030431336,1.9668385975641227,6,"[1.9550577832601055, 1.9498646464272578]",False,False,4752,6480
parser.strikethrough-active-4096,feature,parser.strikethrough,active,,4096,4104,render,7180.752840909091,5086.729360288815,0.7118192722291561,0.703480418118912,0.7156784784897937,6,"[0.7128163112269, 0.710822233231412]",False,False,4752,6480
parser.strikethrough-active-4096,feature,parser.strikethrough,active,,4096,4104,fresh,17858.01623263889,25245.754999999997,1.4228220989213907,1.3736006324598,1.4280562468139606,6,"[1.4248425382347223, 1.4208016596080593]",False,False,4752,6480
parser.strikethrough-active-4096,feature,parser.strikethrough,active,,4096,4104,reuse,17099.838260135133,24338.792067307695,1.423137402600473,1.4044588194242384,1.4302044774720668,6,"[1.4256928591663403, 1.4205819460346059]",False,False,4752,6480
parser.strikethrough-plain-65536,feature,parser.strikethrough,plain,,65536,65670,parse,18843.539522058825,18884.019301470587,1.001085665858938,0.997538296823958,1.0118665535758475,6,"[1.0020282199188597, 1.000143111799016]",True,True,68058,68058
parser.strikethrough-plain-65536,feature,parser.strikethrough,plain,,65536,65670,render,8488.439611486487,8433.611041666667,0.99351274149124,0.9840217760017209,1.0013420921420024,6,"[0.9944290462479382, 0.9910911187093092]",True,True,68058,68058
parser.strikethrough-plain-65536,feature,parser.strikethrough,plain,,65536,65670,fresh,27882.783967391304,27971.91983695652,1.0003190788437306,0.9901328334031051,1.0168163151571674,6,"[0.9965847566929038, 1.0040534009945574]",True,True,68058,68058
parser.strikethrough-plain-65536,feature,parser.strikethrough,plain,,65536,65670,reuse,27641.667827219204,27739.356657608696,1.0047966569418938,0.9931449748881136,1.0123040014343876,6,"[0.9955471961156648, 1.0073812993557631]",True,True,68058,68058
parser.strikethrough-active-65536,feature,parser.strikethrough,active,,65536,65550,parse,162949.0546875,311622.390625,1.9109162460142581,1.9002580909996298,1.925690409906883,6,"[1.9162315253926567, 1.9056009666358593]",False,False,75900,103500
parser.strikethrough-active-65536,feature,parser.strikethrough,active,,65536,65550,render,116457.68229166666,84179.8515625,0.7222465558049017,0.7118238589801482,0.7348335558420356,6,"[0.7269490058616602, 0.7175441057481432]",False,False,75900,103500
parser.strikethrough-active-65536,feature,parser.strikethrough,active,,65536,65550,fresh,283777.78125,397426.7578125,1.4043832718941656,1.3913527052557302,1.419590045021368,6,"[1.4159819166340237, 1.399230113753878]",False,False,75900,103500
parser.strikethrough-active-65536,feature,parser.strikethrough,active,,65536,65550,reuse,282920.3541666667,396969.0703125,1.4080484288082897,1.3897503339438424,1.4223937547515886,6,"[1.400913131350249, 1.4189061706431951]",False,False,75900,103500
parser.autolinks-plain-300,feature,parser.autolinks,plain,,300,330,parse,117.82934742905982,155.89915401469443,1.3257700501769367,1.3108600526989616,1.39819698569258,6,"[1.3311505704795912, 1.3203895298742825]",True,True,342,342
parser.autolinks-plain-300,feature,parser.autolinks,plain,,300,330,render,52.38371235396505,52.433470764181976,0.9998828247464552,0.9906688782322588,1.013015200359858,6,"[1.0030747382216465, 0.9966909112712639]",True,True,342,342
parser.autolinks-plain-300,feature,parser.autolinks,plain,,300,330,fresh,506.9865593054192,533.9687267999417,1.054009155300636,1.0332166750797271,1.0772129128931849,6,"[1.0503177148612786, 1.0577005957399936]",True,True,342,342
parser.autolinks-plain-300,feature,parser.autolinks,plain,,300,330,reuse,167.60987793183102,205.06761002000366,1.2285726595831998,1.2131387090548724,1.2521642394762889,6,"[1.214604489333501, 1.2289529533837116]",True,True,342,342
parser.autolinks-active-300,feature,parser.autolinks,active,,300,320,parse,177.44736758880447,1759.358107463491,9.903030420422215,9.812005532914142,10.070810572979415,6,"[9.843203714029187, 10.018466250502971]",False,False,344,808
parser.autolinks-active-300,feature,parser.autolinks,active,,300,320,render,74.6056032827401,577.3593902520495,7.693855825416834,7.5974128178035425,7.764185620450534,6,"[7.711405832690816, 7.642565073850829]",False,False,344,808
parser.autolinks-active-300,feature,parser.autolinks,active,,300,320,fresh,588.4875781489449,2781.422553466077,4.716367513343453,4.6714285193423395,4.85926076240878,6,"[4.744904482215194, 4.687830544471712]",False,False,344,808
parser.autolinks-active-300,feature,parser.autolinks,active,,300,320,reuse,254.3229845286055,2342.134221889228,9.247672135369562,9.114687955609032,9.400477548493368,6,"[9.250324696268674, 9.168350704336923]",False,False,344,808
parser.autolinks-plain-4096,feature,parser.autolinks,plain,,4096,4125,parse,1202.5244383646946,1730.6091000886565,1.435715042868727,1.41662585897609,1.4513101483308872,6,"[1.4323377796288699, 1.4508408405158817]",True,True,4275,4275
parser.autolinks-plain-4096,feature,parser.autolinks,plain,,4096,4125,render,534.7858677058779,529.0559587962864,0.9931333471608025,0.9826454662585414,1.0128802216014625,6,"[0.9954306179578598, 0.9908360763637452]",True,True,4275,4275
parser.autolinks-plain-4096,feature,parser.autolinks,plain,,4096,4125,fresh,2147.5302629804255,2696.7983917124543,1.247524913135202,1.2253833724846137,1.272984232492056,6,"[1.2428093966141616, 1.2550194112961683]",True,True,4275,4275
parser.autolinks-plain-4096,feature,parser.autolinks,plain,,4096,4125,reuse,1716.9946629675974,2246.2570564516127,1.308845687484647,1.2930969774016727,1.3199257364450183,6,"[1.303364492491036, 1.3111526952284323]",True,True,4275,4275
parser.autolinks-active-4096,feature,parser.autolinks,active,,4096,4160,parse,1986.900419671023,22319.86991995074,11.196446260522581,11.04751445064297,11.490873383033952,6,"[11.153620245109614, 11.283345287540072]",False,False,4472,10504
parser.autolinks-active-4096,feature,parser.autolinks,active,,4096,4160,render,877.1679822736679,7302.507267441861,8.332342262898903,8.230051054828502,8.507706002868648,6,"[8.36357386406143, 8.278405383010561]",False,False,4472,10504
parser.autolinks-active-4096,feature,parser.autolinks,active,,4096,4160,fresh,3297.0394736842104,30746.744047619046,9.357556580022283,9.255750713340198,9.477048978718331,6,"[9.432972178002315, 9.262777535250676]",False,False,4472,10504
parser.autolinks-active-4096,feature,parser.autolinks,active,,4096,4160,reuse,2832.0728966027677,29537.730823863636,10.428711172088498,10.304326775911369,10.572022969096677,6,"[10.390500510679544, 10.504711370581264]",False,False,4472,10504
parser.autolinks-plain-65536,feature,parser.autolinks,plain,,65536,65670,parse,18856.886029411766,27329.879755434784,1.4488258611862606,1.4150980595624403,1.4709160530457837,6,"[1.4498287553371418, 1.4478229670353793]",True,True,68058,68058
parser.autolinks-plain-65536,feature,parser.autolinks,plain,,65536,65670,render,8424.817708333334,8420.286458333334,0.9971076048252212,0.9875366617287641,1.0109781571752063,6,"[1.0108994206951658, 0.9896324257858498]",True,True,68058,68058
parser.autolinks-plain-65536,feature,parser.autolinks,plain,,65536,65670,fresh,27865.885869565216,36546.44184027778,1.306000460311616,1.2863873593589348,1.3287443237012302,6,"[1.2981133428984457, 1.3138875777247863]",True,True,68058,68058
parser.autolinks-plain-65536,feature,parser.autolinks,plain,,65536,65670,reuse,27440.726902173912,35740.27083333333,1.3022608309729078,1.298613672957888,1.3204036192221673,6,"[1.3025539874203516, 1.298630387926661]",True,True,68058,68058
parser.autolinks-active-65536,feature,parser.autolinks,active,,65536,65600,parse,31070.28199404762,355743.8125,11.402375291067166,11.290720339774687,11.582143211746587,6,"[11.422287760327318, 11.382462821807016]",False,False,70520,165640
parser.autolinks-active-65536,feature,parser.autolinks,active,,65536,65600,render,15884.8796875,118592.22916666666,7.493606345270927,7.381667818339269,7.662010661488578,6,"[7.461485565390901, 7.525727125150953]",False,False,70520,165640
parser.autolinks-active-65536,feature,parser.autolinks,active,,65536,65600,fresh,47795.71205357143,474726.234375,9.974103174673125,9.551233619807707,10.168746687067483,6,"[10.09834420041783, 9.854951246898205]",False,False,70520,165640
parser.autolinks-active-65536,feature,parser.autolinks,active,,65536,65600,reuse,46657.2734375,470412.765625,10.080778625498235,10.003973560085903,10.230850004200219,6,"[10.160748825450874, 10.067844918218801]",False,False,70520,165640
parser.superscript-plain-300,feature,parser.superscript,plain,,300,330,parse,116.71310694444493,117.17459840822488,1.0010212858278282,0.9883370955605718,1.0117226074880703,6,"[1.002055070093352, 0.9971561845704479]",True,True,342,342
parser.superscript-plain-300,feature,parser.superscript,plain,,300,330,render,52.070262232994146,52.01929318765503,1.0003991037797915,0.9772469266093264,1.0036018096735415,6,"[1.0031320056581, 0.9940428091681418]",True,True,342,342
parser.superscript-plain-300,feature,parser.superscript,plain,,300,330,fresh,498.83044112082945,497.8836233575142,0.9949656940395353,0.9912210503884085,1.006826920287563,6,"[0.9934781700152548, 0.9964532180638158]",True,True,342,342
parser.superscript-plain-300,feature,parser.superscript,plain,,300,330,reuse,166.60656170165353,167.16258620905268,1.004737379702525,0.9911415806668821,1.007162723233818,6,"[1.0051456147418356, 1.003235371615436]",True,True,342,342
parser.superscript-active-300,feature,parser.superscript,active,,300,320,parse,303.22237282411237,488.96260652803426,1.6139772529407996,1.6010627685160013,1.6306286043503775,6,"[1.6077787177170964, 1.6285621519978046]",False,False,368,440
parser.superscript-active-300,feature,parser.superscript,active,,300,320,render,163.9631859288088,304.71548195158863,1.8615663901327493,1.1274268588900023,2.02385190857114,6,"[1.8580483152860043, 1.8650844649794942]",False,False,368,440
parser.superscript-active-300,feature,parser.superscript,active,,300,320,fresh,803.6774824254891,1137.4424900820168,1.4109916816667503,1.3888802984528055,1.4299220321184591,6,"[1.4182632519542762, 1.4079891673298095]",False,False,368,440
parser.superscript-active-300,feature,parser.superscript,active,,300,320,reuse,469.6541735040352,798.7157899335006,1.7025371207087376,1.6814175510500016,1.7106491017606285,6,"[1.7085731283871906, 1.700199002676021]",False,False,368,440
parser.superscript-plain-4096,feature,parser.superscript,plain,,4096,4125,parse,1190.3799004764576,1194.8328165138369,1.0029004100229988,0.9939847147235047,1.0118692992878981,6,"[1.0035767331822227, 1.0006623441087958]",True,True,4275,4275
parser.superscript-plain-4096,feature,parser.superscript,plain,,4096,4125,render,532.1058399897952,530.1317205357784,0.997987699927509,0.987189455290395,1.0040410196048484,6,"[1.0002987267213257, 0.9936584450876274]",True,True,4275,4275
parser.superscript-plain-4096,feature,parser.superscript,plain,,4096,4125,fresh,2157.709267241379,2160.5728992623535,1.0029826352341582,0.9741222840072444,1.020033862742924,6,"[1.0031949081151914, 1.002770362353125]",True,True,4275,4275
parser.superscript-plain-4096,feature,parser.superscript,plain,,4096,4125,reuse,1733.6335014291744,1735.0425275283917,1.0001714060847136,0.9952849896576803,1.0046996568950235,6,"[1.0009208346681027, 0.9994219775013244]",True,True,4275,4275
parser.superscript-active-4096,feature,parser.superscript,active,,4096,4120,parse,3631.8882814600415,5988.9227934506525,1.6468984427653552,1.6059749397750636,1.6900863775240547,6,"[1.6717351805211869, 1.6453963440161319]",False,False,4738,5665
parser.superscript-active-4096,feature,parser.superscript,active,,4096,4120,render,1925.021827660453,3754.460425688801,1.9578922391030673,1.716945833063065,5.071276932459452,6,"[1.956983941653988, 1.9588005365521466]",False,False,4738,5665
parser.superscript-active-4096,feature,parser.superscript,active,,4096,4120,fresh,5988.640922619048,10253.777490415125,1.712452196286014,1.6833646042268018,1.7461468938324527,6,"[1.7163518076466615, 1.7019362954867792]",False,False,4738,5665
parser.superscript-active-4096,feature,parser.superscript,active,,4096,4120,reuse,5535.879662513585,9637.730288461538,1.7455457620649961,1.7332528215406695,1.7574702014626933,6,"[1.7545202820745502, 1.7437409378791087]",False,False,4738,5665
parser.superscript-plain-65536,feature,parser.superscript,plain,,65536,65670,parse,18839.690716911762,18914.024356617647,1.0011895868331426,0.9900905201174749,1.0193982656136265,6,"[1.0030552505431636, 0.9993239231231215]",True,True,68058,68058
parser.superscript-plain-65536,feature,parser.superscript,plain,,65536,65670,render,8371.779791666668,8362.547719298247,0.9983059213439126,0.9932923119734226,1.0152850534265883,6,"[0.9991913186784551, 0.9957462016497083]",True,True,68058,68058
parser.superscript-plain-65536,feature,parser.superscript,plain,,65536,65670,fresh,27814.170516304348,27826.143342391304,1.003135423508055,0.9828458085590862,1.0145439635398092,6,"[1.0051915251859127, 0.9845853188816586]",True,True,68058,68058
parser.superscript-plain-65536,feature,parser.superscript,plain,,65536,65670,reuse,27208.135190217392,27188.959182518116,0.9966971650721725,0.9822560621133777,1.0060420920824504,6,"[0.992749520248083, 1.0006448098962621]",True,True,68058,68058
parser.superscript-active-65536,feature,parser.superscript,active,,65536,65560,parse,57533.37926136363,95117.93080357142,1.6527560900359455,1.6316913802610369,1.6907033943216554,6,"[1.6579101706083834, 1.649197623476759]",False,False,75394,90145
parser.superscript-active-65536,feature,parser.superscript,active,,65536,65560,render,32796.58203125,61241.95028409091,1.871438615224283,1.8531647255698227,1.8878689199974612,6,"[1.8575680713836622, 1.8728281558875657]",False,False,75394,90145
parser.superscript-active-65536,feature,parser.superscript,active,,65536,65560,fresh,92879.64955357142,156863.1171875,1.6900225908675268,1.685980315290012,1.7044239590117574,6,"[1.6991272151476362, 1.6865548072858054]",False,False,75394,90145
parser.superscript-active-65536,feature,parser.superscript,active,,65536,65560,reuse,92526.04017857142,157998.53125,1.7082747414452686,1.6877927023056396,1.7335772068455009,6,"[1.7107480861142383, 1.7058013967762986]",False,False,75394,90145
parser.subscript-plain-300,feature,parser.subscript,plain,,300,330,parse,116.49611933809868,116.48820528202073,1.0001916086683578,0.9902330518839739,1.0057174968087126,6,"[1.0005160545530551, 0.9998671627836603]",True,True,342,342
parser.subscript-plain-300,feature,parser.subscript,plain,,300,330,render,52.162893481663446,52.078452179281975,1.0006154659903426,0.9843377288060572,1.0079546505487333,6,"[0.9984953421555447, 1.0034019077770555]",True,True,342,342
parser.subscript-plain-300,feature,parser.subscript,plain,,300,330,fresh,500.9815085789279,495.71401899412774,0.9890869464886485,0.9766068667017167,1.005659899017995,6,"[0.9785021804802899, 0.9960876521098232]",True,True,342,342
parser.subscript-plain-300,feature,parser.subscript,plain,,300,330,reuse,168.06591619818715,167.58673794338193,0.9988644317455961,0.9827878308977486,1.0122873138092527,6,"[1.0049085497098538, 0.988961669526417]",True,True,342,342
parser.subscript-active-300,feature,parser.subscript,active,,300,304,parse,523.2282745125054,504.56258780969546,0.9646095934692069,0.9555405102717923,0.9729067778975679,6,"[0.9646362806627679, 0.964582906275646]",False,False,352,424
parser.subscript-active-300,feature,parser.subscript,active,,300,304,render,329.3738984883323,300.22293267167754,0.9119011551371764,0.8953450711363792,0.927395610507247,6,"[0.9209318252791016, 0.9028704849952512]",False,False,352,424
parser.subscript-active-300,feature,parser.subscript,active,,300,304,fresh,1195.0060097513428,1150.933114196559,0.9668377176615558,0.9477122447133918,0.9802777766583904,6,"[0.9633034520109345, 0.9728048000124591]",False,False,352,424
parser.subscript-active-300,feature,parser.subscript,active,,300,304,reuse,865.9894843162722,810.097844149552,0.9429769781485348,0.9238317087562186,0.9611510494205091,6,"[0.939071350482912, 0.9468826058141575]",False,False,352,424
parser.subscript-plain-4096,feature,parser.subscript,plain,,4096,4125,parse,1194.2815022920086,1192.1248400993309,1.0016864083563628,0.9904481592001816,1.0111679955328656,6,"[0.9985515668040505, 1.0036119757980666]",True,True,4275,4275
parser.subscript-plain-4096,feature,parser.subscript,plain,,4096,4125,render,531.4149321421405,535.3562129366965,1.0051718923565438,0.9845644652510972,1.0243606071884763,6,"[1.0102791808757596, 1.000064603837328]",True,True,4275,4275
parser.subscript-plain-4096,feature,parser.subscript,plain,,4096,4125,fresh,2151.8738724226805,2151.5963280880965,0.9955088124703306,0.9877901375225346,1.026387412586055,6,"[0.9949335619749137, 1.0096427919538336]",True,True,4275,4275
parser.subscript-plain-4096,feature,parser.subscript,plain,,4096,4125,reuse,1746.4673954167379,1742.3634227019497,0.9988949569890304,0.9843399992526256,1.017413782792633,6,"[0.9970940929590064, 1.017257155294769]",True,True,4275,4275
parser.subscript-active-4096,feature,parser.subscript,active,,4096,4104,parse,6563.896472382126,6363.320707070707,0.971554348581562,0.9648879127920679,0.9754642716010535,6,"[0.9740387251829934, 0.9700639494611556]",False,False,4752,5724
parser.subscript-active-4096,feature,parser.subscript,active,,4096,4104,render,4187.203544463087,3813.9299894909464,0.9127092460861388,0.898009600593613,0.9325421596965224,6,"[0.9057609309000177, 0.9251917425213216]",False,False,4752,5724
parser.subscript-active-4096,feature,parser.subscript,active,,4096,4104,fresh,11501.645454545454,10749.691207627118,0.9362347782558937,0.9293333138358565,0.9553179685751685,6,"[0.9355146328884124, 0.937987114492405]",False,False,4752,5724
parser.subscript-active-4096,feature,parser.subscript,active,,4096,4104,reuse,10932.638942453115,10273.6870166248,0.9435364220343095,0.9125449236148897,0.9581346357754801,6,"[0.9428705312850021, 0.9498627716645456]",False,False,4752,5724
parser.subscript-plain-65536,feature,parser.subscript,plain,,65536,65670,parse,18730.373161764706,18767.022977941175,1.0012925911037827,0.9962281001382848,1.0169041125106986,6,"[1.0028049131071126, 1.0011083287835938]",True,True,68058,68058
parser.subscript-plain-65536,feature,parser.subscript,plain,,65536,65670,render,8314.881578947368,8364.913333333334,1.0031023344840535,0.9935661886002809,1.0254010863431553,6,"[1.001331228135352, 1.0048734408327549]",True,True,68058,68058
parser.subscript-plain-65536,feature,parser.subscript,plain,,65536,65670,fresh,27868.744565217392,27855.978260869568,0.9999512564160828,0.9861191757575758,1.0172355650692992,6,"[0.9990082319276063, 1.0008942809045593]",True,True,68058,68058
parser.subscript-plain-65536,feature,parser.subscript,plain,,65536,65670,reuse,27313.292798913044,27367.499320652176,0.9987521856077295,0.9858403812433884,1.020344512190341,6,"[1.0007473339862465, 0.9913575155667373]",True,True,68058,68058
parser.subscript-active-65536,feature,parser.subscript,active,,65536,65550,parse,107093.75260416667,104128.37760416666,0.9694147420609778,0.9592621708741628,0.9746304150196992,6,"[0.9743945288494885, 0.967194516023229]",False,False,75900,91425
parser.subscript-active-65536,feature,parser.subscript,active,,65536,65550,render,69203.3859375,63211.590625,0.9139864279533544,0.9032181546168677,0.9221575413955216,6,"[0.9160352304593388, 0.91193762544737]",False,False,75900,91425
parser.subscript-active-65536,feature,parser.subscript,active,,65536,65550,fresh,178452.9609375,168064.61328125,0.940569964125304,0.9370397676979962,0.9527755535254127,6,"[0.9402355512238258, 0.9418600980488085]",False,False,75900,91425
parser.subscript-active-65536,feature,parser.subscript,active,,65536,65550,reuse,177747.06640625,167633.296875,0.9422227224277154,0.927675612858784,0.9498100677913309,6,"[0.9429522622309843, 0.9414931826244466]",False,False,75900,91425
parser.math-plain-300,feature,parser.math,plain,,300,330,parse,117.28450016870697,118.06080143098107,1.0080851225232856,1.000181931700183,1.016532386946208,6,"[1.0054391645326957, 1.0107310805138756]",True,True,342,342
parser.math-plain-300,feature,parser.math,plain,,300,330,render,52.35250128946527,52.62432784774291,1.0053788737524456,0.9833865045930317,1.0118857159398724,6,"[1.0107525912031108, 1.0010896898575021]",True,True,342,342
parser.math-plain-300,feature,parser.math,plain,,300,330,fresh,505.96133906308756,501.74893058203645,0.9964855147314972,0.9570123470053808,1.0035298572502678,6,"[1.0024680925868374, 0.9962068783690685]",True,True,342,342
parser.math-plain-300,feature,parser.math,plain,,300,330,reuse,168.18926553672316,169.52827173310436,1.0054210208319079,0.8185555663699337,1.0156688454764173,6,"[1.0027383908550294, 1.0084761806911027]",True,True,342,342
parser.math-active-300,feature,parser.math,active,,300,320,parse,873.9693523960327,672.6548387096774,0.7700992749047915,0.7668063764093481,0.7756863356571261,6,"[0.7703028840918507, 0.7698956657177322]",False,False,416,2032
parser.math-active-300,feature,parser.math,active,,300,320,render,258.6881719001849,673.1148465743187,2.5861287030385807,2.545171903452154,2.6506691832293474,6,"[2.6129776077697717, 2.56745009714033]",False,False,416,2032
parser.math-active-300,feature,parser.math,active,,300,320,fresh,1480.0842989219127,1829.2130066077184,1.2402300893988563,1.207435669461095,1.24738779678557,6,"[1.2396601824753495, 1.2407999963223633]",False,False,416,2032
parser.math-active-300,feature,parser.math,active,,300,320,reuse,1148.864377004786,1363.5994068314506,1.179935860899073,1.1723101056281706,1.2040446060811327,6,"[1.1803253868202281, 1.1729901066930288]",False,False,416,2032
parser.math-plain-4096,feature,parser.math,plain,,4096,4125,parse,1204.3838755882243,1210.2335589941972,1.003685392496627,0.988174669581596,1.0275770463056422,6,"[1.0049469239271984, 1.0024238610660554]",True,True,4275,4275
parser.math-plain-4096,feature,parser.math,plain,,4096,4125,render,533.7608488328372,528.4254756205959,0.9934886877878468,0.9823889822065777,1.0030843969089636,6,"[0.9974309778667183, 0.9846238968163649]",True,True,4275,4275
parser.math-plain-4096,feature,parser.math,plain,,4096,4125,fresh,2155.445531349982,2165.6557762609177,1.0059932434163001,0.991507951975587,1.0184446877055113,6,"[1.0097400043466145, 1.005152728261739]",True,True,4275,4275
parser.math-plain-4096,feature,parser.math,plain,,4096,4125,reuse,1740.3197448787141,1735.4791402162205,1.0015344654472151,0.9744123385760626,1.0123001427633664,6,"[0.9987337113485663, 1.0043352195458641]",True,True,4275,4275
parser.math-active-4096,feature,parser.math,active,,4096,4120,parse,10745.177966101695,8168.467532467532,0.7592052496229631,0.747578325400916,0.7815051934334871,6,"[0.7625402166729615, 0.7586539948119321]",False,False,5356,26162
parser.math-active-4096,feature,parser.math,active,,4096,4120,render,3142.521791771357,8275.517560769822,2.64355428304287,2.607234621718955,2.653070830529699,6,"[2.646290674163945, 2.631945361644462]",False,False,5356,26162
parser.math-active-4096,feature,parser.math,active,,4096,4120,fresh,14419.906960227272,17710.8828125,1.2235502441230186,1.203500830957691,1.2527803768245005,6,"[1.2225084415575436, 1.2357425823162533]",False,False,5356,26162
parser.math-active-4096,feature,parser.math,active,,4096,4120,reuse,13916.235039251207,16483.564935475708,1.1816736592349324,1.1737070072398925,1.2064236454033792,6,"[1.1834643377991156, 1.1783886617500416]",False,False,5356,26162
parser.math-plain-65536,feature,parser.math,plain,,65536,65670,parse,18888.748161764706,18988.268326648842,1.002977743133242,0.9899493269150844,1.0325199151324624,6,"[1.0045404244701654, 0.9967475393880407]",True,True,68058,68058
parser.math-plain-65536,feature,parser.math,plain,,65536,65670,render,8369.288125,8404.461875,1.0018455710496772,0.9930356929142867,1.0091979352557592,6,"[1.0022380505997024, 1.001453091499652]",True,True,68058,68058
parser.math-plain-65536,feature,parser.math,plain,,65536,65670,fresh,27908.344429347824,28051.036005434784,1.0051122704890882,0.9729608586809297,1.0266972109558212,6,"[1.0080393938916046, 1.002185147086572]",True,True,68058,68058
parser.math-plain-65536,feature,parser.math,plain,,65536,65670,reuse,27485.280570652176,27562.472146739132,1.0028910754863631,0.9900143823304325,1.011679209631792,6,"[1.0016102128112179, 1.0041719381615084]",True,True,68058,68058
parser.math-active-65536,feature,parser.math,active,,65536,65560,parse,170706.05859375,130544.009375,0.7679183860659577,0.756606277382247,0.7714065734768252,6,"[0.7677437522601496, 0.7680930198717658]",False,False,85228,416306
parser.math-active-65536,feature,parser.math,active,,65536,65560,render,55330.458333333336,139972.265625,2.5282743216328294,2.5229241700435034,2.5533322485584287,6,"[2.5281751868833817, 2.553145311427592]",False,False,85228,416306
parser.math-active-65536,feature,parser.math,active,,65536,65560,fresh,229272.35416666666,270491.75,1.1808478170325512,1.163930659163897,1.1857263627938501,6,"[1.1804708583494736, 1.1812247757156287]",False,False,85228,416306
parser.math-active-65536,feature,parser.math,active,,65536,65560,reuse,230956.59375,270788.1927083334,1.1799808520025576,1.1407983416779544,1.1863633711744352,6,"[1.1813891632873688, 1.1785725407177465]",False,False,85228,416306
parser.definition_lists-plain-300,feature,parser.definition_lists,plain,,300,330,parse,117.60990092038764,316.0520964989889,2.6821491261292745,2.636211838849577,2.7162039361341144,6,"[2.6845983862670324, 2.6796998659915165]",True,True,342,342
parser.definition_lists-plain-300,feature,parser.definition_lists,plain,,300,330,render,52.458729092466854,52.25820370555762,1.00058328719407,0.9799522988020265,1.018801400261399,6,"[1.0000104497173352, 1.0032908185210174]",True,True,342,342
parser.definition_lists-plain-300,feature,parser.definition_lists,plain,,300,330,fresh,494.729863034019,702.9871218026577,1.4179806137942037,1.3624792034180844,1.4342756168275161,6,"[1.4253664176913103, 1.4050937024126102]",True,True,342,342
parser.definition_lists-plain-300,feature,parser.definition_lists,plain,,300,330,reuse,166.8947598971132,360.6680795467403,2.1578211363128084,2.145795703883756,2.1661749393950176,6,"[2.1573338142434193, 2.158308458382197]",True,True,342,342
parser.definition_lists-active-300,feature,parser.definition_lists,active,,300,324,parse,1095.5203858386149,4178.000805049669,3.8061266206670923,3.7708653184637675,3.823144568472366,6,"[3.8111401880977414, 3.801113053236443]",False,False,495,614
parser.definition_lists-active-300,feature,parser.definition_lists,active,,300,324,render,271.00143858437184,351.46169781879416,1.297288752205,1.2814916313178284,1.3105262211906117,6,"[1.2975396167822826, 1.2970378876277178]",False,False,495,614
parser.definition_lists-active-300,feature,parser.definition_lists,active,,300,324,fresh,1728.4131129143648,4927.80165784941,2.855398736893387,2.80298361576578,2.864365335780828,6,"[2.852138457798609, 2.858659015988165]",False,False,495,614
parser.definition_lists-active-300,feature,parser.definition_lists,active,,300,324,reuse,1377.6933097739266,4524.880170863309,3.2903246911908015,3.2516578281388133,3.333687458963856,6,"[3.2765980922591997, 3.304051290122403]",False,False,495,614
parser.definition_lists-plain-4096,feature,parser.definition_lists,plain,,4096,4125,parse,1203.3581733652923,3817.331173780488,3.1761276688622404,3.1488627969929817,3.2185899468583807,6,"[3.170586410089875, 3.184369447903032]",True,True,4275,4275
parser.definition_lists-plain-4096,feature,parser.definition_lists,plain,,4096,4125,render,530.8073137733447,533.0065440754388,1.0032682465226814,0.9836788726626664,1.0228690909275213,6,"[1.0045595576038266, 1.0019769354415362]",True,True,4275,4275
parser.definition_lists-plain-4096,feature,parser.definition_lists,plain,,4096,4125,fresh,2149.388316151203,4769.176136363636,2.213146573588304,2.1987299417903374,2.244634286005243,6,"[2.202098237558366, 2.2199049367130006]",True,True,4275,4275
parser.definition_lists-plain-4096,feature,parser.definition_lists,plain,,4096,4125,reuse,1768.2166970420649,4436.408916548877,2.5062152812629774,2.4903974295326505,2.556022110733266,6,"[2.5069619305661117, 2.505468631959843]",True,True,4275,4275
parser.definition_lists-active-4096,feature,parser.definition_lists,active,,4096,4104,parse,13565.879986702126,52027.3687900641,3.846340822695179,3.791169713211964,3.8751892631036564,6,"[3.831966471823289, 3.874095959882344]",False,False,6270,7334
parser.definition_lists-active-4096,feature,parser.definition_lists,active,,4096,4104,render,3193.694935350409,4198.598912192394,1.3066755170055637,1.3022862711818814,1.3209047745982183,6,"[1.3049600060743944, 1.3178735370512251]",False,False,6270,7334
parser.definition_lists-active-4096,feature,parser.definition_lists,active,,4096,4104,fresh,17397.15329391892,57237.451704545456,3.2894185909441562,3.2284252262491226,3.376867106586707,6,"[3.2900421370247193, 3.2887950448635928]",False,False,6270,7334
parser.definition_lists-active-4096,feature,parser.definition_lists,active,,4096,4104,reuse,16914.78207236842,56803.11328125,3.357535451842388,3.330438981698196,3.376950939963738,6,"[3.346049757156457, 3.3690211465283184]",False,False,6270,7334
parser.definition_lists-plain-65536,feature,parser.definition_lists,plain,,65536,65670,parse,18664.828584558825,59715.079545454544,3.219231948559944,3.175856422515178,3.242868359583251,6,"[3.22246756407294, 3.2159963330469488]",True,True,68058,68058
parser.definition_lists-plain-65536,feature,parser.definition_lists,plain,,65536,65670,render,8450.041644144145,8435.173541666667,0.9995751965019417,0.9786329946166268,1.0114595405344597,6,"[0.992230246971822, 1.0090717772464635]",True,True,68058,68058
parser.definition_lists-plain-65536,feature,parser.definition_lists,plain,,65536,65670,fresh,27967.306385869568,70185.25694444444,2.5039455526285437,2.4796947606584996,2.5460257781628277,6,"[2.5143491214038813, 2.500801518061768]",True,True,68058,68058
parser.definition_lists-plain-65536,feature,parser.definition_lists,plain,,65536,65670,reuse,27244.982280344204,68913.475,2.532004832918045,2.489453823051549,2.5444706570883753,6,"[2.53647930231169, 2.5275303635244]",True,True,68058,68058
parser.definition_lists-active-65536,feature,parser.definition_lists,active,,65536,65556,parse,223638.890625,839264.328125,3.75352088136807,3.717854240368482,3.8079469579551226,6,"[3.7623816345781007, 3.744660128158039]",False,False,100155,116582
parser.definition_lists-active-65536,feature,parser.definition_lists,active,,65536,65556,render,56064.99609375,68277.0171875,1.2191145205768879,1.1966081378671953,1.233192448577064,6,"[1.2053044532489123, 1.2288557685582495]",False,False,100155,116582
parser.definition_lists-active-65536,feature,parser.definition_lists,active,,65536,65556,fresh,277394.96875,913898.4375,3.2989806039710023,3.2545336318720968,3.326841752251202,6,"[3.3149766676317403, 3.2829845403102644]",False,False,100155,116582
parser.definition_lists-active-65536,feature,parser.definition_lists,active,,65536,65556,reuse,278425.5625,909241.53125,3.256830652710896,3.191087628512523,3.293127879389732,6,"[3.2812273296636536, 3.2324339757581386]",False,False,100155,116582
parser.heading_attributes-plain-300,feature,parser.heading_attributes,plain,,300,330,parse,117.09664256620627,117.43204517821496,1.0040476517785448,0.993092952838989,1.0237781819887677,6,"[1.0040510571855468, 0.9971692917310973]",True,True,342,342
parser.heading_attributes-plain-300,feature,parser.heading_attributes,plain,,300,330,render,51.98227175669141,51.741266986671135,0.9963104104301292,0.9896033351754401,1.0029200771748363,6,"[0.9920260648349123, 1.0019270735941637]",True,True,342,342
parser.heading_attributes-plain-300,feature,parser.heading_attributes,plain,,300,330,fresh,501.06832012261486,493.90910789156794,0.9872613042385812,0.9775024135613964,1.0210570756838322,6,"[0.9787245076755475, 1.0022632691192521]",True,True,342,342
parser.heading_attributes-plain-300,feature,parser.heading_attributes,plain,,300,330,reuse,166.16627335055642,165.5060142487305,1.0014797895498193,0.9884411136094645,1.0142477972648305,6,"[0.9992967838280782, 1.0036627952715604]",True,True,342,342
parser.heading_attributes-active-300,feature,parser.heading_attributes,active,,300,324,parse,642.378527595568,1053.415009469697,1.6440327674374458,1.6395019610629848,1.6673196296222401,6,"[1.6482693190520898, 1.643495084644078]",False,False,691,513
parser.heading_attributes-active-300,feature,parser.heading_attributes,active,,300,324,render,1084.659784207161,592.1105404169641,0.5473660745807212,0.5394367741937306,0.5511623957659983,6,"[0.5465586079001714, 0.5484614388897591]",False,False,691,513
parser.heading_attributes-active-300,feature,parser.heading_attributes,active,,300,324,fresh,2173.45142920972,2048.1575732899023,0.9433837660103332,0.9380244027533821,0.9541698947841951,6,"[0.9446154722483094, 0.942152059772357]",False,False,691,513
parser.heading_attributes-active-300,feature,parser.heading_attributes,active,,300,324,reuse,1711.028178196865,1648.3604029605262,0.964846622726641,0.9520813001280489,0.9736459342014773,6,"[0.9702058352284603, 0.9535790292987467]",False,False,691,513
parser.heading_attributes-plain-4096,feature,parser.heading_attributes,plain,,4096,4125,parse,1202.4762448906192,1204.1727702474248,0.9999157973226738,0.9933125187300996,1.0052449113601585,6,"[0.995219411581885, 1.0020445087142986]",True,True,4275,4275
parser.heading_attributes-plain-4096,feature,parser.heading_attributes,plain,,4096,4125,render,531.1367152083994,532.0589494680851,0.997638597686456,0.9956310008947905,1.0279785824118466,6,"[0.9986736047764978, 0.9966035905964142]",True,True,4275,4275
parser.heading_attributes-plain-4096,feature,parser.heading_attributes,plain,,4096,4125,fresh,2150.7089386798007,2151.1070349403635,1.0016485737736203,0.9892896676178797,1.0146186652036766,6,"[1.0077668747489221, 0.992236845432251]",True,True,4275,4275
parser.heading_attributes-plain-4096,feature,parser.heading_attributes,plain,,4096,4125,reuse,1735.3357935855265,1721.7906078296703,0.9915483180746041,0.9839642282805858,1.0109731130779238,6,"[0.9899623461553253, 0.9931342899938829]",True,True,4275,4275
parser.heading_attributes-active-4096,feature,parser.heading_attributes,active,,4096,4104,parse,7537.714845991108,12751.1328125,1.6835644839136634,1.673507285781145,1.7083542097268223,6,"[1.7078904016192609, 1.6797351025376137]",False,False,8894,6498
parser.heading_attributes-active-4096,feature,parser.heading_attributes,active,,4096,4104,render,13512.854388297872,7220.605962643678,0.5350003483561667,0.532458673967805,0.5411003736654518,6,"[0.5349497265009727, 0.5350509702113608]",False,False,8894,6498
parser.heading_attributes-active-4096,feature,parser.heading_attributes,active,,4096,4104,fresh,22109.419719827587,20654.024193548386,0.9369657023462352,0.9204219625640961,0.9588613991331489,6,"[0.9388192871575146, 0.9351121175349557]",False,False,8894,6498
parser.heading_attributes-active-4096,feature,parser.heading_attributes,active,,4096,4104,reuse,21046.09427083333,20074.48291015625,0.9525478609663567,0.9422710974655724,0.9637084813947893,6,"[0.9544437123087275, 0.9493362230648216]",False,False,8894,6498
parser.heading_attributes-plain-65536,feature,parser.heading_attributes,plain,,65536,65670,parse,18704.790900735294,18631.357536764706,0.9967971587116945,0.9789785677426588,1.0169012479639652,6,"[0.9997466054399484, 0.9836177486957672]",True,True,68058,68058
parser.heading_attributes-plain-65536,feature,parser.heading_attributes,plain,,65536,65670,render,8500.677364864865,8430.051708896397,0.9918566496708044,0.9683972616038763,1.006083360180647,6,"[0.992180050901098, 0.9855364363068959]",True,True,68058,68058
parser.heading_attributes-plain-65536,feature,parser.heading_attributes,plain,,65536,65670,fresh,27766.813858695652,27736.922554347824,1.000493393312581,0.9825042232625284,1.0098881329753981,6,"[0.999287821076277, 1.001698965548885]",True,True,68058,68058
parser.heading_attributes-plain-65536,feature,parser.heading_attributes,plain,,65536,65670,reuse,27259.765625,27312.479732789856,1.000663771646409,0.9883177692347122,1.0107551030593402,6,"[0.9948984965681578, 1.0026630992751142]",True,True,68058,68058
parser.heading_attributes-active-65536,feature,parser.heading_attributes,active,,65536,65556,parse,121344.94270833334,207765.296875,1.7104693801976225,1.6924996132204433,1.7331076585628946,6,"[1.7139369393239714, 1.7070018210712734]",False,False,144568,103797
parser.heading_attributes-active-65536,feature,parser.heading_attributes,active,,65536,65556,render,216719.6145833333,115855.03385416666,0.5324989227489776,0.520422414295879,0.5445838413625034,6,"[0.533803872835857, 0.5311939726620981]",False,False,144568,103797
parser.heading_attributes-active-65536,feature,parser.heading_attributes,active,,65536,65556,fresh,341767.90625,326189.125,0.9531892568528545,0.9505109505738192,0.961180353100101,6,"[0.9527360206135025, 0.957785778898247]",False,False,144568,103797
parser.heading_attributes-active-65536,feature,parser.heading_attributes,active,,65536,65556,reuse,342979.4921875,329307.9453125,0.9610062913990342,0.9380699313522124,1.046338345081556,6,"[0.9582384383587174, 0.9637741444393509]",False,False,144568,103797
parser.wiki_links-plain-300,feature,parser.wiki_links,plain,,300,330,parse,117.52032741574612,117.49582119864375,0.9991434684861582,0.9919587132232494,1.020880360171561,6,"[0.9995601379890876, 0.9946849770960602]",True,True,342,342
parser.wiki_links-plain-300,feature,parser.wiki_links,plain,,300,330,render,51.92362618387318,52.44838161924892,1.012752733480648,0.9869408463231718,1.0230012123311432,6,"[0.9894331452567604, 1.012918419941425]",True,True,342,342
parser.wiki_links-plain-300,feature,parser.wiki_links,plain,,300,330,fresh,497.2286570799706,498.60426484405554,1.0079671146088822,0.9996603021977025,1.0147623666548773,6,"[1.003852450186715, 1.009276713872888]",True,True,342,342
parser.wiki_links-plain-300,feature,parser.wiki_links,plain,,300,330,reuse,168.47212699760414,167.47935964087162,0.9998525494604571,0.9819565678856556,1.0173927676157597,6,"[1.0003402123144982, 0.9993648866064159]",True,True,342,342
parser.wiki_links-active-300,feature,parser.wiki_links,active,,300,322,parse,2251.854321381604,1174.009011512278,0.5219484224666362,0.513315494736251,0.5334801463654452,6,"[0.5242680665900912, 0.5189550848697524]",False,False,364,609
parser.wiki_links-active-300,feature,parser.wiki_links,active,,300,322,render,371.70818718048844,595.8395359667938,1.6022289121795064,1.571366640949095,1.63074938495886,6,"[1.608410051251897, 1.57910753857094]",False,False,364,609
parser.wiki_links-active-300,feature,parser.wiki_links,active,,300,322,fresh,2979.363139669375,2141.6149400684935,0.7187617553959604,0.71121403528525,0.7242160988287937,6,"[0.7155033751133705, 0.7228576546540323]",False,False,364,609
parser.wiki_links-active-300,feature,parser.wiki_links,active,,300,322,reuse,2606.0776600699364,1770.6368381632124,0.6795002065181606,0.6724151374182615,0.687626182327109,6,"[0.6796433502686581, 0.679357062767663]",False,False,364,609
parser.wiki_links-plain-4096,feature,parser.wiki_links,plain,,4096,4125,parse,1190.2681664742895,1192.0427297460014,1.0019820328491984,0.9849959816712996,1.012572110422672,6,"[1.0032872054084687, 1.0006768602899283]",True,True,4275,4275
parser.wiki_links-plain-4096,feature,parser.wiki_links,plain,,4096,4125,render,536.2440160789771,530.377518023749,0.9893125227075965,0.9784322222403549,0.9992014464312348,6,"[0.9935140565626687, 0.9879369609333727]",True,True,4275,4275
parser.wiki_links-plain-4096,feature,parser.wiki_links,plain,,4096,4125,fresh,2151.821336806782,2148.0934298577768,0.9961029597394171,0.9774663579870843,1.0067630453360115,6,"[1.0018674303031634, 0.9903384891756707]",True,True,4275,4275
parser.wiki_links-plain-4096,feature,parser.wiki_links,plain,,4096,4125,reuse,1729.750145303487,1730.0619482072893,0.9997165095577668,0.9873987497872143,1.0030945990809794,6,"[1.002254320402281, 0.9972976702213081]",True,True,4275,4275
parser.wiki_links-active-4096,feature,parser.wiki_links,active,,4096,4140,parse,26658.284505208332,14373.209872159092,0.5395762333745586,0.5283694236393339,0.5477424538761794,6,"[0.537299234354076, 0.5418532323950411]",False,False,4680,7830
parser.wiki_links-active-4096,feature,parser.wiki_links,active,,4096,4140,render,4579.655223540146,7526.103608630952,1.6384730886399952,1.634630870639934,1.6623157040999672,6,"[1.6371046681241637, 1.6579621767381767]",False,False,4680,7830
parser.wiki_links-active-4096,feature,parser.wiki_links,active,,4096,4140,fresh,31869.075,22332.87934883005,0.7014097690348966,0.6959144837829434,0.7047807754187807,6,"[0.7033496761916777, 0.6994698618781156]",False,False,4680,7830
parser.wiki_links-active-4096,feature,parser.wiki_links,active,,4096,4140,reuse,31243.074404761905,21747.59506106322,0.6998339540444629,0.6800307886170615,0.7105688008057531,6,"[0.6979198726042336, 0.7017480354846923]",False,False,4680,7830
parser.wiki_links-plain-65536,feature,parser.wiki_links,plain,,65536,65670,parse,18555.72104779412,18643.745863970587,1.0023982176018853,0.9846057144404218,1.0244668353957487,6,"[1.0028959859780229, 1.0019004492257477]",True,True,68058,68058
parser.wiki_links-plain-65536,feature,parser.wiki_links,plain,,65536,65670,render,8417.98625,8437.056235923425,1.0045496009904804,0.9984027630573862,1.0088600363541937,6,"[1.0042972143385394, 1.0048019876424217]",True,True,68058,68058
parser.wiki_links-plain-65536,feature,parser.wiki_links,plain,,65536,65670,fresh,28079.483016304348,27968.947690217392,0.994617870404767,0.9816649541338189,1.0084179290185764,6,"[0.9984722096729143, 0.9898530231311687]",True,True,68058,68058
parser.wiki_links-plain-65536,feature,parser.wiki_links,plain,,65536,65670,reuse,27144.18996263587,27197.2139379529,1.0030809182075398,0.9852231558857318,1.014897776889394,6,"[1.001361623454901, 1.0048002129601785]",True,True,68058,68058
parser.wiki_links-active-65536,feature,parser.wiki_links,active,,65536,65550,parse,408657.5546875,229191.40625,0.5596553227168781,0.5570328902219658,0.573396428381147,6,"[0.5601906575868224, 0.5588714879867689]",False,False,74100,123975
parser.wiki_links-active-65536,feature,parser.wiki_links,active,,65536,65550,render,73814.81423611111,120899.63020833334,1.6410095376504232,1.61133308904832,1.6588053809594996,6,"[1.6405611216675304, 1.643881256537119]",False,False,74100,123975
parser.wiki_links-active-65536,feature,parser.wiki_links,active,,65536,65550,fresh,484626.9609375,351491.5390625,0.7231709122987013,0.7162243599332883,0.7344272774294264,6,"[0.722856653602653, 0.7234851709947495]",False,False,74100,123975
parser.wiki_links-active-65536,feature,parser.wiki_links,active,,65536,65550,reuse,481697.921875,348488.28125,0.7209130206776493,0.7127477227340853,0.7292106791682113,6,"[0.727571369790201, 0.7187745538158327]",False,False,74100,123975
parser.cjk_emphasis-plain-300,feature,parser.cjk_emphasis,plain,,300,330,parse,116.6967839209006,116.46293085774235,0.9941225198479487,0.9887183548795674,1.0083071120380693,6,"[0.9953575538275853, 0.9918745227720944]",True,True,342,342
parser.cjk_emphasis-plain-300,feature,parser.cjk_emphasis,plain,,300,330,render,52.453823142498905,52.318624524478125,0.9994668073770836,0.9907956949037292,1.0148821877688607,6,"[0.9990004599919023, 0.999933154762265]",True,True,342,342
parser.cjk_emphasis-plain-300,feature,parser.cjk_emphasis,plain,,300,330,fresh,500.50622658819174,499.88499658273383,0.9923824031710013,0.9853220967139402,1.0151447054051672,6,"[0.9923100518671166, 0.9927315305855656]",True,True,342,342
parser.cjk_emphasis-plain-300,feature,parser.cjk_emphasis,plain,,300,330,reuse,166.82231671569212,166.92899699599465,0.998684344242177,0.9904059785830045,1.0079876030400512,6,"[0.9952991674652045, 1.0020695210191495]",True,True,342,342
parser.cjk_emphasis-active-300,feature,parser.cjk_emphasis,active,,300,354,parse,1659.664853820148,1842.9481307207616,1.1012907443608524,1.086321115685179,1.1233956729703845,6,"[1.0957630655792145, 1.1068184231424902]",False,False,390,510
parser.cjk_emphasis-active-300,feature,parser.cjk_emphasis,active,,300,354,render,374.98333444663956,273.07154107729485,0.7305167482989527,0.720217910618671,0.7423573822566997,6,"[0.7318956288865025, 0.729137867711403]",False,False,390,510
parser.cjk_emphasis-active-300,feature,parser.cjk_emphasis,active,,300,354,fresh,2386.7094682512143,2453.8306096595106,1.0287221766273023,1.0128385964188764,1.0500426701696322,6,"[1.0347110037275835, 1.0153205484499512]",False,False,390,510
parser.cjk_emphasis-active-300,feature,parser.cjk_emphasis,active,,300,354,reuse,2041.6863423708246,2112.691775760135,1.0359065805543635,1.0088621524108379,1.0568009091527242,6,"[1.0387610283448494, 1.0169637037254091]",False,False,390,510
parser.cjk_emphasis-plain-4096,feature,parser.cjk_emphasis,plain,,4096,4125,parse,1202.299854200502,1200.5262534998526,1.0010140033495918,0.9830900368910268,1.0175843998239624,6,"[1.0013341336676138, 0.9960586790871104]",True,True,4275,4275
parser.cjk_emphasis-plain-4096,feature,parser.cjk_emphasis,plain,,4096,4125,render,533.3963129949067,536.5882045292822,1.000365149870396,0.9823529356045173,1.0153026628022241,6,"[1.009237967637372, 0.9966438991915016]",True,True,4275,4275
parser.cjk_emphasis-plain-4096,feature,parser.cjk_emphasis,plain,,4096,4125,fresh,2147.8265732020545,2176.4793747664057,1.013385442551438,1.0030170483668428,1.0258033854832362,6,"[1.0123013050471572, 1.0144695800557186]",True,True,4275,4275
parser.cjk_emphasis-plain-4096,feature,parser.cjk_emphasis,plain,,4096,4125,reuse,1718.9663890796703,1711.7832982446291,1.0004651525159558,0.9882416904145283,1.0137715530268425,6,"[0.9985889515160982, 1.002489624609183]",True,True,4275,4275
parser.cjk_emphasis-active-4096,feature,parser.cjk_emphasis,active,,4096,4130,parse,18938.840073529413,21008.485416666666,1.1062404966991621,1.0924289463451504,1.1203074816986562,6,"[1.1073532569262075, 1.1051277364721168]",False,False,4550,5950
parser.cjk_emphasis-active-4096,feature,parser.cjk_emphasis,active,,4096,4130,render,4281.356292517006,3031.5048309178746,0.7078617451550044,0.7063987698349329,0.7166261265887813,6,"[0.7093057690138445, 0.7067000382475833]",False,False,4550,5950
parser.cjk_emphasis-active-4096,feature,parser.cjk_emphasis,active,,4096,4130,fresh,23586.56423611111,24579.47716346154,1.0449829653586975,1.027640329875066,1.0511015129820551,6,"[1.0461693608042164, 1.039368165077898]",False,False,4550,5950
parser.cjk_emphasis-active-4096,feature,parser.cjk_emphasis,active,,4096,4130,reuse,23272.06365740741,24043.089120370372,1.0324682488829784,1.0083090794570848,1.0401436660055774,6,"[1.030832628014929, 1.0341038697510276]",False,False,4550,5950
parser.cjk_emphasis-plain-65536,feature,parser.cjk_emphasis,plain,,65536,65670,parse,18861.38556985294,18695.140165441175,0.9979265983699073,0.9798965617192168,1.013926120132473,6,"[0.9994156117620466, 0.989293699321768]",True,True,68058,68058
parser.cjk_emphasis-plain-65536,feature,parser.cjk_emphasis,plain,,65536,65670,render,8447.85379222973,8425.375492680181,0.9936728297843305,0.9810144070435254,1.0155430401943397,6,"[0.9925136144294344, 1.003799024048027]",True,True,68058,68058
parser.cjk_emphasis-plain-65536,feature,parser.cjk_emphasis,plain,,65536,65670,fresh,27873.5,28041.015625,1.0037347042217446,0.9988324282656026,1.0119632156226461,6,"[1.0049846523831238, 1.0015630588549314]",True,True,68058,68058
parser.cjk_emphasis-plain-65536,feature,parser.cjk_emphasis,plain,,65536,65670,reuse,27246.65964673913,27357.846467391304,1.0034874251791903,0.9795626175488538,1.0212812536369182,6,"[1.003649046483523, 0.9888382555170987]",True,True,68058,68058
parser.cjk_emphasis-active-65536,feature,parser.cjk_emphasis,active,,65536,65549,parse,301001.953125,334508.7890625,1.1067793283483032,1.0866295120881388,1.1265155877909787,6,"[1.109820821697865, 1.1037378349987412]",False,False,72215,94435
parser.cjk_emphasis-active-65536,feature,parser.cjk_emphasis,active,,65536,65549,render,68217.96875,51350.611778846156,0.7491673300764656,0.7459819178299658,0.7621575083301404,6,"[0.7516762935329525, 0.7463728523866887]",False,False,72215,94435
parser.cjk_emphasis-active-65536,feature,parser.cjk_emphasis,active,,65536,65549,fresh,376441.734375,388802.734375,1.037880942327571,1.0239902674773582,1.7446660421796558,6,"[1.0328304413721616, 1.042570630660585]",False,False,72215,94435
parser.cjk_emphasis-active-65536,feature,parser.cjk_emphasis,active,,65536,65549,reuse,369961.59375,384234.703125,1.0371206762647938,1.0257514990774763,1.0496302781140794,6,"[1.042880925913121, 1.031390640003515]",False,False,72215,94435
parser.mdx-plain-300,feature,parser.mdx,plain,,300,330,parse,116.32806735840192,117.03087573737432,1.0067137768467562,1.0007303038139654,1.0252995041095472,6,"[1.0020329963804455, 1.0106890782645694]",True,True,342,342
parser.mdx-plain-300,feature,parser.mdx,plain,,300,330,render,52.09399679593895,51.89319010276845,0.9978174045142865,0.9882854000618823,1.0059408524206814,6,"[1.0006133155953247, 0.9950214934332482]",True,True,342,342
parser.mdx-plain-300,feature,parser.mdx,plain,,300,330,fresh,502.47939303516824,503.5405218167072,0.9983487086146892,0.9800924800524696,1.0108639281202456,6,"[0.985690623634247, 1.0079958172532006]",True,True,342,342
parser.mdx-plain-300,feature,parser.mdx,plain,,300,330,reuse,168.19058265418028,168.66955398470185,1.0040127730884825,0.9890882407370376,1.0117911798719876,6,"[1.006901402526133, 0.9987113284067014]",True,True,342,342
parser.mdx-active-300,feature,parser.mdx,active,,300,315,parse,1096.0805574587978,1545.2607422351443,1.3990675480723458,1.3804123628923577,1.4518522676187504,6,"[1.3892001313094504, 1.4217771095431166]",False,False,400,1590
parser.mdx-active-300,feature,parser.mdx,active,,300,315,render,229.3574773156694,3174.9805682939805,13.884533746879743,13.631898127406876,13.921036472029213,6,"[13.775126391222132, 13.888357522074768]",False,False,400,1590
parser.mdx-active-300,feature,parser.mdx,active,,300,315,fresh,1693.5535575972312,5309.621168859492,3.1389883014762834,3.09153018152957,3.184537031495061,6,"[3.128243548759466, 3.160406047294913]",False,False,400,1590
parser.mdx-active-300,feature,parser.mdx,active,,300,315,reuse,1345.2634744623656,4845.814506000298,3.590390921786687,3.532974656343605,3.683230722170548,6,"[3.6060185681332104, 3.5747632754401635]",False,False,400,1590
parser.mdx-plain-4096,feature,parser.mdx,plain,,4096,4125,parse,1195.1572041984732,1191.2909226190477,1.0021826774275335,0.9897346495055295,1.0077283472050318,6,"[1.00098118455499, 1.0061064344637238]",True,True,4275,4275
parser.mdx-plain-4096,feature,parser.mdx,plain,,4096,4125,render,527.7939837558088,529.6946782804105,1.0040485257344054,0.9997660718835566,1.0088411608381367,6,"[1.002112063590739, 1.0069306044571933]",True,True,4275,4275
parser.mdx-plain-4096,feature,parser.mdx,plain,,4096,4125,fresh,2128.704719387755,2139.3756355710093,1.0042223802286947,0.9990184687683559,1.005226840271173,6,"[1.003400435681701, 1.0052236056116337]",True,True,4275,4275
parser.mdx-plain-4096,feature,parser.mdx,plain,,4096,4125,reuse,1746.7538844273743,1730.614501656899,0.9907610453939226,0.981579203575358,1.0082099153199253,6,"[0.9888375049148944, 0.9971724978850331]",True,True,4275,4275
parser.mdx-active-4096,feature,parser.mdx,active,,4096,4158,parse,14043.648611111112,20121.724609375,1.4311093131343027,1.4125946158012002,1.4586582224043683,6,"[1.4234508261768253, 1.4497621095199384]",False,False,5280,20988
parser.mdx-active-4096,feature,parser.mdx,active,,4096,4158,render,2840.21790158371,41548.990234375,14.625141975378916,14.375026564432682,14.808380117313769,6,"[14.795066383045775, 14.550989373942345]",False,False,5280,20988
parser.mdx-active-4096,feature,parser.mdx,active,,4096,4158,fresh,17319.608530405407,63271.39559659091,3.654924943793208,3.610262254209247,3.753979479510412,6,"[3.6349452574263896, 3.701012761118912]",False,False,5280,20988
parser.mdx-active-4096,feature,parser.mdx,active,,4096,4158,reuse,16850.64627044808,63017.88494318182,3.741452032050164,3.709976585467814,3.776830889889033,6,"[3.733064894167814, 3.7479789474786736]",False,False,5280,20988
parser.mdx-plain-65536,feature,parser.mdx,plain,,65536,65670,parse,18593.213694852944,18664.96231617647,1.0050652353902516,0.9987240363777806,1.0071756939286174,6,"[1.0048343460899327, 1.0058438832283354]",True,True,68058,68058
parser.mdx-plain-65536,feature,parser.mdx,plain,,65536,65670,render,8474.834718468468,8380.434166666666,0.9931651118981575,0.9692127147657196,1.0115132739034232,6,"[0.9929113889584531, 0.9937755725863506]",True,True,68058,68058
parser.mdx-plain-65536,feature,parser.mdx,plain,,65536,65670,fresh,28024.031929347824,27849.722826086956,0.9948313945903972,0.9859517461216531,1.02170346967199,6,"[0.9892030336562949, 1.0004597555244994]",True,True,68058,68058
parser.mdx-plain-65536,feature,parser.mdx,plain,,65536,65670,reuse,26978.08203125,27308.9169214221,1.0088708704578904,0.994568984075082,1.0215315984267928,6,"[1.0119991272868427, 1.005742613628938]",True,True,68058,68058
parser.mdx-active-65536,feature,parser.mdx,active,,65536,65583,parse,219031.6875,315958.015625,1.4447855689965323,1.4221495967789268,1.4589933485170916,6,"[1.4403264141921737, 1.449244723800891]",False,False,83280,331038
parser.mdx-active-65536,feature,parser.mdx,active,,65536,65583,render,44537.369791666664,667658.859375,14.99715034070471,14.929901705256023,15.136335060669593,6,"[15.019252093984234, 14.975048587425189]",False,False,83280,331038
parser.mdx-active-65536,feature,parser.mdx,active,,65536,65583,fresh,265359.8072916667,980255.21875,3.688663010427714,3.65331103135291,3.7214999954459276,6,"[3.6977193563338093, 3.679920506901125]",False,False,83280,331038
parser.mdx-active-65536,feature,parser.mdx,active,,65536,65583,reuse,262027.5572916667,976265.640625,3.7265719877434864,3.63054843222619,3.7588271331214513,6,"[3.754527313266399, 3.660496132801451]",False,False,83280,331038
renderer.xhtml-plain-300,feature,renderer.xhtml,plain,,300,330,parse,117.21022131143023,117.38173565822645,1.0018832092348495,0.9806483842240362,1.017158199411543,6,"[0.9998436956247032, 1.0039227228449958]",True,True,342,342
renderer.xhtml-plain-300,feature,renderer.xhtml,plain,,300,330,render,52.23939771465824,52.00641621109323,0.9934359099385861,0.980518216636831,1.0064139180243077,6,"[0.990739150928632, 0.9961326689485401]",True,True,342,342
renderer.xhtml-plain-300,feature,renderer.xhtml,plain,,300,330,fresh,509.106227303895,495.56275445650385,0.9765095760702598,0.9696829747392002,0.9857451060187111,6,"[0.9844547726869355, 0.9699497100597861]",True,True,342,342
renderer.xhtml-plain-300,feature,renderer.xhtml,plain,,300,330,reuse,165.98903184305718,166.31777212538063,1.001496649031598,0.9838870278618154,1.0135587060685236,6,"[1.0116340159117303, 0.9902140217137217]",True,True,342,342
renderer.xhtml-active-300,feature,renderer.xhtml,active,,300,318,parse,1091.8218531849911,1087.703777173913,0.9947200180805661,0.9838764310076322,1.0106324667330364,6,"[1.0094379373790388, 0.9920576312426312]",False,True,486,510
renderer.xhtml-active-300,feature,renderer.xhtml,active,,300,318,render,422.2085460138842,419.11415976598846,0.994912939388775,0.9870602954606406,0.9990055313847795,6,"[0.9963371566382887, 0.9948790071893848]",False,True,486,510
renderer.xhtml-active-300,feature,renderer.xhtml,active,,300,318,fresh,1891.2261737290069,1885.1859515765766,0.99650194587722,0.9725990199927873,1.0113859161423826,6,"[0.997935410492565, 0.9950684812618749]",False,True,486,510
renderer.xhtml-active-300,feature,renderer.xhtml,active,,300,318,reuse,1515.6186819007264,1518.0172758412718,1.000151130798547,0.9649284217010119,1.0135723050721022,6,"[0.9984879638407913, 1.007796801642522]",False,True,486,510
renderer.xhtml-plain-4096,feature,renderer.xhtml,plain,,4096,4125,render,528.5780076803088,527.7516752134986,1.0011947594369115,0.9884842833734981,1.0192997547533484,6,"[0.9993086973432929, 1.0167076706988853]",True,True,4275,4275
renderer.xhtml-plain-4096,feature,renderer.xhtml,plain,,4096,4125,fresh,2141.6194349315065,2145.790942898837,0.9987145630316894,0.9864365451589437,1.015744873025049,6,"[0.9966279367390182, 1.0008011893243605]",True,True,4275,4275
renderer.xhtml-plain-4096,feature,renderer.xhtml,plain,,4096,4125,reuse,1723.4454201101928,1726.0706964608253,0.9992363032105471,0.981434949886049,1.010547001470529,6,"[0.9962741306734142, 1.0048638344635445]",True,True,4275,4275
renderer.xhtml-active-4096,feature,renderer.xhtml,active,,4096,4134,render,5313.156514830509,5235.085677083333,0.9849715858821544,0.974409346424128,1.0068334123453777,6,"[0.9877202149665497, 0.982222956797759]",False,True,6318,6630
renderer.xhtml-active-4096,feature,renderer.xhtml,active,,4096,4134,fresh,18933.842830882353,18834.788602941175,0.993172889611771,0.9825998245667099,1.0074479278926225,6,"[0.9961578450774762, 0.9826219073255645]",False,True,6318,6630
renderer.xhtml-active-4096,feature,renderer.xhtml,active,,4096,4134,reuse,18428.617778361346,18214.862500000003,0.9910878251852059,0.929138134963619,1.7279935675689069,6,"[0.9935574485220734, 0.9795801469607288]",False,True,6318,6630
renderer.xhtml-plain-65536,feature,renderer.xhtml,plain,,65536,65670,render,8366.564783442984,8410.00875,0.9996504779403017,0.9950358361113805,1.0205954143703657,6,"[0.9999099186472197, 0.9993910372333837]",True,True,68058,68058
renderer.xhtml-plain-65536,feature,renderer.xhtml,plain,,65536,65670,fresh,27686.792119565216,27795.431385869564,1.0058296477316648,0.976020812804922,1.0282640584381502,6,"[1.003980643695963, 1.0076786517673666]",True,True,68058,68058
renderer.xhtml-plain-65536,feature,renderer.xhtml,plain,,65536,65670,reuse,27329.511548913044,27286.0625,0.9996739092063527,0.9805364276585575,1.017924238213504,6,"[1.0010667977938954, 0.99828102061881]",True,True,68058,68058
renderer.xhtml-active-65536,feature,renderer.xhtml,active,,65536,65561,render,84755.939453125,84232.09765625,0.9940001726967711,0.9819006522361453,0.9993033940193962,6,"[0.9955720747915312, 0.9832537659053069]",False,True,100197,105145
renderer.xhtml-active-65536,feature,renderer.xhtml,active,,65536,65561,fresh,287088.5416666667,289135.6354166666,1.005182271136987,0.9931398435565124,1.0144262528423504,6,"[1.0022487922575825, 1.0099835140838493]",False,True,100197,105145
renderer.xhtml-active-65536,feature,renderer.xhtml,active,,65536,65561,reuse,286304.0364583334,283314.015625,0.9919598084324638,0.9769109109924887,0.9992801319366896,6,"[0.9968956364404523, 0.9870239804244753]",False,True,100197,105145
renderer.sanitize-plain-300,feature,renderer.sanitize,plain,,300,330,parse,117.10810558143093,117.42867429216759,1.0033140593232366,0.9925082340199248,1.0107890600179905,6,"[1.0067156073429337, 0.9955518682416322]",True,True,342,342
renderer.sanitize-plain-300,feature,renderer.sanitize,plain,,300,330,render,52.35003592895152,51.85791856179969,0.9934456500253643,0.9824143250442746,1.0015314941898377,6,"[0.9965892288891383, 0.9903020711615905]",True,True,342,342
renderer.sanitize-plain-300,feature,renderer.sanitize,plain,,300,330,fresh,499.122735775523,496.1719821493697,0.9975407061004602,0.9933927635827651,1.0054669720549172,6,"[1.0003374079213783, 0.9947440042795422]",True,True,342,342
renderer.sanitize-plain-300,feature,renderer.sanitize,plain,,300,330,reuse,168.90178338589806,168.40177549546246,0.9944887772490963,0.9849465927287415,1.0119691708586285,6,"[0.997813822436154, 0.9870552760315742]",True,True,342,342
renderer.sanitize-active-300,feature,renderer.sanitize,active,,300,350,parse,811.3859772685162,809.9177988036151,0.9988176341182717,0.980703709038294,1.0092185351590723,6,"[0.9944145203291056, 1.000197705586212]",False,True,430,570
renderer.sanitize-active-300,feature,renderer.sanitize,active,,300,350,render,259.050967261138,754.4281841132647,2.91915505059138,2.881190194603538,2.938406843948388,6,"[2.9243043282440895, 2.914005772938671]",False,True,430,570
renderer.sanitize-active-300,feature,renderer.sanitize,active,,300,350,fresh,1444.7244309640437,1938.307449843768,1.3488961376424307,1.328089489971289,1.3543735705626594,6,"[1.3475817035804336, 1.3502105717044275]",False,True,430,570
renderer.sanitize-active-300,feature,renderer.sanitize,active,,300,350,reuse,1077.6636020305937,1580.143734256927,1.4640039910484899,1.4560079815283442,1.492364664683419,6,"[1.4606041258387683, 1.4666660302669838]",False,True,430,570
renderer.sanitize-plain-4096,feature,renderer.sanitize,plain,,4096,4125,render,533.9074315788648,532.9194370231814,0.9980244239240674,0.9893822323411882,1.0168056281237097,6,"[0.9983949514234383, 0.9910394828357413]",True,True,4275,4275
renderer.sanitize-plain-4096,feature,renderer.sanitize,plain,,4096,4125,fresh,2157.96187418533,2166.450284684107,0.9956066552471041,0.9918928943058469,1.0232375471009734,6,"[0.9963986033553487, 0.9948147071388596]",True,True,4275,4275
renderer.sanitize-plain-4096,feature,renderer.sanitize,plain,,4096,4125,reuse,1725.2442751377412,1716.0923373287671,0.9923295178549199,0.9819293154043001,1.0115823222329836,6,"[0.9920112520747241, 1.0105011328126892]",True,True,4275,4275
renderer.sanitize-active-4096,feature,renderer.sanitize,active,,4096,4130,render,2966.577828791469,8781.991319444445,2.957134606926585,2.932945434704286,2.996632534065562,6,"[2.9515557896473235, 2.9627134242058464]",False,True,5074,6726
renderer.sanitize-active-4096,feature,renderer.sanitize,active,,4096,4130,fresh,12495.545036764706,18269.475446428572,1.4623721515034565,1.4528198774200098,1.482578240310733,6,"[1.463004490179098, 1.461739812827815]",False,True,5074,6726
renderer.sanitize-active-4096,feature,renderer.sanitize,active,,4096,4130,reuse,12147.5234375,17796.09765625,1.4716377903798339,1.444883435779878,1.4876874269654004,6,"[1.4847344006181131, 1.450048735977001]",False,True,5074,6726
renderer.sanitize-plain-65536,feature,renderer.sanitize,plain,,65536,65670,render,8416.816607545046,8505.498733108108,1.009977251295589,0.9976423414737109,1.658928765164671,6,"[1.0030268861382545, 1.5263655274490926]",True,True,68058,68058
renderer.sanitize-plain-65536,feature,renderer.sanitize,plain,,65536,65670,fresh,27909.87296195652,27845.391983695652,0.9959153309517519,0.9859216086332135,1.019947431242851,6,"[0.9865088445241174, 1.0040257599762559]",True,True,68058,68058
renderer.sanitize-plain-65536,feature,renderer.sanitize,plain,,65536,65670,reuse,27184.625,27228.43070652174,1.0028464886705004,0.9955232533147175,1.0082185800454293,6,"[1.0023915399275065, 1.0033014374134945]",True,True,68058,68058
renderer.sanitize-active-65536,feature,renderer.sanitize,active,,65536,65590,render,46867.513392857145,140998.4375,3.008613071456494,2.9569581813510366,3.0558225547260087,6,"[2.989691338992884, 3.0154636842041986]",False,True,80582,106818
renderer.sanitize-active-65536,feature,renderer.sanitize,active,,65536,65590,fresh,184930.3359375,278367.8385416666,1.5070136507831347,1.4864637306144415,1.530320233905719,6,"[1.5052638478279865, 1.5087634537382826]",False,True,80582,106818
renderer.sanitize-active-65536,feature,renderer.sanitize,active,,65536,65590,reuse,185099.28125,278159.9427083333,1.4998768154815227,1.4863093645601093,1.5129825332699989,6,"[1.4923026600403069, 1.5093962236520888]",False,True,80582,106818
renderer.disallow_raw_html-plain-300,feature,renderer.disallow_raw_html,plain,,300,330,parse,118.45648078329808,118.15305691340284,1.000322214805975,0.9843138816716945,1.0089043280570436,6,"[1.0019735012462436, 0.9986709283657061]",True,True,342,342
renderer.disallow_raw_html-plain-300,feature,renderer.disallow_raw_html,plain,,300,330,render,52.60317101506202,52.29250670590139,0.9957439830774544,0.9766771984591034,1.0140335516204289,6,"[0.9912907721628412, 1.0001971939920675]",True,True,342,342
renderer.disallow_raw_html-plain-300,feature,renderer.disallow_raw_html,plain,,300,330,fresh,495.3311156031825,497.6475822224851,0.995795133613403,0.9873318220305136,1.0134355273910094,6,"[0.9954428936133715, 0.9961473736134344]",True,True,342,342
renderer.disallow_raw_html-plain-300,feature,renderer.disallow_raw_html,plain,,300,330,reuse,168.05696910318852,168.02655870257811,1.0009974577275433,0.9958759846060102,1.0160098607587207,6,"[1.0006140653350084, 1.0013808501200783]",True,True,342,342
renderer.disallow_raw_html-active-300,feature,renderer.disallow_raw_html,active,,300,318,parse,448.71539617731514,452.3895287296606,1.0097027960867118,0.9956966891869009,1.0179400798412954,6,"[1.007739748655574, 1.0116658435178496]",False,True,306,342
renderer.disallow_raw_html-active-300,feature,renderer.disallow_raw_html,active,,300,318,render,128.3519796093908,564.6001925287228,4.390789032328656,4.369567117935035,4.439061500326788,6,"[4.397115550684137, 4.384462513973175]",False,True,306,342
renderer.disallow_raw_html-active-300,feature,renderer.disallow_raw_html,active,,300,318,fresh,909.8096738469269,1349.7728966553163,1.4827189654228978,1.4599661645253796,1.5157347988372867,6,"[1.4674156113208772, 1.5097142727323647]",False,True,306,342
renderer.disallow_raw_html-active-300,feature,renderer.disallow_raw_html,active,,300,318,reuse,569.88215754849,1006.9038391525701,1.7628290981985293,1.7563226252498498,1.7789915879952265,6,"[1.7675717532014816, 1.7591269238579967]",False,True,306,342
renderer.disallow_raw_html-plain-4096,feature,renderer.disallow_raw_html,plain,,4096,4125,render,533.361248953922,534.0326243595218,1.0030306945186052,0.996746734503113,1.0104156554717976,6,"[1.0040613586158376, 1.0020000304213728]",True,True,4275,4275
renderer.disallow_raw_html-plain-4096,feature,renderer.disallow_raw_html,plain,,4096,4125,fresh,2146.707070697847,2145.7039811643835,0.9991711787537734,0.987393938019805,1.0144444817801777,6,"[0.9995428283230461, 0.9987995291845007]",True,True,4275,4275
renderer.disallow_raw_html-plain-4096,feature,renderer.disallow_raw_html,plain,,4096,4125,reuse,1730.1555432901796,1723.1193375857567,0.995935455541589,0.9944068641674859,1.003905598718654,6,"[0.9953257998866503, 0.9965451111965278]",True,True,4275,4275
renderer.disallow_raw_html-active-4096,feature,renderer.disallow_raw_html,active,,4096,4134,render,1456.4117782715157,7255.769576149425,4.956502495148417,4.8844404280439875,5.047730632311208,6,"[4.949116023765871, 4.963888966530962]",False,True,3978,4446
renderer.disallow_raw_html-active-4096,feature,renderer.disallow_raw_html,active,,4096,4134,fresh,7285.969982123764,12958.280293367348,1.7880978444937274,1.754186765769681,1.8072678014561148,6,"[1.7920166548306995, 1.7857409030221478]",False,True,3978,4446
renderer.disallow_raw_html-active-4096,feature,renderer.disallow_raw_html,active,,4096,4134,reuse,6813.985903532609,12662.994999999999,1.8521578432244212,1.8183063204640664,1.876269239900422,6,"[1.852523825783693, 1.8517918606651496]",False,True,3978,4446
renderer.disallow_raw_html-plain-65536,feature,renderer.disallow_raw_html,plain,,65536,65670,render,8412.543541666666,8419.583125000001,1.001007275973369,0.9918456906544075,1.009486453015471,6,"[1.001801017398719, 1.000213534548019]",True,True,68058,68058
renderer.disallow_raw_html-plain-65536,feature,renderer.disallow_raw_html,plain,,65536,65670,fresh,27517.323369565216,27629.925951086956,1.003770593455787,0.986718385296797,1.0155647408861348,6,"[1.0032115253833978, 1.0043730923910383]",True,True,68058,68058
renderer.disallow_raw_html-plain-65536,feature,renderer.disallow_raw_html,plain,,65536,65670,reuse,26959.87890625,26920.952473958332,0.9998158314308001,0.9731972395897185,1.013072809222735,6,"[1.0014333760810181, 0.9937714618428257]",True,True,68058,68058
renderer.disallow_raw_html-active-65536,feature,renderer.disallow_raw_html,active,,65536,65561,render,22725.86495535714,113258.24739583333,4.959135699298293,4.911133057630188,5.022827687824098,6,"[4.938895052075285, 4.979376346521301]",False,True,63087,70509
renderer.disallow_raw_html-active-65536,feature,renderer.disallow_raw_html,active,,65536,65561,fresh,108972.22135416666,201048.6640625,1.8522337002716434,1.8171315659009892,1.8659502366269898,6,"[1.8552660037376996, 1.8492013968055871]",False,True,63087,70509
renderer.disallow_raw_html-active-65536,feature,renderer.disallow_raw_html,active,,65536,65561,reuse,108176.43229166666,200041.9921875,1.8477335720463148,1.8327507162291212,1.876590738407033,6,"[1.847667627411272, 1.8477995166813577]",False,True,63087,70509
renderer.convert_md_links-plain-300,feature,renderer.convert_md_links,plain,,300,330,parse,117.14097823785852,116.55243416199173,0.9985436640002041,0.985250383564616,1.0055766749830266,6,"[1.0002860442039045, 0.9982781073817365]",True,True,342,342
renderer.convert_md_links-plain-300,feature,renderer.convert_md_links,plain,,300,330,render,52.15695138563119,52.63660166385624,1.000001458374221,0.9946896565975383,1.0159708677915957,6,"[1.0006966034518274, 0.9993063132966146]",True,True,342,342
renderer.convert_md_links-plain-300,feature,renderer.convert_md_links,plain,,300,330,fresh,498.924319600848,495.86113190356707,0.9958370703083177,0.9910855574135617,1.0071051092824397,6,"[0.9979965479446372, 0.9923837938922853]",True,True,342,342
renderer.convert_md_links-plain-300,feature,renderer.convert_md_links,plain,,300,330,reuse,167.3310676933025,168.4723200553501,1.0063046353870972,0.9981600316771151,1.015883053661599,6,"[1.0052645164982603, 1.007344754275934]",True,True,342,342
renderer.convert_md_links-active-300,feature,renderer.convert_md_links,active,,300,354,parse,1107.3460569749104,1107.1103488018475,0.9998990548550809,0.9958430069761123,1.0065635975770035,6,"[0.9978905703666919, 1.0037384830186278]",False,True,522,606
renderer.convert_md_links-active-300,feature,renderer.convert_md_links,active,,300,354,render,478.9907723548016,1498.7501606388837,3.121783724951295,3.077198479634927,3.1785331238167833,6,"[3.1276611864620807, 3.1096252313992765]",False,True,522,606
renderer.convert_md_links-active-300,feature,renderer.convert_md_links,active,,300,354,fresh,1951.3831854799455,3042.7355830958913,1.5483693451600986,1.5203898685811075,1.5723188527031926,6,"[1.5601466579960637, 1.5363121308195482]",False,True,522,606
renderer.convert_md_links-active-300,feature,renderer.convert_md_links,active,,300,354,reuse,1606.2113096120888,2645.7633461223477,1.6439356920995998,1.6359825683932196,1.6665068154415137,6,"[1.6373611787452675, 1.6466840330678731]",False,True,522,606
renderer.convert_md_links-plain-4096,feature,renderer.convert_md_links,plain,,4096,4125,render,533.2239646755615,531.2888970579743,0.9953671687950358,0.9929257300011322,1.0071498105137602,6,"[0.9949220238669294, 0.9958123137231423]",True,True,4275,4275
renderer.convert_md_links-plain-4096,feature,renderer.convert_md_links,plain,,4096,4125,fresh,2156.717269230312,2157.52562988802,1.002209243390647,0.9852031979988619,1.0179591756224364,6,"[0.9968526366703373, 1.00805816538566]",True,True,4275,4275
renderer.convert_md_links-plain-4096,feature,renderer.convert_md_links,plain,,4096,4125,reuse,1737.9271322020231,1741.067833207247,1.0044569667329206,0.9898972364155131,1.010836343459909,6,"[1.0013567707836497, 1.0085611967354113]",True,True,4275,4275
renderer.convert_md_links-active-4096,feature,renderer.convert_md_links,active,,4096,4130,render,5442.618680893927,17486.220052083336,3.2128402929064377,3.1258770363254476,3.267473141899808,6,"[3.1965102692752074, 3.247679674165816]",False,True,6090,7070
renderer.convert_md_links-active-4096,feature,renderer.convert_md_links,active,,4096,4130,fresh,18350.037053571432,30247.427083333332,1.646679363814145,1.614222380825773,1.6627053445765345,6,"[1.647264828983173, 1.6271356718576722]",False,True,6090,7070
renderer.convert_md_links-active-4096,feature,renderer.convert_md_links,active,,4096,4130,reuse,17788.993774801587,29737.392755681816,1.665616696837982,1.6589282992821892,1.683813497475213,6,"[1.6666015324876866, 1.6646318611882773]",False,True,6090,7070
renderer.convert_md_links-plain-65536,feature,renderer.convert_md_links,plain,,65536,65670,render,8411.206666666667,8432.274375,0.9998743027462329,0.9947145348156887,1.0093963250039173,6,"[1.003720617930898, 0.9960279875615679]",True,True,68058,68058
renderer.convert_md_links-plain-65536,feature,renderer.convert_md_links,plain,,65536,65670,fresh,28208.389945652176,27998.698369565216,1.0019073078104423,0.9790177476144132,1.0088886030646325,6,"[1.0028247277838682, 0.9804477456117462]",True,True,68058,68058
renderer.convert_md_links-plain-65536,feature,renderer.convert_md_links,plain,,65536,65670,reuse,27135.335286458332,27199.327473958336,1.0036552821976445,0.9878952034038873,1.0103781191486287,6,"[0.9898388142611013, 1.0091244878209404]",True,True,68058,68058
renderer.convert_md_links-active-65536,feature,renderer.convert_md_links,active,,65536,65549,render,87203.20703125,277177.5208333334,3.182460852239238,3.1564810666431526,3.207116831210776,6,"[3.1865144739956217, 3.1784072304828546]",False,True,96657,112211
renderer.convert_md_links-active-65536,feature,renderer.convert_md_links,active,,65536,65549,fresh,284249.5677083334,475569.3359375,1.6751397717753698,1.6509973597479926,1.6890245458056277,6,"[1.681131763506345, 1.6716630929678193]",False,True,96657,112211
renderer.convert_md_links-active-65536,feature,renderer.convert_md_links,active,,65536,65549,reuse,283677.3020833334,474232.7421875,1.6688234845055647,1.6095599578699094,1.6993152492770593,6,"[1.6659441121823608, 1.6717028568287688]",False,True,96657,112211
renderer.code_fence_metadata-plain-300,feature,renderer.code_fence_metadata,plain,,300,330,parse,117.66413312951036,118.62635921916826,1.0041149046148137,0.9894536585403889,1.0273337608750117,6,"[1.0199762579635951, 1.0035201533369078]",True,True,342,342
renderer.code_fence_metadata-plain-300,feature,renderer.code_fence_metadata,plain,,300,330,render,51.91984390604143,52.03027579497211,1.003680421293816,0.9916446806159374,1.0073921489128577,6,"[1.0007832953040097, 1.0054045215364749]",True,True,342,342
renderer.code_fence_metadata-plain-300,feature,renderer.code_fence_metadata,plain,,300,330,fresh,501.7731034043537,513.4604897221616,1.0330558563304675,0.9935147060713804,1.0438648318242008,6,"[1.0438063963303925, 0.9997204209491706]",True,True,342,342
renderer.code_fence_metadata-plain-300,feature,renderer.code_fence_metadata,plain,,300,330,reuse,168.0237736779476,168.05799732650237,0.9962218596511113,0.9872107341927496,1.0043961208853545,6,"[0.9963549208634397, 0.9926374010942137]",True,True,342,342
renderer.code_fence_metadata-active-300,feature,renderer.code_fence_metadata,active,,300,301,parse,595.6638137795633,595.4330529680446,1.0050696016008618,0.9920391110005611,2.983836701546909,6,"[1.001387325402198, 1.0134113869274797]",False,True,539,448
renderer.code_fence_metadata-active-300,feature,renderer.code_fence_metadata,active,,300,301,render,184.9575025757906,249.39850597847368,1.3502722358118042,1.3330394135427241,1.3694090641445633,6,"[1.3512871978689427, 1.3492572737546658]",False,True,539,448
renderer.code_fence_metadata-active-300,feature,renderer.code_fence_metadata,active,,300,301,fresh,1106.010506650849,1179.9536491090146,1.0663763986707047,1.045239068554236,1.0769412575432824,6,"[1.0637769075067565, 1.0689758898346529]",False,True,539,448
renderer.code_fence_metadata-active-300,feature,renderer.code_fence_metadata,active,,300,301,reuse,785.7974617246537,853.3743045097056,1.086583437304105,1.0653702981062583,1.1119452127133083,6,"[1.1020592627795376, 1.0686922235307275]",False,True,539,448
renderer.code_fence_metadata-plain-4096,feature,renderer.code_fence_metadata,plain,,4096,4125,render,527.5693363860639,527.7478072806916,0.9983336720468674,0.992469527017843,1.0111216750877707,6,"[0.9989037674427217, 0.9953481594972301]",True,True,4275,4275
renderer.code_fence_metadata-plain-4096,feature,renderer.code_fence_metadata,plain,,4096,4125,fresh,2146.622645547945,2161.2965220811957,1.0033746157752534,0.9927217649240417,1.0085124287151526,6,"[1.008105680056636, 1.0029348260490232]",True,True,4275,4275
renderer.code_fence_metadata-plain-4096,feature,renderer.code_fence_metadata,plain,,4096,4125,reuse,1732.2812067174516,1739.2105403464484,1.0026383351869717,0.9422317518647265,1.2533912698426186,6,"[0.9937720590713391, 1.0048471224575621]",True,True,4275,4275
renderer.code_fence_metadata-active-4096,feature,renderer.code_fence_metadata,active,,4096,4128,render,2281.138622055408,3198.059422348485,1.4045058836137059,1.3950101926475031,1.4135460766754468,6,"[1.4081987920832992, 1.3964347623456608]",False,True,7392,6144
renderer.code_fence_metadata-active-4096,feature,renderer.code_fence_metadata,active,,4096,4128,fresh,10462.634477459016,11541.430113636365,1.097220950647615,1.0715008943242135,1.1162281158163463,6,"[1.102301246492942, 1.0924704343271927]",False,True,7392,6144
renderer.code_fence_metadata-active-4096,feature,renderer.code_fence_metadata,active,,4096,4128,reuse,10264.4412678477,11221.714285714286,1.0932699917559727,1.0716800823565238,1.108086511884546,6,"[1.0838307324031429, 1.1043090168430265]",False,True,7392,6144
renderer.code_fence_metadata-plain-65536,feature,renderer.code_fence_metadata,plain,,65536,65670,render,8422.300416666667,8459.354237049549,1.0013145937773869,0.994680515612092,1.0210661925314346,6,"[1.0009703119380686, 1.0169624803108552]",True,True,68058,68058
renderer.code_fence_metadata-plain-65536,feature,renderer.code_fence_metadata,plain,,65536,65670,fresh,27895.805706521736,28041.637907608696,1.0039843731081266,0.9903507893484027,1.0113653907035944,6,"[1.007181316024968, 1.0007874301912851]",True,True,68058,68058
renderer.code_fence_metadata-plain-65536,feature,renderer.code_fence_metadata,plain,,65536,65670,reuse,27196.152032382248,27170.139322916664,1.000749134353,0.9808431920776957,1.0138567829811802,6,"[0.9898840667482496, 1.0010654554772704]",True,True,68058,68058
renderer.code_fence_metadata-active-65536,feature,renderer.code_fence_metadata,active,,65536,65575,render,36311.125,50039.21394230769,1.3767675383722553,1.3558765612222297,1.418247328788884,6,"[1.3829920552925465, 1.3604370996989383]",False,True,117425,97600
renderer.code_fence_metadata-active-65536,feature,renderer.code_fence_metadata,active,,65536,65575,fresh,162636.55859375,177268.2265625,1.085733453482631,1.0776259648255946,1.095805488755423,6,"[1.0874890759236229, 1.0839600922876218]",False,True,117425,97600
renderer.code_fence_metadata-active-65536,feature,renderer.code_fence_metadata,active,,65536,65575,reuse,159775.71484375,173917.48046875,1.0863403625321677,1.0693583022421633,1.095605022121141,6,"[1.0827416374132388, 1.0899390876510964]",False,True,117425,97600
renderer.code_annotations-plain-300,feature,renderer.code_annotations,plain,,300,330,parse,117.36359094836612,117.99712291495246,1.0033615233812934,0.9857971233320185,1.012134461323026,6,"[1.0034595547494687, 1.0032634920131183]",True,True,342,342
renderer.code_annotations-plain-300,feature,renderer.code_annotations,plain,,300,330,render,52.39859250569363,51.97525026580074,0.9915568842672347,0.9763597314599937,1.0098247621078995,6,"[0.9876084839931761, 0.9955052845412932]",True,True,342,342
renderer.code_annotations-plain-300,feature,renderer.code_annotations,plain,,300,330,fresh,501.04438514146034,498.0155713529183,0.9946301250930198,0.9777393817878646,1.001183241903714,6,"[0.9932771922218088, 0.9959830579642308]",True,True,342,342
renderer.code_annotations-plain-300,feature,renderer.code_annotations,plain,,300,330,reuse,167.86894049619713,167.21365032828083,0.9967567338546452,0.9895236486896721,1.0080896950632283,6,"[0.9957997834678125, 0.9977136842414779]",True,True,342,342
renderer.code_annotations-active-300,feature,renderer.code_annotations,active,,300,312,parse,587.8348987593633,590.0475668498682,1.0072522383286555,0.9918286095100869,1.0172212460317958,6,"[1.0120902987207676, 1.0024141779365434]",False,True,378,1608
renderer.code_annotations-active-300,feature,renderer.code_annotations,active,,300,312,render,200.29710519777774,2600.3709388076218,13.064294842092162,12.827287907278855,13.273678751296567,6,"[13.052389947767495, 13.125305156129672]",False,True,378,1608
renderer.code_annotations-active-300,feature,renderer.code_annotations,active,,300,312,fresh,1126.2957044730715,3743.8829790196396,3.329202541347519,3.309049578260892,3.35068388851876,6,"[3.3311427949777754, 3.327262287717262]",False,True,378,1608
renderer.code_annotations-active-300,feature,renderer.code_annotations,active,,300,312,reuse,781.6158245462102,3211.581852596808,4.110501466488327,4.0335382603383305,4.128642300634224,6,"[4.1221852498013805, 4.069063331302855]",False,True,378,1608
renderer.code_annotations-plain-4096,feature,renderer.code_annotations,plain,,4096,4125,render,532.9346631394778,532.4901771364498,1.0019599336079603,0.9918289852140636,1.0055180258983654,6,"[1.0033824903558282, 1.0004417223743214]",True,True,4275,4275
renderer.code_annotations-plain-4096,feature,renderer.code_annotations,plain,,4096,4125,fresh,2161.7704202586206,2170.480590397924,1.0057360242886384,0.984231712294184,1.0097015036197272,6,"[1.0046473554621727, 1.0068246931151041]",True,True,4275,4275
renderer.code_annotations-plain-4096,feature,renderer.code_annotations,plain,,4096,4125,reuse,1743.2345731009468,1743.369801338595,1.0015585599077175,0.9830033292975561,1.0210703123453984,6,"[1.0034575472162346, 0.9860783110228033]",True,True,4275,4275
renderer.code_annotations-active-4096,feature,renderer.code_annotations,active,,4096,4108,render,2443.1858691501247,34335.25246710527,14.00299056578288,13.80705286872782,14.324477873823241,6,"[14.12407405321977, 13.880405910535046]",False,True,4977,21172
renderer.code_annotations-active-4096,feature,renderer.code_annotations,active,,4096,4108,fresh,10311.646004098362,43181.33645833333,4.1762812430318546,4.13230528512691,4.259478867294639,6,"[4.167377125184547, 4.185185360879162]",False,True,4977,21172
renderer.code_annotations-active-4096,feature,renderer.code_annotations,active,,4096,4108,reuse,9893.808837890625,41851.14947916666,4.25000767472952,4.152440949959507,4.331881727273026,6,"[4.24136654890039, 4.259695644935097]",False,True,4977,21172
renderer.code_annotations-plain-65536,feature,renderer.code_annotations,plain,,65536,65670,render,8363.432590460527,8362.092291666666,1.0010677764453078,0.9867710135750342,1.0062234225027609,6,"[1.0025710476292125, 0.9998840908423869]",True,True,68058,68058
renderer.code_annotations-plain-65536,feature,renderer.code_annotations,plain,,65536,65670,fresh,28003.141983695652,27830.927309782608,0.9988883605377783,0.9854814288187361,1.0039673543747485,6,"[0.9938511657759346, 1.000706296881527]",True,True,68058,68058
renderer.code_annotations-plain-65536,feature,renderer.code_annotations,plain,,65536,65670,reuse,27153.670091711956,27136.00682178442,0.9980269524883252,0.989942731926691,1.0046491697164686,6,"[0.9907487387476507, 1.0015404487914625]",True,True,68058,68058
renderer.code_annotations-active-65536,feature,renderer.code_annotations,active,,65536,65572,render,38590.26470588235,548208.9921875,14.214827227229012,14.089179788932034,14.383414372062816,6,"[14.31275166803015, 14.102651441766882]",False,True,79443,337948
renderer.code_annotations-active-65536,feature,renderer.code_annotations,active,,65536,65572,fresh,155862.14453125,660657.5625,4.261676600288931,4.180474998006221,4.314692267513275,6,"[4.255436711106605, 4.293897854346707]",False,True,79443,337948
renderer.code_annotations-active-65536,feature,renderer.code_annotations,active,,65536,65572,reuse,156837.30234375,665527.328125,4.2788673915995705,4.085727308436179,4.314243337751569,6,"[4.159205091125298, 4.284115265313476]",False,True,79443,337948
renderer.code_annotation_default_line_numbers-plain-300,feature,renderer.code_annotation_default_line_numbers,plain,,300,330,parse,116.9651108735375,117.66883120340742,1.002809062269025,0.9968871709401818,1.020033952823982,6,"[1.0025743774744256, 1.0166047335091706]",True,True,342,342
renderer.code_annotation_default_line_numbers-plain-300,feature,renderer.code_annotation_default_line_numbers,plain,,300,330,render,52.044917968942855,51.94063020341774,1.0010576036020447,0.972058897968715,1.010722712165632,6,"[1.003830634275663, 1.0009427031467213]",True,True,342,342
renderer.code_annotation_default_line_numbers-plain-300,feature,renderer.code_annotation_default_line_numbers,plain,,300,330,fresh,499.3427241028708,504.02278927430723,1.0094649310724715,0.9935038976268261,1.0240853353303985,6,"[1.011037644788065, 1.002373085501698]",True,True,342,342
renderer.code_annotation_default_line_numbers-plain-300,feature,renderer.code_annotation_default_line_numbers,plain,,300,330,reuse,168.39268835796383,167.45590423438807,0.9973220412613009,0.9851276598056924,1.0092546744197057,6,"[0.9970749613358134, 0.9975691211867882]",True,True,342,342
renderer.code_annotation_default_line_numbers-active-300,feature,renderer.code_annotation_default_line_numbers,active,,300,300,parse,750.2494128271812,755.3724129910238,1.0106050478454502,0.9798623409091346,1.0138749184948408,6,"[1.0088170783012014, 1.0131171036973232]",False,True,640,3320
renderer.code_annotation_default_line_numbers-active-300,feature,renderer.code_annotation_default_line_numbers,active,,300,300,render,2195.064379800142,4184.435833333333,1.8986321614179695,1.8793466148042846,1.920859055645343,6,"[1.896921943008516, 1.9167710810619936]",False,True,640,3320
renderer.code_annotation_default_line_numbers-active-300,feature,renderer.code_annotation_default_line_numbers,active,,300,300,fresh,3379.9814248219996,5574.835176991151,1.6503377205305336,1.6102218481886528,1.6774040531602756,6,"[1.6543293326268098, 1.6463461084342574]",False,True,640,3320
renderer.code_annotation_default_line_numbers-active-300,feature,renderer.code_annotation_default_line_numbers,active,,300,300,reuse,2963.6508416161278,4898.0712890625,1.6607398020670503,1.6410038208095303,1.682980924947655,6,"[1.677920840128552, 1.6570203697212382]",False,True,640,3320
renderer.code_annotation_default_line_numbers-plain-4096,feature,renderer.code_annotation_default_line_numbers,plain,,4096,4125,render,531.7623438262622,535.1262920854414,1.0070318965075562,0.9887373010549624,1.0111410048050564,6,"[1.0098034231543869, 1.0044397785892658]",True,True,4275,4275
renderer.code_annotation_default_line_numbers-plain-4096,feature,renderer.code_annotation_default_line_numbers,plain,,4096,4125,fresh,2160.916500585081,2157.7541487068966,0.9926285610066057,0.9902826032541611,1.015854661979667,6,"[0.9940384901607736, 0.9912186318524377]",True,True,4275,4275
renderer.code_annotation_default_line_numbers-plain-4096,feature,renderer.code_annotation_default_line_numbers,plain,,4096,4125,reuse,1740.4007378472222,1743.2346643160295,1.0056619300853806,0.9852852949198185,1.018276048347886,6,"[1.0026963892341858, 1.0087816482265135]",True,True,4275,4275
renderer.code_annotation_default_line_numbers-active-4096,feature,renderer.code_annotation_default_line_numbers,active,,4096,4110,render,30105.778273809523,56694.11399147727,1.894775045634228,1.8527774726303203,1.9316799987083904,6,"[1.8781728472031722, 1.9083983512776925]",False,True,8768,45484
renderer.code_annotation_default_line_numbers-active-4096,feature,renderer.code_annotation_default_line_numbers,active,,4096,4110,fresh,40529.58203125,67892.9015625,1.668479327098704,1.64976338651533,1.7186134174283674,6,"[1.67209559454097, 1.664863059656438]",False,True,8768,45484
renderer.code_annotation_default_line_numbers-active-4096,feature,renderer.code_annotation_default_line_numbers,active,,4096,4110,reuse,40082.763671875,66927.8015625,1.6677265490086217,1.6533391670983364,1.6995419292826417,6,"[1.6740216449138055, 1.664103152913684]",False,True,8768,45484
renderer.code_annotation_default_line_numbers-plain-65536,feature,renderer.code_annotation_default_line_numbers,plain,,65536,65670,render,8450.0,8452.951458333333,0.9980297181220268,0.9923361554364457,1.0099657204326136,6,"[0.9984241695601139, 0.9976352666839398]",True,True,68058,68058
renderer.code_annotation_default_line_numbers-plain-65536,feature,renderer.code_annotation_default_line_numbers,plain,,65536,65670,fresh,27871.490489130432,27987.205842391304,1.0005830017445063,0.9925810798350282,1.0146584379341292,6,"[1.0044073621584402, 0.9967586413305726]",True,True,68058,68058
renderer.code_annotation_default_line_numbers-plain-65536,feature,renderer.code_annotation_default_line_numbers,plain,,65536,65670,reuse,27200.633152173912,27398.211277173912,1.0071909683024474,0.9954471754717453,1.040213149830708,6,"[1.0069622678568935, 1.0077168685114979]",True,True,68058,68058
renderer.code_annotation_default_line_numbers-active-65536,feature,renderer.code_annotation_default_line_numbers,active,,65536,65550,render,481718.109375,912038.40625,1.898105523191898,1.863096387046916,1.9201382207355668,6,"[1.9010644074011849, 1.895146638982611]",False,True,139840,725420
renderer.code_annotation_default_line_numbers-active-65536,feature,renderer.code_annotation_default_line_numbers,active,,65536,65550,fresh,642633.46875,1074337.234375,1.6713866341667307,1.3287575407533803,1.6895274372641542,6,"[1.670272634206564, 1.6725006341268978]",False,True,139840,725420
renderer.code_annotation_default_line_numbers-active-65536,feature,renderer.code_annotation_default_line_numbers,active,,65536,65550,reuse,636546.875,1064328.78125,1.675800781972395,1.6377645772227167,1.6813032624872402,6,"[1.6715030359189447, 1.6788680505104667]",False,True,139840,725420
renderer.autolink_urls-plain-300,feature,renderer.autolink_urls,plain,,300,330,parse,117.89861857588821,117.2547366956218,0.9964900252474971,0.9848779997913529,1.0178883597590134,6,"[0.994454571746874, 0.9985254787481201]",True,True,342,342
renderer.autolink_urls-plain-300,feature,renderer.autolink_urls,plain,,300,330,render,51.83038634557295,111.72569343351017,2.1452302588969667,2.1375084336773913,2.1861263183314184,6,"[2.14292620889431, 2.1707448016062107]",True,True,342,342
renderer.autolink_urls-plain-300,feature,renderer.autolink_urls,plain,,300,330,fresh,497.9408930084873,560.5198781583008,1.1304341953962505,1.104651905755156,1.1492973112066993,6,"[1.1083605379808703, 1.1330445430372564]",True,True,342,342
renderer.autolink_urls-plain-300,feature,renderer.autolink_urls,plain,,300,330,reuse,167.6211408889783,227.45877395800434,1.3563582056469714,1.34912616266837,1.371330100561567,6,"[1.353696232824039, 1.361359969449669]",True,True,342,342
renderer.autolink_urls-active-300,feature,renderer.autolink_urls,active,,300,310,parse,207.397919525692,209.59160336875502,1.0140361221781011,1.0028602517820728,1.3118372774974865,6,"[1.0115985895328095, 1.0403507648148815]",False,True,340,700
renderer.autolink_urls-active-300,feature,renderer.autolink_urls,active,,300,310,render,112.5453545278427,712.188189671779,6.312562655931345,6.298039848949344,6.390193483353507,6,"[6.323522584155066, 6.301602727707622]",False,True,340,700
renderer.autolink_urls-active-300,feature,renderer.autolink_urls,active,,300,310,fresh,645.1587588595361,1316.9544736842104,2.041293094264728,2.0257747851584993,2.093656597284282,6,"[2.0443382594053148, 2.0273194384902844]",False,True,340,700
renderer.autolink_urls-active-300,feature,renderer.autolink_urls,active,,300,310,reuse,322.9517341309385,924.4806495642431,2.8597613924561114,2.8150804227973403,2.8865258403484417,6,"[2.8673951651090746, 2.8468859861076514]",False,True,340,700
renderer.autolink_urls-plain-4096,feature,renderer.autolink_urls,plain,,4096,4125,render,537.055656254655,834.130972623623,1.5454952644956126,1.2865517858471325,1.5693261499098856,6,"[1.5470099337071532, 1.543980595284072]",True,True,4275,4275
renderer.autolink_urls-plain-4096,feature,renderer.autolink_urls,plain,,4096,4125,fresh,2138.702965017065,2427.611467312412,1.1373199771164377,1.1097678912043996,1.1413492362307864,6,"[1.13704758285445, 1.1375923713784253]",True,True,4275,4275
renderer.autolink_urls-plain-4096,feature,renderer.autolink_urls,plain,,4096,4125,reuse,1744.8785880287032,2026.103893485547,1.1613194023368347,1.1586859775839897,1.165605155752561,6,"[1.1624805550848079, 1.1601582495888616]",True,True,4275,4275
renderer.autolink_urls-active-4096,feature,renderer.autolink_urls,active,,4096,4154,render,1296.8322402191711,8948.617954602614,6.932476303917548,6.82696836388791,7.06688569104178,6,"[6.944722456822489, 6.920230151012607]",False,True,4556,9380
renderer.autolink_urls-active-4096,feature,renderer.autolink_urls,active,,4096,4154,fresh,4179.518019550869,12045.482504082003,2.891257054665478,2.8706437016330657,2.912524972542438,6,"[2.8920976439178046, 2.8904164654131517]",False,True,4556,9380
renderer.autolink_urls-active-4096,feature,renderer.autolink_urls,active,,4096,4154,reuse,3770.907466317365,11503.136647727273,3.045910914925878,3.0293245330821374,3.074962764519577,6,"[3.0463932881904343, 3.0307480690351665]",False,True,4556,9380
renderer.autolink_urls-plain-65536,feature,renderer.autolink_urls,plain,,65536,65670,render,8429.887083333335,12583.2715502451,1.4914232917533605,1.479956857061949,1.532943320561314,6,"[1.496738045797372, 1.4841641598777255]",True,True,68058,68058
renderer.autolink_urls-plain-65536,feature,renderer.autolink_urls,plain,,65536,65670,fresh,27824.10529891304,32004.36171875,1.1512153797056235,1.1320673504774357,1.1678739652016483,6,"[1.1532671764830127, 1.1469868017219917]",True,True,68058,68058
renderer.autolink_urls-plain-65536,feature,renderer.autolink_urls,plain,,65536,65670,reuse,27303.838994565216,31630.59921875,1.1553733964040154,1.1447505059515222,1.1854097758821667,6,"[1.1562615644678913, 1.1544852283401392]",True,True,68058,68058
renderer.autolink_urls-active-65536,feature,renderer.autolink_urls,active,,65536,65596,render,22408.349041717982,144875.0,6.443603116208683,6.373350047931568,6.507568222108166,6,"[6.401298379183222, 6.475600512860172]",False,True,71944,148120
renderer.autolink_urls-active-65536,feature,renderer.autolink_urls,active,,65536,65596,fresh,62982.68125,185824.703125,2.95040825946085,2.9144770950729866,2.959256832762649,6,"[2.9537540065841275, 2.941914725867377]",False,True,71944,148120
renderer.autolink_urls-active-65536,feature,renderer.autolink_urls,active,,65536,65596,reuse,62251.420454545456,183682.29296875,2.951411044949414,2.9275059170304467,2.9953627068837614,6,"[2.9583845131091646, 2.944437576789664]",False,True,71944,148120
renderer.autolink_target_blank-plain-300,feature,renderer.autolink_target_blank,plain,,300,330,parse,116.49771309414697,115.99019165783557,0.995272594183874,0.9858883770075385,1.002261362473188,6,"[0.996613989224646, 0.9891128355506326]",True,True,342,342
renderer.autolink_target_blank-plain-300,feature,renderer.autolink_target_blank,plain,,300,330,render,112.03314580758249,112.34440745391427,1.0024318028973247,0.9960565288718164,1.0085929060937135,6,"[1.0062539088938622, 0.9999458086949949]",True,True,342,342
renderer.autolink_target_blank-plain-300,feature,renderer.autolink_target_blank,plain,,300,330,fresh,560.6430112255232,564.5078867045779,1.0041791491801866,0.9955372399402656,1.035698055851096,6,"[1.000431225743552, 1.0306199166030343]",True,True,342,342
renderer.autolink_target_blank-plain-300,feature,renderer.autolink_target_blank,plain,,300,330,reuse,232.37989606900453,228.8016266931839,0.9809641773819924,0.9683737924847142,1.0059712323893515,6,"[0.9710061262614195, 0.9997667631605361]",True,True,342,342
renderer.autolink_target_blank-active-300,feature,renderer.autolink_target_blank,active,,300,312,parse,309.5471472513092,311.2842933276401,1.0060288194304459,0.9923713858406552,1.018998827624119,6,"[0.9956755309744347, 1.0125101953201607]",False,True,672,1008
renderer.autolink_target_blank-active-300,feature,renderer.autolink_target_blank,active,,300,312,render,735.2256035935231,741.9450066725979,1.008370030565396,1.0021241295840975,1.0232780236236523,6,"[1.0041168797726925, 1.0186722778901924]",False,True,672,1008
renderer.autolink_target_blank-active-300,feature,renderer.autolink_target_blank,active,,300,312,fresh,1465.3326915364046,1446.5287123803237,0.9856816031517222,0.9676595041894406,1.0112866685948887,6,"[0.9871560514488056, 0.9836870608792289]",False,True,672,1008
renderer.autolink_target_blank-active-300,feature,renderer.autolink_target_blank,active,,300,312,reuse,1055.5163891231027,1052.865960771935,0.9958556725305427,0.9763700415340644,1.0079322425532655,6,"[0.9951846283829526, 0.9965267166781329]",False,True,672,1008
renderer.autolink_target_blank-plain-4096,feature,renderer.autolink_target_blank,plain,,4096,4125,render,817.7160691354934,815.2501629726205,0.9969879437692066,0.9883479714713794,1.004658519585857,6,"[0.9969995433835426, 0.9969763441548706]",True,True,4275,4275
renderer.autolink_target_blank-plain-4096,feature,renderer.autolink_target_blank,plain,,4096,4125,fresh,2453.4172320197613,2455.4007222333294,1.0003523415275737,0.9921936473617003,1.0143490169469704,6,"[0.9966568670850825, 1.0083573472771568]",True,True,4275,4275
renderer.autolink_target_blank-plain-4096,feature,renderer.autolink_target_blank,plain,,4096,4125,reuse,2049.195983018226,2046.4512076649198,0.9989397957267988,0.9742407000763837,1.006462224306075,6,"[0.9941428061791855, 1.0045435332734272]",True,True,4275,4275
renderer.autolink_target_blank-active-4096,feature,renderer.autolink_target_blank,active,,4096,4134,render,9152.985280797102,9237.386212569267,1.0098272962194066,0.9819088284758368,1.0201790944952593,6,"[1.0166640987106033, 1.008027539659033]",False,True,8904,13356
renderer.autolink_target_blank-active-4096,feature,renderer.autolink_target_blank,active,,4096,4134,fresh,13737.913383152174,13670.261548913044,0.9975475034594472,0.9858953424387007,1.0123155573661704,6,"[0.9904034589192101, 0.9980263550590082]",False,True,8904,13356
renderer.autolink_target_blank-active-4096,feature,renderer.autolink_target_blank,active,,4096,4134,reuse,12947.823660714286,13010.350446428572,1.0058798373996551,0.9855158286901937,1.0233584968632747,6,"[1.0056421421174615, 1.011656056288552]",False,True,8904,13356
renderer.autolink_target_blank-plain-65536,feature,renderer.autolink_target_blank,plain,,65536,65670,render,12607.525937499999,12649.31,1.0009604531492724,0.987892784550359,1.0176400676583255,6,"[1.0025418353325657, 0.9963658704752524]",True,True,68058,68058
renderer.autolink_target_blank-plain-65536,feature,renderer.autolink_target_blank,plain,,65536,65670,fresh,31900.52109375,31890.559375,0.9997474834427278,0.9904797058174868,1.0169755148514326,6,"[0.9921201183341438, 1.0048459932568763]",True,True,68058,68058
renderer.autolink_target_blank-plain-65536,feature,renderer.autolink_target_blank,plain,,65536,65670,reuse,31389.97421875,31169.735863095237,0.9960440314364095,0.9881437657042877,1.0045192706154096,6,"[0.9897562558667009, 1.0033707446676434]",True,True,68058,68058
renderer.autolink_target_blank-active-65536,feature,renderer.autolink_target_blank,active,,65536,65559,render,149774.609375,150768.621875,1.0089441154937573,0.9907863172674856,1.0144806125374655,6,"[1.013485578699247, 1.008035351409556]",False,True,141204,211806
renderer.autolink_target_blank-active-65536,feature,renderer.autolink_target_blank,active,,65536,65559,fresh,210047.5260416667,212339.84375,1.0034304641901355,0.9930991867469964,1.0358687052602698,6,"[1.0048830464498555, 1.0019778819304155]",False,True,141204,211806
renderer.autolink_target_blank-active-65536,feature,renderer.autolink_target_blank,active,,65536,65559,reuse,212329.2083333333,211859.5885416667,0.9945165903867412,0.991299578037517,1.0036389638867351,6,"[1.0000733550138152, 0.9930650750599269]",False,True,141204,211806
renderer.link_target_blank-plain-300,feature,renderer.link_target_blank,plain,,300,330,parse,117.93873587429175,117.17558938101888,0.9931589660599315,0.9900148413517358,1.0110560642207096,6,"[0.9947794557490808, 0.9918795781266087]",True,True,342,342
renderer.link_target_blank-plain-300,feature,renderer.link_target_blank,plain,,300,330,render,51.71471567605239,51.98945342311394,1.005261179562952,0.994899324897129,1.0117150336076461,6,"[0.9967229518475359, 1.0085670783235854]",True,True,342,342
renderer.link_target_blank-plain-300,feature,renderer.link_target_blank,plain,,300,330,fresh,500.08334165667463,501.2192994197889,0.9993249528278155,0.9807321604614075,1.0333242339264757,6,"[1.0059475392324575, 0.9927023664231736]",True,True,342,342
renderer.link_target_blank-plain-300,feature,renderer.link_target_blank,plain,,300,330,reuse,168.21420462190525,168.73105840194143,0.9990917403253529,0.9935626348663245,1.0121947912128608,6,"[1.0017812018576784, 0.9973586806104188]",True,True,342,342
renderer.link_target_blank-active-300,feature,renderer.link_target_blank,active,,300,354,parse,1124.3539246833097,1122.4476538419465,0.9965647928739214,0.9874819571486829,1.013732332682877,6,"[0.9905849528088512, 1.0054555704272075]",False,True,522,774
renderer.link_target_blank-active-300,feature,renderer.link_target_blank,active,,300,354,render,494.58057672020016,496.94352394674087,1.004779812703954,0.9952536829300894,1.0417562686275124,6,"[1.0013493815109844, 1.0162460694544562]",False,True,522,774
renderer.link_target_blank-active-300,feature,renderer.link_target_blank,active,,300,354,fresh,1974.1985902996846,2058.7987903356707,1.0461475901465047,1.0149893185982006,1.0582162537368718,6,"[1.050258925692597, 1.0426224861763103]",False,True,522,774
renderer.link_target_blank-active-300,feature,renderer.link_target_blank,active,,300,354,reuse,1606.8042314489817,1611.2973433047368,1.002392542958665,0.987616994203875,1.0127636029078666,6,"[1.0038635115893055, 0.9991937746569988]",False,True,522,774
renderer.link_target_blank-plain-4096,feature,renderer.link_target_blank,plain,,4096,4125,render,526.8122893850042,526.6003497994632,1.001698434421541,0.994271367083919,1.0120552560441223,6,"[0.9998584361133123, 1.0075120563332627]",True,True,4275,4275
renderer.link_target_blank-plain-4096,feature,renderer.link_target_blank,plain,,4096,4125,fresh,2162.406556197679,2153.612220790378,0.9960657910852835,0.9705122850441136,1.0089591195675056,6,"[1.0000666880528353, 0.9921586731966646]",True,True,4275,4275
renderer.link_target_blank-plain-4096,feature,renderer.link_target_blank,plain,,4096,4125,reuse,1740.2711816835008,1741.044632563448,0.9984448091907956,0.9849081431049485,1.0161314457651123,6,"[0.9950038545792708, 1.0095788167252886]",True,True,4275,4275
renderer.link_target_blank-active-4096,feature,renderer.link_target_blank,active,,4096,4130,render,5685.819975941851,5707.078693181818,1.0084582757502534,0.9816946927861037,1.030459683686486,6,"[1.0041133022262503, 1.014311553044231]",False,True,6090,9030
renderer.link_target_blank-active-4096,feature,renderer.link_target_blank,active,,4096,4130,fresh,18525.103400735294,18742.914981617647,1.0127275830580975,0.9983475440450156,1.0251504260617246,6,"[1.0063775387562612, 1.0150390924712749]",False,True,6090,9030
renderer.link_target_blank-active-4096,feature,renderer.link_target_blank,active,,4096,4130,reuse,18260.47232142857,18359.65401785714,1.0039032728564004,0.9936666176182068,1.0059274543177759,6,"[1.0047315161965011, 1.0030750295162998]",False,True,6090,9030
renderer.link_target_blank-plain-65536,feature,renderer.link_target_blank,plain,,65536,65670,render,8398.75,8421.73179617117,1.0017729440443341,0.9914893390139805,1.0074572325905207,6,"[1.0067645642633103, 1.0004430119546655]",True,True,68058,68058
renderer.link_target_blank-plain-65536,feature,renderer.link_target_blank,plain,,65536,65670,fresh,28018.087635869564,27871.801630434784,0.9955621428432759,0.9864353920069358,1.005681353397688,6,"[0.9935164997507565, 1.0025840959553058]",True,True,68058,68058
renderer.link_target_blank-plain-65536,feature,renderer.link_target_blank,plain,,65536,65670,reuse,26934.625,27032.416015625,1.00471895648051,0.9961309721720275,1.0096436956728094,6,"[1.0013084733398678, 1.0081294396211522]",True,True,68058,68058
renderer.link_target_blank-active-65536,feature,renderer.link_target_blank,active,,65536,65549,render,91531.15625,92085.84598214287,1.0066231093749747,1.0008717355393142,1.0130389262079071,6,"[1.006155690247316, 1.007090528502633]",False,True,96657,143319
renderer.link_target_blank-active-65536,feature,renderer.link_target_blank,active,,65536,65549,fresh,284197.265625,285708.7708333334,1.0045441853327863,0.9964635256619784,1.0113356378479756,6,"[1.0010161075840769, 1.0080722630814958]",False,True,96657,143319
renderer.link_target_blank-active-65536,feature,renderer.link_target_blank,active,,65536,65549,reuse,286382.1614583334,286104.1666666667,1.0009201092855233,0.9931300372702386,1.0058661328190923,6,"[1.0030898632446863, 0.9938909374147482]",False,True,96657,143319
renderer.semantic_footnotes-plain-300,feature,renderer.semantic_footnotes,plain,,300,330,parse,117.62318051303691,117.47502914410649,1.0025354307589658,0.9812631541055671,1.0131329508478688,6,"[1.0006606720624354, 1.0057018750755136]",True,True,342,342
renderer.semantic_footnotes-plain-300,feature,renderer.semantic_footnotes,plain,,300,330,render,52.21410001392172,52.3600981462904,1.0010924346160661,0.9918839567676606,1.0195736991815614,6,"[1.010032187460539, 0.9976775684730115]",True,True,342,342
renderer.semantic_footnotes-plain-300,feature,renderer.semantic_footnotes,plain,,300,330,fresh,500.6429595031191,496.61522326554496,0.9935023376458016,0.9754461740090968,1.0030952415855565,6,"[1.0023868423535292, 0.9837757168801292]",True,True,342,342
renderer.semantic_footnotes-plain-300,feature,renderer.semantic_footnotes,plain,,300,330,reuse,168.7185475708502,168.62317705519166,1.0034171829908507,0.9882046372204769,1.007876363104951,6,"[1.0027355846352162, 1.0040987813464852]",True,True,342,342
renderer.semantic_footnotes-active-300,feature,renderer.semantic_footnotes,active,,300,300,parse,3139.674302763819,3151.653423366834,1.0069909420193044,0.9857081175911644,1.0152516429865233,6,"[1.0052643939355883, 1.0087174901030203]",False,True,1126,1010
renderer.semantic_footnotes-active-300,feature,renderer.semantic_footnotes,active,,300,300,render,791.0602269499432,761.5428936431814,0.9642540742301653,0.9533588207290797,0.972267043966507,6,"[0.9626900229022323, 0.9662699655758077]",False,True,1126,1010
renderer.semantic_footnotes-active-300,feature,renderer.semantic_footnotes,active,,300,300,fresh,4438.446586879432,4480.496651785714,1.007014914803853,0.9992470909378779,1.0445874780253348,6,"[1.0002602125560425, 1.0156886500122233]",False,True,1126,1010
renderer.semantic_footnotes-active-300,feature,renderer.semantic_footnotes,active,,300,300,reuse,3928.400234006486,3914.2455078125004,0.9924964414428907,0.987234039961468,1.0286420308529358,6,"[0.9885176858615166, 1.0102354761456094]",False,True,1126,1010
renderer.semantic_footnotes-plain-4096,feature,renderer.semantic_footnotes,plain,,4096,4125,render,533.5089478575376,536.8967946431205,1.0038843082894329,0.988335643048199,1.0157198240236833,6,"[1.0064288303483933, 1.0009762710833505]",True,True,4275,4275
renderer.semantic_footnotes-plain-4096,feature,renderer.semantic_footnotes,plain,,4096,4125,fresh,2165.0873342462883,2173.501692050565,1.0028801295208116,0.9980278590545653,1.0138439873271181,6,"[1.0018999230063685, 1.003860336035255]",True,True,4275,4275
renderer.semantic_footnotes-plain-4096,feature,renderer.semantic_footnotes,plain,,4096,4125,reuse,1738.7353795409301,1746.22468575419,1.0013873973268075,0.9890925415458162,1.0176325941710471,6,"[1.0018294448854448, 1.0009453497681702]",True,True,4275,4275
renderer.semantic_footnotes-active-4096,feature,renderer.semantic_footnotes,active,,4096,4100,render,10714.31408898305,9643.010179924242,0.8996876764846604,0.8946370251568725,0.9138974704494632,6,"[0.9026769859342906, 0.8966983670350304]",False,True,15487,12477
renderer.semantic_footnotes-active-4096,feature,renderer.semantic_footnotes,active,,4096,4100,fresh,52504.93619791667,51632.012019230766,0.983038709061096,0.9783900368362247,1.008161019630315,6,"[0.9786641833737463, 0.9846688433257496]",False,True,15487,12477
renderer.semantic_footnotes-active-4096,feature,renderer.semantic_footnotes,active,,4096,4100,reuse,50795.17307692308,50089.793269230766,0.9913729979130679,0.9682981061778428,0.9962524351081383,6,"[0.9798051251809486, 0.9943033775137625]",False,True,15487,12477
renderer.semantic_footnotes-plain-65536,feature,renderer.semantic_footnotes,plain,,65536,65670,render,8351.628358004386,8391.883541666666,0.9973909773933177,0.9831642501367372,1.0216282538643913,6,"[1.0031359178837813, 0.9870396882947317]",True,True,68058,68058
renderer.semantic_footnotes-plain-65536,feature,renderer.semantic_footnotes,plain,,65536,65670,fresh,27804.26358695652,27801.14945652174,1.0014902963828756,0.9894695052519586,1.012620496468692,6,"[1.0066728701388004, 0.9994195332505815]",True,True,68058,68058
renderer.semantic_footnotes-plain-65536,feature,renderer.semantic_footnotes,plain,,65536,65670,reuse,27263.690726902176,27118.865828804348,0.9980186444324992,0.9770233459594403,1.002560276932333,6,"[1.0007687939325054, 0.9929345165247475]",True,True,68058,68058
renderer.semantic_footnotes-active-65536,feature,renderer.semantic_footnotes,active,,65536,65550,render,179729.65234375,169901.203125,0.9453979187355275,0.9302658995002638,0.9506148188140174,6,"[0.94705908010381, 0.9420752770719576]",False,True,249292,202628
renderer.semantic_footnotes-active-65536,feature,renderer.semantic_footnotes,active,,65536,65550,fresh,835039.0625,829604.15625,0.9958731800297811,0.9700683702005154,1.0036825486485723,6,"[0.9730196588718362, 1.0028545263346522]",False,True,249292,202628
renderer.semantic_footnotes-active-65536,feature,renderer.semantic_footnotes,active,,65536,65550,reuse,826107.4375,829454.421875,1.0033830425224703,0.9933588123993937,1.0138085596739665,6,"[1.0094584105640032, 0.9959680985202071]",False,True,249292,202628
renderer.heading_permalinks-plain-300,feature,renderer.heading_permalinks,plain,,300,330,parse,117.30169467018365,117.93662094208219,0.9977010546541101,0.9840346649794209,1.0174923347038094,6,"[0.9955545102681493, 1.0134513048350609]",True,True,342,342
renderer.heading_permalinks-plain-300,feature,renderer.heading_permalinks,plain,,300,330,render,51.98005342593923,51.94203608122267,1.0016215109283735,0.9911719680286001,1.0108973734447317,6,"[0.9971597100982966, 1.0060833117584502]",True,True,342,342
renderer.heading_permalinks-plain-300,feature,renderer.heading_permalinks,plain,,300,330,fresh,499.31100239616615,511.7430438294349,1.0248707611506789,0.9947717562789447,1.0297131581058034,6,"[1.0255781122707477, 1.02416341003061]",True,True,342,342
renderer.heading_permalinks-plain-300,feature,renderer.heading_permalinks,plain,,300,330,reuse,167.95766327141055,168.5005165589837,1.0073453188889807,0.985558229273072,1.0120342652108711,6,"[1.0097262308250208, 1.0068166637735043]",True,True,342,342
renderer.heading_permalinks-active-300,feature,renderer.heading_permalinks,active,,300,365,parse,1048.9011987018425,1045.8085603677293,0.9966217955188679,0.9837260733251667,1.0164499379885776,6,"[0.9881810151563423, 1.002197252755134]",False,True,701,1717
renderer.heading_permalinks-active-300,feature,renderer.heading_permalinks,active,,300,365,render,1060.8414989406779,1297.3752415201384,1.2229689458087043,1.2004288766224296,1.2367089427404727,6,"[1.2293124200829209, 1.221054073728855]",False,True,701,1717
renderer.heading_permalinks-active-300,feature,renderer.heading_permalinks,active,,300,365,fresh,2541.8325918677187,2941.68917932243,1.1599682196622547,1.132364904619068,1.1830389126037335,6,"[1.148349822724293, 1.1715866166002165]",False,True,701,1717
renderer.heading_permalinks-active-300,feature,renderer.heading_permalinks,active,,300,365,reuse,2190.0182924919004,2419.576152148809,1.1054597208118093,1.0827866362012288,1.1308020543550557,6,"[1.1092159453506905, 1.1017034962729282]",False,True,701,1717
renderer.heading_permalinks-plain-4096,feature,renderer.heading_permalinks,plain,,4096,4125,render,539.5292076931023,537.8636106167113,1.000850227610825,0.9871356693598666,1.0090471937225094,6,"[0.9966471232627572, 1.002260512186759]",True,True,4275,4275
renderer.heading_permalinks-plain-4096,feature,renderer.heading_permalinks,plain,,4096,4125,fresh,2156.5155625735742,2156.0994663734054,0.9979878821966258,0.9851168542614877,1.0053404209216552,6,"[1.0013446290298094, 0.9946311353634423]",True,True,4275,4275
renderer.heading_permalinks-plain-4096,feature,renderer.heading_permalinks,plain,,4096,4125,reuse,1728.072136431349,1736.9313245846788,1.0047454282104473,0.9890906366613011,1.019091951885643,6,"[1.0011931542677293, 1.0082977021531654]",True,True,4275,4275
renderer.heading_permalinks-active-4096,feature,renderer.heading_permalinks,active,,4096,4161,render,12467.486519607843,15222.343332607434,1.2151460322249519,1.1866558007650914,1.2358964899186629,6,"[1.2282497193459012, 1.210756064208041]",False,True,8127,19845
renderer.heading_permalinks-active-4096,feature,renderer.heading_permalinks,active,,4096,4161,fresh,24475.5859375,27707.427309782608,1.1311351979969093,1.1055353932250775,1.151055430484115,6,"[1.1250693725910121, 1.1372010234028065]",False,True,8127,19845
renderer.heading_permalinks-active-4096,feature,renderer.heading_permalinks,active,,4096,4161,reuse,23807.14699074074,26438.96484375,1.107505042784507,1.094868467089438,1.1243935689011562,6,"[1.109406579903077, 1.105603505665937]",False,True,8127,19845
renderer.heading_permalinks-plain-65536,feature,renderer.heading_permalinks,plain,,65536,65670,render,8429.999791666665,8435.355833333333,1.0011808119520773,0.9886466243694478,1.0177757890326489,6,"[1.012215033131596, 1.0010234353297742]",True,True,68058,68058
renderer.heading_permalinks-plain-65536,feature,renderer.heading_permalinks,plain,,65536,65670,fresh,27935.83016304348,27793.110054347824,0.9962413379663945,0.9689164731430817,1.0047338899351268,6,"[0.9955715082643132, 0.9974997793161847]",True,True,68058,68058
renderer.heading_permalinks-plain-65536,feature,renderer.heading_permalinks,plain,,65536,65670,reuse,27082.583220108696,27058.213541666664,1.0004270547478438,0.976718402484348,1.0125909049859414,6,"[1.0103977467747831, 0.9905177096405626]",True,True,68058,68058
renderer.heading_permalinks-active-65536,feature,renderer.heading_permalinks,active,,65536,65554,render,199841.80078125,241927.296875,1.2088375299041998,1.2061269438903919,1.227588834905211,6,"[1.2084013101057407, 1.2092737497026589]",False,True,129986,316546
renderer.heading_permalinks-active-65536,feature,renderer.heading_permalinks,active,,65536,65554,fresh,381338.5390625,421898.4375,1.1073269435373816,1.0926782600305545,1.1237341915531172,6,"[1.107999109476696, 1.1066547775980673]",False,True,129986,316546
renderer.heading_permalinks-active-65536,feature,renderer.heading_permalinks,active,,65536,65554,reuse,386059.8984375,427357.421875,1.1055965565902475,1.0967435877066094,1.1249305432290038,6,"[1.1178304418467229, 1.1042230860706113]",False,True,129986,316546
renderer.source_spans-plain-300,feature,renderer.source_spans,plain,,300,330,parse,117.6411971206815,117.95291572904668,1.008674122932132,0.9911304173133663,1.0113231250933763,6,"[1.0083902015759585, 1.0098320666773213]",False,True,342,394
renderer.source_spans-plain-300,feature,renderer.source_spans,plain,,300,330,render,52.057004799428356,94.91875967764844,1.8251335505775386,1.798320935758846,1.8437783897520694,6,"[1.81867089715048, 1.8330217567359932]",False,True,342,394
renderer.source_spans-plain-300,feature,renderer.source_spans,plain,,300,330,fresh,507.5856578797396,550.238118561914,1.0820610872268412,1.075893697895113,1.0947767988876487,6,"[1.0908482181827366, 1.0774340875679682]",False,True,342,394
renderer.source_spans-plain-300,feature,renderer.source_spans,plain,,300,330,reuse,166.02401199988503,210.93514520420547,1.2680514135975787,1.26200736331591,1.2808087632526102,6,"[1.268944072541755, 1.2671587546534024]",False,True,342,394
renderer.source_spans-active-300,feature,renderer.source_spans,active,,300,344,parse,1491.915610083532,1494.5497571256465,1.0017655767536577,0.9888478555971358,1.018349947389701,6,"[1.002112556993931, 1.0014185965133844]",False,True,560,1300
renderer.source_spans-active-300,feature,renderer.source_spans,active,,300,344,render,455.50484511562274,1077.8151670258621,2.3716727963142286,2.3509210456871026,2.3966573035337992,6,"[2.382170384954857, 2.3611752076736003]",False,True,560,1300
renderer.source_spans-active-300,feature,renderer.source_spans,active,,300,344,fresh,2350.109092878305,3073.4069423585247,1.3021686389066636,1.2883610502357712,1.3250817730414455,6,"[1.3025286571411403, 1.2886937045905544]",False,True,560,1300
renderer.source_spans-active-300,feature,renderer.source_spans,active,,300,344,reuse,1968.9327523782918,2606.520141770401,1.3231363171233286,1.3139551878642255,1.3544906306634101,6,"[1.323688254396247, 1.3225843798504102]",False,True,560,1300
renderer.source_spans-plain-4096,feature,renderer.source_spans,plain,,4096,4125,render,530.2465385438549,1086.8257252509813,2.041085700971894,2.0296884576958645,2.068375148329539,6,"[2.0381646933136155, 2.0437892656575944]",False,True,4275,4985
renderer.source_spans-plain-4096,feature,renderer.source_spans,plain,,4096,4125,fresh,2140.813790090701,2706.166891163793,1.2658601388320023,1.259555975342371,1.271555895652174,6,"[1.2625556493714054, 1.2691646282925995]",False,True,4275,4985
renderer.source_spans-plain-4096,feature,renderer.source_spans,plain,,4096,4125,reuse,1742.1528125967193,2292.999771062271,1.3186170729689914,1.291007476355234,1.3261600986389555,6,"[1.319279897229772, 1.3019674622895383]",False,True,4275,4985
renderer.source_spans-active-4096,feature,renderer.source_spans,active,,4096,4128,render,5297.405724789916,13365.608710106382,2.5202284097921073,2.50206452879305,2.548858694655413,6,"[2.519384612626101, 2.5210722069581135]",False,True,6720,16287
renderer.source_spans-active-4096,feature,renderer.source_spans,active,,4096,4128,fresh,23373.625578703704,31482.48671875,1.3518918439417513,1.3310717713914662,1.3656122750114752,6,"[1.3595785471400696, 1.3317169055895814]",False,True,6720,16287
renderer.source_spans-active-4096,feature,renderer.source_spans,active,,4096,4128,reuse,22491.001674107145,30816.375,1.372762194640298,1.3653455086162751,1.385712306556296,6,"[1.377810751356817, 1.3727030559472626]",False,True,6720,16287
renderer.source_spans-plain-65536,feature,renderer.source_spans,plain,,65536,65670,render,8441.310833333333,17664.42404513889,2.100449490607131,2.0743525092878814,2.1377829318625903,6,"[2.0890370228670045, 2.125140315581279]",False,True,68058,80260
renderer.source_spans-plain-65536,feature,renderer.source_spans,plain,,65536,65670,fresh,27894.899456521736,36966.720588235294,1.3250485186906742,1.31691951564841,1.339032950722945,6,"[1.3208604296152882, 1.3292366077660605]",False,True,68058,80260
renderer.source_spans-plain-65536,feature,renderer.source_spans,plain,,65536,65670,reuse,27385.529891304348,36394.9296875,1.338420313567342,1.3114679555147188,1.3610547162248428,6,"[1.338708474755193, 1.3147580912014005]",False,True,68058,80260
renderer.source_spans-active-65536,feature,renderer.source_spans,active,,65536,65618,render,86515.37890625,219373.9114583333,2.532898139339099,2.518121150776338,2.571507187068887,6,"[2.5430519526119095, 2.5229106634051597]",False,True,106820,270587
renderer.source_spans-active-65536,feature,renderer.source_spans,active,,65536,65618,fresh,365629.5546875,501524.4140625,1.372758319467235,1.342559232887719,1.3853215734546427,6,"[1.3713779786356046, 1.3796340116534338]",False,True,106820,270587
renderer.source_spans-active-65536,feature,renderer.source_spans,active,,65536,65618,reuse,367134.1171875,498141.28125,1.3613394396494922,1.34822332871998,1.3798374582187591,6,"[1.358165210784303, 1.3707630295222644]",False,True,106820,270587
renderer.heading_ids-plain-300,feature,renderer.heading_ids,plain,,300,330,parse,117.63471251589351,117.47107563329655,1.0010568676107168,0.9878973529282704,1.0244542128064449,6,"[0.9970643699483676, 1.0095160813527333]",True,True,342,342
renderer.heading_ids-plain-300,feature,renderer.heading_ids,plain,,300,330,render,52.282048203311845,52.21812314887704,0.9993523984169601,0.9901358333073426,1.006911349660964,6,"[1.0031103053334636, 0.9942713244502676]",True,True,342,342
renderer.heading_ids-plain-300,feature,renderer.heading_ids,plain,,300,330,fresh,502.7078762048177,501.36479519998636,0.9920498926197193,0.9642800826048589,1.0116104927356013,6,"[1.004882076743262, 0.9823071072683277]",True,True,342,342
renderer.heading_ids-plain-300,feature,renderer.heading_ids,plain,,300,330,reuse,166.0032801992815,166.53833748465615,1.0032238159131082,0.9984076569256359,1.0080176480187777,6,"[0.9992158990860417, 1.0056381822098275]",True,True,342,342
renderer.heading_ids-active-300,feature,renderer.heading_ids,active,,300,365,parse,1035.6331988130023,1031.7175051058205,1.000437080848319,0.9850576226832791,1.0098991581123447,6,"[1.0011654057752035, 0.9997087559214344]",False,True,515,701
renderer.heading_ids-active-300,feature,renderer.heading_ids,active,,300,365,render,382.78474820638934,1073.372557675758,2.790543878867853,2.7463158375985746,2.8525437985826474,6,"[2.8121597564847867, 2.767386509955175]",False,True,515,701
renderer.heading_ids-active-300,feature,renderer.heading_ids,active,,300,365,fresh,1856.84026493638,2565.9578635466532,1.3809653065775316,1.3687249824821703,1.4049833859781249,6,"[1.3695907702549164, 1.383894413201959]",False,True,515,701
renderer.heading_ids-active-300,feature,renderer.heading_ids,active,,300,365,reuse,1451.2771716529392,2157.101288844946,1.48103264652593,1.462623699391075,1.5168804793146156,6,"[1.473876826920353, 1.4913720358368463]",False,True,515,701
renderer.heading_ids-plain-4096,feature,renderer.heading_ids,plain,,4096,4125,render,528.0514278927365,527.8980452039609,1.0018451545941633,0.9917290461844724,1.0069280830694434,6,"[1.0053167971713313, 0.998565263469059]",True,True,4275,4275
renderer.heading_ids-plain-4096,feature,renderer.heading_ids,plain,,4096,4125,fresh,2175.4081108751934,2186.8159254844427,0.9942460810110509,0.9733762369277572,1.014367281808663,6,"[0.9890135835834067, 0.999478578438695]",True,True,4275,4275
renderer.heading_ids-plain-4096,feature,renderer.heading_ids,plain,,4096,4125,reuse,1744.99676667542,1743.8667740250696,0.9993681040130218,0.9796006386621203,1.0185041737901122,6,"[1.0028773626341965, 0.995858845391847]",True,True,4275,4275
renderer.heading_ids-active-4096,feature,renderer.heading_ids,active,,4096,4161,render,4202.277369966443,12453.942095588234,2.9578248429480682,2.899983640281563,3.005600334533961,6,"[2.990611463458744, 2.9333493390270076]",False,True,5871,8127
renderer.heading_ids-active-4096,feature,renderer.heading_ids,active,,4096,4161,fresh,16233.15625,24677.55889423077,1.5242688170345624,1.4889476151343415,1.5284686745008114,6,"[1.5253547278750903, 1.5231829061940343]",False,True,5871,8127
renderer.heading_ids-active-4096,feature,renderer.heading_ids,active,,4096,4161,reuse,15638.17987804878,24022.15914351852,1.5377162207838155,1.5011297128376957,2.2833768636648313,6,"[1.5359241892618851, 1.539508252305746]",False,True,5871,8127
renderer.heading_ids-plain-65536,feature,renderer.heading_ids,plain,,65536,65670,render,8451.575779842344,8387.010553728069,0.9974572117577718,0.9620789442519329,1.0018487491576156,6,"[0.9975313370601799, 0.9866707107623953]",True,True,68058,68058
renderer.heading_ids-plain-65536,feature,renderer.heading_ids,plain,,65536,65670,fresh,28096.212635869568,28168.336956521736,0.9998963759615898,0.9743136569804198,1.0203363388448026,6,"[1.0111027835045276, 0.9918680215297724]",True,True,68058,68058
renderer.heading_ids-plain-65536,feature,renderer.heading_ids,plain,,65536,65670,reuse,27114.393229166664,27170.600911458336,1.0028242560258187,0.9819932533893693,1.007970862879163,6,"[1.005448167059753, 0.997267633473548]",True,True,68058,68058
renderer.heading_ids-active-65536,feature,renderer.heading_ids,active,,65536,65554,render,66248.2421875,198963.5390625,2.9888720703108436,2.951470332914061,3.0716236947677387,6,"[2.997801122348843, 2.9751100354723516]",False,True,92494,129986
renderer.heading_ids-active-65536,feature,renderer.heading_ids,active,,65536,65554,fresh,249881.51041666666,382905.2734375,1.5356293036893374,1.5133746989939902,1.55647253647425,6,"[1.5275715209619254, 1.5436870864167491]",False,True,92494,129986
renderer.heading_ids-active-65536,feature,renderer.heading_ids,active,,65536,65554,reuse,246364.359375,378080.078125,1.533640925762699,1.5143018693913386,1.5395189256737891,6,"[1.5375064017754259, 1.5297754497499723]",False,True,92494,129986
renderer.callouts-plain-300,feature,renderer.callouts,plain,,300,330,parse,117.14989812213159,117.93878400458469,0.9998005550276406,0.9935787134247777,1.0172831301035383,6,"[0.9953070577686842, 1.004294052286597]",True,True,342,342
renderer.callouts-plain-300,feature,renderer.callouts,plain,,300,330,render,51.958914085078845,51.80292116417108,0.9951768205317677,0.9913229199144437,1.0098281800854791,6,"[0.9946241005706724, 0.9957295404928629]",True,True,342,342
renderer.callouts-plain-300,feature,renderer.callouts,plain,,300,330,fresh,496.31196022949166,498.43500915726474,1.001175632036176,0.9823439996413602,1.0195919945889569,6,"[1.01749089414589, 0.9853429211535106]",True,True,342,342
renderer.callouts-plain-300,feature,renderer.callouts,plain,,300,330,reuse,167.35244817089279,167.53604458563814,0.9987877285874787,0.9874941568900472,1.0129269285200184,6,"[1.0016802977571784, 0.9905981090363872]",True,True,342,342
renderer.callouts-active-300,feature,renderer.callouts,active,,300,320,parse,3281.39242473822,3259.2366536458335,0.9930511527214283,0.98171696412642,1.0119282660266267,6,"[0.9906134538994754, 0.9954888515433813]",False,True,740,1390
renderer.callouts-active-300,feature,renderer.callouts,active,,300,320,render,549.8514260792515,966.1625830120286,1.7552424501069221,1.7411309354612232,1.7692657651711514,6,"[1.7513678368419212, 1.759117063371923]",False,True,740,1390
renderer.callouts-active-300,feature,renderer.callouts,active,,300,320,fresh,4252.679103609349,4745.27509469697,1.112328243149792,1.103040608377516,1.1317317249588934,6,"[1.108732397087396, 1.1159240892121882]",False,True,740,1390
renderer.callouts-active-300,feature,renderer.callouts,active,,300,320,reuse,3834.156212007145,4254.659119897959,1.1127787490731564,1.092267852859656,1.1240311687095603,6,"[1.1204459392119166, 1.1095343385096943]",False,True,740,1390
renderer.callouts-plain-4096,feature,renderer.callouts,plain,,4096,4125,render,532.1664361702128,532.2770358524352,1.0010393054553288,0.9966954424283794,1.005555819909982,6,"[1.002107750834072, 0.9991461892422194]",True,True,4275,4275
renderer.callouts-plain-4096,feature,renderer.callouts,plain,,4096,4125,fresh,2165.853427768166,2173.02050787137,1.000166644228878,0.9937499603667302,1.0261659278775372,6,"[0.9985648052815166, 1.001768483176239]",True,True,4275,4275
renderer.callouts-plain-4096,feature,renderer.callouts,plain,,4096,4125,reuse,1715.2318314198292,1716.8824665060965,1.0025321504960094,0.9973194794411661,1.0050375802287292,6,"[1.0013665287620073, 1.0036977722300113]",True,True,4275,4275
renderer.callouts-active-4096,feature,renderer.callouts,active,,4096,4096,render,6868.820060544076,12133.48858173077,1.7746490455189643,1.756019728345302,1.8031647810527118,6,"[1.7685976026295578, 1.7807004884083706]",False,True,9472,17792
renderer.callouts-active-4096,feature,renderer.callouts,active,,4096,4096,fresh,49024.88942307692,54501.247395833336,1.120055441032016,1.0978648314271666,1.1376007553785905,6,"[1.1304546939489546, 1.1195018581223988]",False,True,9472,17792
renderer.callouts-active-4096,feature,renderer.callouts,active,,4096,4096,reuse,47901.92522321429,53870.17057291667,1.1219252596340885,1.1024384828111469,1.1367320337619682,6,"[1.12232515538592, 1.1215253638822569]",False,True,9472,17792
renderer.callouts-plain-65536,feature,renderer.callouts,plain,,65536,65670,render,8460.39210304054,8393.394166666667,0.992835486949244,0.9839898913621062,0.9969528106600558,6,"[0.9935096297774674, 0.9849425611541793]",True,True,68058,68058
renderer.callouts-plain-65536,feature,renderer.callouts,plain,,65536,65670,fresh,27778.221467391304,27839.10733695652,0.9957788123989249,0.9929586237639793,1.0120864378020942,6,"[0.9963282927907154, 0.9935947614946997]",True,True,68058,68058
renderer.callouts-plain-65536,feature,renderer.callouts,plain,,65536,65670,reuse,27282.46671195652,27092.664713541664,0.9924891364066126,0.9807678736465677,1.0093475806572016,6,"[0.9931003757113308, 0.9918778971018944]",True,True,68058,68058
renderer.callouts-active-65536,feature,renderer.callouts,active,,65536,65536,render,109194.77083333333,199998.04296875,1.8320425758804708,1.7998841973988955,1.8590098061701668,6,"[1.8499408962820114, 1.830371777552172]",False,True,151552,284672
renderer.callouts-active-65536,feature,renderer.callouts,active,,65536,65536,fresh,780631.515625,875687.5,1.1182286197094329,1.0774085826786008,1.1371766097880946,6,"[1.1103917731679858, 1.1284006508240323]",False,True,151552,284672
renderer.callouts-active-65536,feature,renderer.callouts,active,,65536,65536,reuse,777193.34375,868156.90625,1.1152178170263434,1.0902845414763707,1.1327580171383425,6,"[1.1221454482549083, 1.107442455732274]",False,True,151552,284672
renderer.inline_toc-plain-300,feature,renderer.inline_toc,plain,,300,330,parse,116.92013292651777,117.22486904070868,1.0037765431233163,0.969312380956748,1.0209283209977333,6,"[1.0079476080899143, 1.0023669149393732]",True,True,342,342
renderer.inline_toc-plain-300,feature,renderer.inline_toc,plain,,300,330,render,52.25459371140774,52.67825354051355,1.0065504099707092,0.9982043578898872,1.0211711718266185,6,"[1.01085741381912, 1.0022434061222982]",True,True,342,342
renderer.inline_toc-plain-300,feature,renderer.inline_toc,plain,,300,330,fresh,506.5080444578158,507.925780412223,0.9940650467769159,0.8308097121232841,1.0179791524024835,6,"[0.9955670199915374, 0.9925630735622942]",True,True,342,342
renderer.inline_toc-plain-300,feature,renderer.inline_toc,plain,,300,330,reuse,166.6203390561413,166.8107551967844,1.0026220624919957,0.996383547805894,1.0195314736807415,6,"[1.0013009503909018, 1.0118685708341177]",True,True,342,342
renderer.inline_toc-active-300,feature,renderer.inline_toc,active,,300,374,parse,1268.4211571438395,1270.5460127635474,0.998175238743835,0.9808465728317276,1.0028846571802574,6,"[0.9987455115526779, 0.995006444791773]",False,True,716,1697
renderer.inline_toc-active-300,feature,renderer.inline_toc,active,,300,374,render,1086.77600193962,2927.074182242991,2.6884349885504033,2.6389308264237537,2.718149494405242,6,"[2.7112698968916447, 2.6502842952877304]",False,True,716,1697
renderer.inline_toc-active-300,feature,renderer.inline_toc,active,,300,374,fresh,2806.99163353069,5071.398415650407,1.8059189128131043,1.789532723171543,1.8683456427256362,6,"[1.8247148902329087, 1.7954317775948403]",False,True,716,1697
renderer.inline_toc-active-300,feature,renderer.inline_toc,active,,300,374,reuse,2426.14696039478,4356.350477430556,1.7881515343712793,1.7818659787530648,1.8197830334665168,6,"[1.7913622898302064, 1.7856717221209957]",False,True,716,1697
renderer.inline_toc-plain-4096,feature,renderer.inline_toc,plain,,4096,4125,render,529.0908682318104,534.8134253035182,1.0137763058304339,0.9892561526187208,1.0180179636230131,6,"[1.014803558459822, 1.0091397615360567]",True,True,4275,4275
renderer.inline_toc-plain-4096,feature,renderer.inline_toc,plain,,4096,4125,fresh,2171.180989583333,2162.041805497554,1.0024858353156283,0.9893115666360872,1.017441062579668,6,"[0.9904757293418132, 1.0151485913270883]",True,True,4275,4275
renderer.inline_toc-plain-4096,feature,renderer.inline_toc,plain,,4096,4125,reuse,1714.4293874883654,1716.8079718027172,1.0041584495244082,0.9753838427646206,1.0322146661573306,6,"[1.0021084299841025, 1.0273028142692269]",True,True,4275,4275
renderer.inline_toc-active-4096,feature,renderer.inline_toc,active,,4096,4170,render,12340.732324660634,33312.70559210527,2.7036105283767378,2.640945268350557,2.729651286521883,6,"[2.7189121235478275, 2.683123047661112]",False,True,8142,18889
renderer.inline_toc-active-4096,feature,renderer.inline_toc,active,,4096,4170,fresh,24939.753605769234,47577.752232142855,1.9074448804877908,1.8900680143579769,1.9363046883053885,6,"[1.906405383270668, 1.9084843777049136]",False,True,8142,18889
renderer.inline_toc-active-4096,feature,renderer.inline_toc,active,,4096,4170,reuse,24219.150841346156,45559.70982142857,1.8811149905044786,1.8520021351756109,1.9022731414121798,6,"[1.8860165733517338, 1.8762134076572237]",False,True,8142,18889
renderer.inline_toc-plain-65536,feature,renderer.inline_toc,plain,,65536,65670,render,8411.640625,8395.425416666665,0.9980769311369557,0.971890571918939,1.0173338452278966,6,"[0.9953007286908903, 1.0008531335830213]",True,True,68058,68058
renderer.inline_toc-plain-65536,feature,renderer.inline_toc,plain,,65536,65670,fresh,27854.081521739132,27872.282608695652,0.9984206833421085,0.9945242353288224,1.0189059728254155,6,"[1.0154380571976356, 0.9970696270321708]",True,True,68058,68058
renderer.inline_toc-plain-65536,feature,renderer.inline_toc,plain,,65536,65670,reuse,27207.03125,27246.122282608696,0.9995905472092131,0.9927456908711524,1.0272948730988418,6,"[0.995682431878057, 1.0030737508303817]",True,True,68058,68058
renderer.inline_toc-active-65536,feature,renderer.inline_toc,active,,65536,65563,render,196686.19921875,534603.84375,2.7179022604674294,2.677721537267004,2.7501930592207358,6,"[2.7272175443769022, 2.704800929281296]",False,True,130001,300452
renderer.inline_toc-active-65536,feature,renderer.inline_toc,active,,65536,65563,fresh,385029.296875,726313.140625,1.9001396270211954,1.853880300150075,1.914538513315749,6,"[1.871191660575094, 1.90736053916939]",False,True,130001,300452
renderer.inline_toc-active-65536,feature,renderer.inline_toc,active,,65536,65563,reuse,384324.546875,723042.96875,1.8818828500034832,1.8654159874799292,1.9130825669112328,6,"[1.8798273235144745, 1.8839383764924922]",False,True,130001,300452
renderer.table_colgroup-plain-300,feature,renderer.table_colgroup,plain,,300,330,parse,116.10446693552436,115.6755042264372,0.9973929474311409,0.9836929345116627,1.0057804877891432,6,"[0.9918268142275254, 1.002711310018141]",True,True,342,342
renderer.table_colgroup-plain-300,feature,renderer.table_colgroup,plain,,300,330,render,52.302565893380574,52.47002197845113,1.0042704089262806,0.9651606345384708,1.0099499365333913,6,"[1.004668935339344, 1.0038718825132171]",True,True,342,342
renderer.table_colgroup-plain-300,feature,renderer.table_colgroup,plain,,300,330,fresh,497.7057304037676,500.4008251192639,1.0080885326056497,0.995790204046688,1.0232874600402986,6,"[0.9997293484822904, 1.0231316223658748]",True,True,342,342
renderer.table_colgroup-plain-300,feature,renderer.table_colgroup,plain,,300,330,reuse,166.71296851325138,166.79171445606374,1.00068128907174,0.9885764399204859,1.0053783260028901,6,"[0.9969765627948232, 1.0043336689500044]",True,True,342,342
renderer.table_colgroup-active-300,feature,renderer.table_colgroup,active,,300,312,parse,2383.6754172714077,2379.7652091254754,1.0065379690293068,0.9728445497834073,1.0164875822133743,6,"[1.007208333539023, 0.9843890395710564]",False,True,882,1260
renderer.table_colgroup-active-300,feature,renderer.table_colgroup,active,,300,312,render,389.2981884339975,527.4244393870099,1.3540898971235262,1.334907436717237,1.3815126649045477,6,"[1.3583723421188718, 1.3474601764456837]",False,True,882,1260
renderer.table_colgroup-active-300,feature,renderer.table_colgroup,active,,300,312,fresh,3250.192276554404,3463.4729347909033,1.0683966340643067,1.0521907638584402,1.0952543299635664,6,"[1.0774690720232003, 1.0665780352796213]",False,True,882,1260
renderer.table_colgroup-active-300,feature,renderer.table_colgroup,active,,300,312,reuse,2818.651275224215,2946.969190140845,1.0469050193600278,1.0292268762864085,1.0531346970193987,6,"[1.0497808037992862, 1.0358103168776875]",False,True,882,1260
renderer.table_colgroup-plain-4096,feature,renderer.table_colgroup,plain,,4096,4125,render,530.1456873845437,531.8880350585619,1.0082833117851824,0.9883464657776144,1.0374252200828633,6,"[1.0205740272759112, 1.0053465845689797]",True,True,4275,4275
renderer.table_colgroup-plain-4096,feature,renderer.table_colgroup,plain,,4096,4125,fresh,2219.045876851411,2216.1761598047137,0.9972083740084448,0.9647056027751847,1.004248599861278,6,"[1.0018143959305892, 0.9805316960040426]",True,True,4275,4275
renderer.table_colgroup-plain-4096,feature,renderer.table_colgroup,plain,,4096,4125,reuse,1784.8192717236468,1776.2988056160266,0.9960175242850902,0.9896413484935478,1.0068317711514574,6,"[0.995697544368756, 0.9992412171559365]",True,True,4275,4275
renderer.table_colgroup-active-4096,feature,renderer.table_colgroup,active,,4096,4108,render,4946.942544291338,6760.003696236559,1.3696107149198853,1.3591628249112864,1.383885799004101,6,"[1.366942578821179, 1.3756014164413037]",False,True,11613,16590
renderer.table_colgroup-active-4096,feature,renderer.table_colgroup,active,,4096,4108,fresh,36737.7283496732,39086.03802849265,1.058698893859193,1.0435105164514786,1.074972376355661,6,"[1.0643659094644815, 1.0530318782539048]",False,True,11613,16590
renderer.table_colgroup-active-4096,feature,renderer.table_colgroup,active,,4096,4108,reuse,36059.82378472222,37824.716911764706,1.0491581448310079,1.0327908734354272,1.0557207234384893,6,"[1.047795050547195, 1.0505212391148209]",False,True,11613,16590
renderer.table_colgroup-plain-65536,feature,renderer.table_colgroup,plain,,65536,65670,render,8490.190244932433,8451.348910472974,0.9933675212194086,0.9903348065000649,1.0026155618286168,6,"[0.9914013776556515, 0.9951228223586572]",True,True,68058,68058
renderer.table_colgroup-plain-65536,feature,renderer.table_colgroup,plain,,65536,65670,fresh,28800.45596590909,28834.575994318184,0.9996666823057772,0.9886777990281148,1.0234895117724256,6,"[0.998848595448999, 1.0004847691625554]",True,True,68058,68058
renderer.table_colgroup-plain-65536,feature,renderer.table_colgroup,plain,,65536,65670,reuse,28262.879076086956,28324.813179347824,1.0029361757797273,0.9933885260243766,1.0140647859316156,6,"[1.0078159997238547, 0.9948011750288894]",True,True,68058,68058
renderer.table_colgroup-active-65536,feature,renderer.table_colgroup,active,,65536,65572,render,80100.505859375,108052.84375,1.347805360312876,1.3422160291315421,1.365776962405729,6,"[1.347458282884708, 1.3481524377410439]",False,True,185367,264810
renderer.table_colgroup-active-65536,feature,renderer.table_colgroup,active,,65536,65572,fresh,575988.9296875,604656.890625,1.0485142890182049,1.0339813719235806,1.0559264577346235,6,"[1.0505683847491976, 1.0464601932872124]",False,True,185367,264810
renderer.table_colgroup-active-65536,feature,renderer.table_colgroup,active,,65536,65572,reuse,576960.28125,609954.75,1.0536913798039442,1.0470613686174917,1.0584579807567158,6,"[1.0528853919879388, 1.0544973676199496]",False,True,185367,264810
renderer.table_column_names-plain-300,feature,renderer.table_column_names,plain,,300,330,parse,115.8295571859162,116.37153970747366,1.0038776048509575,0.9905933314506851,1.0202907763221247,6,"[1.0009504415148878, 1.0084081221605663]",True,True,342,342
renderer.table_column_names-plain-300,feature,renderer.table_column_names,plain,,300,330,render,51.583917846277245,51.89905717595944,1.0034800799911023,0.9935550806751791,1.0249873459664054,6,"[1.0024831620258654, 1.0044769979563395]",True,True,342,342
renderer.table_column_names-plain-300,feature,renderer.table_column_names,plain,,300,330,fresh,500.18151011616646,500.3557558482646,0.9980397359049102,0.9828647922151319,1.0152891097968904,6,"[1.012774034303478, 0.9856034727649937]",True,True,342,342
renderer.table_column_names-plain-300,feature,renderer.table_column_names,plain,,300,330,reuse,166.82244786324787,165.73160437051513,0.9941583342887659,0.9885942432482168,1.0066432117962183,6,"[0.9894685648262046, 0.998565549648114]",True,True,342,342
renderer.table_column_names-active-300,feature,renderer.table_column_names,active,,300,312,parse,2390.5446824009323,2371.6364595290192,0.9986108539309653,0.9791377596112273,1.0172011835188395,6,"[0.9961080462059352, 1.0011136616559952]",False,True,1260,1434
renderer.table_column_names-active-300,feature,renderer.table_column_names,active,,300,312,render,527.9103181368912,1899.2387577658703,3.59481393709522,3.4852291989974216,3.686965267593256,6,"[3.5628010231000666, 3.6369790063716056]",False,True,1260,1434
renderer.table_column_names-active-300,feature,renderer.table_column_names,active,,300,312,fresh,3465.9734546703294,4882.3026889534885,1.412794449280745,1.382267286083951,1.4352528513052247,6,"[1.4178893294293151, 1.4119265532248768]",False,True,1260,1434
renderer.table_column_names-active-300,feature,renderer.table_column_names,active,,300,312,reuse,2923.275440823234,4341.861137471262,1.4876459713590293,1.4808155866751853,1.5100473835559431,6,"[1.484008594777719, 1.4911533649118036]",False,True,1260,1434
renderer.table_column_names-plain-4096,feature,renderer.table_column_names,plain,,4096,4125,render,536.0270069056171,533.9567764152966,0.9971615307944541,0.9887575045561274,1.0180722629604348,6,"[0.9927968619330327, 1.009752348159707]",True,True,4275,4275
renderer.table_column_names-plain-4096,feature,renderer.table_column_names,plain,,4096,4125,fresh,2220.0623398460016,2212.0744938380285,0.9978797000103146,0.9902305541330642,1.0039460756391483,6,"[0.9987813220928865, 0.9934901108220978]",True,True,4275,4275
renderer.table_column_names-plain-4096,feature,renderer.table_column_names,plain,,4096,4125,reuse,1787.6797658475784,1782.8031364504895,0.9982081311599964,0.9871627119464119,1.0244371012130844,6,"[0.9989343381875632, 0.9974819241324296]",True,True,4275,4275
renderer.table_column_names-active-4096,feature,renderer.table_column_names,active,,4096,4108,render,6798.658401268116,24582.506610576922,3.6081465913390947,3.555047220965042,3.6553841881926403,6,"[3.600569179077723, 3.6157240036004663]",False,True,16590,18881
renderer.table_column_names-active-4096,feature,renderer.table_column_names,active,,4096,4108,fresh,39273.763671875,57099.84659090909,1.4522697911472673,1.4358824832031716,1.4832637031350422,6,"[1.457939564090614, 1.4466000182039205]",False,True,16590,18881
renderer.table_column_names-active-4096,feature,renderer.table_column_names,active,,4096,4108,reuse,37969.05698529412,55958.66015625,1.4704726696947303,1.4581687178943707,1.4839216856653679,6,"[1.4706105330180945, 1.468994012138561]",False,True,16590,18881
renderer.table_column_names-plain-65536,feature,renderer.table_column_names,plain,,65536,65670,render,8399.817708333334,8437.798001126126,0.9991884125800163,0.9970991334488734,1.016575486866773,6,"[1.000581771943603, 0.9977950532164297]",True,True,68058,68058
renderer.table_column_names-plain-65536,feature,renderer.table_column_names,plain,,65536,65670,fresh,28480.1769083498,28581.497869318184,1.0024182349520236,0.998574752899602,1.0188858177881925,6,"[1.0034340968441633, 1.0014023730598842]",True,True,68058,68058
renderer.table_column_names-plain-65536,feature,renderer.table_column_names,plain,,65536,65670,reuse,27981.233016304348,27999.320652173912,0.9991949726933398,0.9887174306384771,1.0111784554455445,6,"[0.9995275948690194, 0.9988623505176603]",True,True,68058,68058
renderer.table_column_names-active-65536,feature,renderer.table_column_names,active,,65536,65572,render,106964.84375,392178.0625,3.6634790738546066,3.625395483637242,3.6962209356218674,6,"[3.6538414765918534, 3.67311667111736]",False,True,264810,301379
renderer.table_column_names-active-65536,feature,renderer.table_column_names,active,,65536,65572,fresh,606614.2578125,880240.21875,1.4511992034858472,1.4476651576482316,1.4807681906139851,6,"[1.4529611530933648, 1.4494372538783298]",False,True,264810,301379
renderer.table_column_names-active-65536,feature,renderer.table_column_names,active,,65536,65572,reuse,601734.046875,893106.109375,1.4799116374343184,1.4547325430274909,1.493344809941308,6,"[1.4855436462075315, 1.4742796286611053]",False,True,264810,301379
renderer.highlight-plain-300,feature,renderer.highlight,plain,,300,330,parse,117.1767657756316,117.0414886172587,0.9943517767476331,0.9869469513392505,1.0168609561102273,6,"[0.9956704548507669, 0.9930330986444992]",True,True,342,342
renderer.highlight-plain-300,feature,renderer.highlight,plain,,300,330,render,51.78113355838952,52.06199109040359,1.0048247045519183,1.0001746938887144,1.0230798548347728,6,"[1.0068290460706684, 1.002820363033168]",True,True,342,342
renderer.highlight-plain-300,feature,renderer.highlight,plain,,300,330,fresh,504.49434438661103,505.6034540904423,0.9998980672429434,0.9814385949393333,1.0204687976405935,6,"[0.9995294950448088, 1.0198969341179933]",True,True,342,342
renderer.highlight-plain-300,feature,renderer.highlight,plain,,300,330,reuse,167.18158828411788,166.88158888563353,0.9995627373664404,0.9929186425945131,1.002738571376919,6,"[1.0005521917456957, 0.9982792961471246]",True,True,342,342
renderer.highlight-active-300,feature,renderer.highlight,active,,300,332,parse,491.2576503843068,490.20054067588376,0.9982202847677211,0.991241247071563,1.0013176715241416,6,"[0.9989506432759565, 0.9974899262594857]",True,True,384,384
renderer.highlight-active-300,feature,renderer.highlight,active,,300,332,render,144.34417166720212,146.1955741796447,1.0142567972435501,0.9946416081675646,1.0247154165909078,6,"[1.0214178850491362, 1.0095636948211797]",True,True,384,384
renderer.highlight-active-300,feature,renderer.highlight,active,,300,332,fresh,986.0602793397129,979.4388786020722,1.0034457331343887,0.9862904322077798,1.016272346624907,6,"[0.9890282131661442, 1.0149729651871184]",True,True,384,384
renderer.highlight-active-300,feature,renderer.highlight,active,,300,332,reuse,636.2503014111735,639.8726357350515,0.9996731118624328,0.9924422206767222,1.0169432051760237,6,"[0.9978282873313299, 1.0006557417588418]",True,True,384,384
renderer.highlight-plain-4096,feature,renderer.highlight,plain,,4096,4125,render,530.8889495416811,530.04352423143,0.9997168352531693,0.9904929746490094,1.0029722320120271,6,"[0.9999312939409599, 0.9995023765653789]",True,True,4275,4275
renderer.highlight-plain-4096,feature,renderer.highlight,plain,,4096,4125,fresh,2154.4568232314255,2151.4290542031495,0.9912967105335868,0.9873549181164258,1.0066795975850116,6,"[0.9920101106276544, 0.9905833104395193]",True,True,4275,4275
renderer.highlight-plain-4096,feature,renderer.highlight,plain,,4096,4125,reuse,1737.7694444444446,1737.2088500467457,0.9974516740152051,0.9889011433694008,1.0136773876199108,6,"[1.0001078933768361, 0.9947954546535741]",True,True,4275,4275
renderer.highlight-active-4096,feature,renderer.highlight,active,,4096,4150,render,1578.552736611232,1566.4164528508772,0.9941731150990796,0.9874794136707475,1.0071451015199864,6,"[1.002425019420164, 0.9937520676418112]",True,True,4800,4800
renderer.highlight-active-4096,feature,renderer.highlight,active,,4096,4150,fresh,7927.619066455696,7916.9759765625,0.9955780477210056,0.9855927940257424,1.0186031771838784,6,"[0.9887101570776383, 0.9977475852112946]",True,True,4800,4800
renderer.highlight-active-4096,feature,renderer.highlight,active,,4096,4150,reuse,7405.507169117647,7437.990257352942,1.0006600803860333,0.9975543937206308,1.0133965186895624,6,"[1.0001071267372608, 1.0012130340348058]",True,True,4800,4800
renderer.highlight-plain-65536,feature,renderer.highlight,plain,,65536,65670,render,8419.956458333334,8450.094946509009,1.0058428553276775,0.9904766588594777,1.009091090186804,6,"[1.005585378719707, 1.0088549095129389]",True,True,68058,68058
renderer.highlight-plain-65536,feature,renderer.highlight,plain,,65536,65670,fresh,27827.19089673913,27787.024456521736,0.9990327083285961,0.9870347427386474,1.0096728452940396,6,"[0.9968246451602075, 1.0012407714969849]",True,True,68058,68058
renderer.highlight-plain-65536,feature,renderer.highlight,plain,,65536,65670,reuse,27208.442283740944,27217.727439990944,1.0016304288481597,0.9942804386979284,1.01383187828031,6,"[1.001203194854133, 1.008508411594011]",True,True,68058,68058
renderer.highlight-active-65536,feature,renderer.highlight,active,,65536,65570,render,24651.79266826923,24593.825721153848,0.9943067186406143,0.9851485110050868,1.0185788003191105,6,"[1.0001050640025382, 0.9885083732786905]",True,True,75840,75840
renderer.highlight-active-65536,feature,renderer.highlight,active,,65536,65570,fresh,117033.9609375,116909.3984375,0.9997875740491022,0.9797257775463788,1.0168110652928686,6,"[1.0058958027623133, 0.9993875010781242]",True,True,75840,75840
renderer.highlight-active-65536,feature,renderer.highlight,active,,65536,65570,reuse,116808.91666666666,117221.4609375,1.0000121189644733,0.956876473141324,1.010259194692249,6,"[1.0033568311513932, 0.9899620161836366]",True,True,75840,75840
renderer.soft_break-plain-300,feature,renderer.soft_break,plain,,300,330,parse,117.67111129602465,116.7819158747275,0.9927053486666222,0.977431709330178,1.0102125172836711,6,"[0.9953658395493924, 0.9900448577838519]",True,True,342,342
renderer.soft_break-plain-300,feature,renderer.soft_break,plain,,300,330,render,52.07647854494061,52.006164524730295,0.9998775213237212,0.9885514886295225,1.0039568293933216,6,"[1.0014655245989472, 0.9982895180484951]",True,True,342,342
renderer.soft_break-plain-300,feature,renderer.soft_break,plain,,300,330,fresh,502.3800091629282,499.2739507450489,0.991808372097996,0.9845421625483153,1.004930085732107,6,"[0.9977319747281088, 0.985177274376834]",True,True,342,342
renderer.soft_break-plain-300,feature,renderer.soft_break,plain,,300,330,reuse,167.38104817231243,167.85249395810956,1.00253628495663,0.989703224805088,1.009409888595395,6,"[0.9976140047251083, 1.008020357521755]",True,True,342,342
renderer.soft_break-active-300,feature,renderer.soft_break,active,,300,324,parse,474.0987648948195,475.4069629277567,1.001322597209888,0.9953384727499914,1.0154850909858542,6,"[0.9994288967143947, 1.0028438533111481]",True,True,378,378
renderer.soft_break-active-300,feature,renderer.soft_break,active,,300,324,render,158.16548742223915,158.19398381779905,1.0005702401242904,0.9988674497128055,1.0112586674303858,6,"[1.000783796350811, 0.9995130972263697]",True,True,378,378
renderer.soft_break-active-300,feature,renderer.soft_break,active,,300,324,fresh,977.4911793684189,980.7596541480276,1.0046917873184562,0.996884006746362,1.0170873327195484,6,"[0.9970201493305871, 1.0155646846009478]",True,True,378,378
renderer.soft_break-active-300,feature,renderer.soft_break,active,,300,324,reuse,634.2447736661627,631.8070075757576,0.9961899114983825,0.990787421486468,1.002508555623656,6,"[0.9957223020586808, 0.9966575209380842]",True,True,378,378
renderer.soft_break-plain-4096,feature,renderer.soft_break,plain,,4096,4125,render,533.0240929705216,530.8634415445204,0.9942199367978263,0.9820623649243636,1.0117205302291945,6,"[1.0007315572089022, 0.9866440343447717]",True,True,4275,4275
renderer.soft_break-plain-4096,feature,renderer.soft_break,plain,,4096,4125,fresh,2160.2127830978197,2174.594763910658,0.999883337470151,0.9886186473743046,1.014666281229244,6,"[1.001626690745349, 0.9981399841949531]",True,True,4275,4275
renderer.soft_break-plain-4096,feature,renderer.soft_break,plain,,4096,4125,reuse,1719.0791552197802,1725.2558888340336,0.9981539731375326,0.9901961739237577,1.0074945105299935,6,"[1.001155396165673, 0.9942342255727928]",True,True,4275,4275
renderer.soft_break-active-4096,feature,renderer.soft_break,active,,4096,4104,render,1824.2762221167536,1822.3110647209196,0.997064746928343,0.9875249146643055,1.0403965757899138,6,"[0.9979409569922596, 0.9938468386760182]",True,True,4788,4788
renderer.soft_break-active-4096,feature,renderer.soft_break,active,,4096,4104,fresh,7881.85234375,7874.2513671875,0.9996085354231312,0.9813908825751477,1.0109867762561102,6,"[0.9995292728375265, 1.0069227008080568]",True,True,4788,4788
renderer.soft_break-active-4096,feature,renderer.soft_break,active,,4096,4104,reuse,7521.042596726191,7474.741071428572,0.9932313302997844,0.978647878121059,1.0115384800663443,6,"[0.9933015000217215, 0.9886175762947128]",True,True,4788,4788
renderer.soft_break-plain-65536,feature,renderer.soft_break,plain,,65536,65670,render,8506.712837837838,8451.501666666667,0.991557610722755,0.9825448107814508,1.0197283048081032,6,"[1.0010021441994237, 0.9868730753400573]",True,True,68058,68058
renderer.soft_break-plain-65536,feature,renderer.soft_break,plain,,65536,65670,fresh,27914.0625,27977.921195652176,1.0028951005228692,0.9861999281351059,1.0125087822300505,6,"[1.0049419670128283, 1.0008482340329103]",True,True,68058,68058
renderer.soft_break-plain-65536,feature,renderer.soft_break,plain,,65536,65670,reuse,27065.837239583336,27123.733299365944,0.9966092962207656,0.9912663115912944,1.0139095440706922,6,"[0.9956582813502348, 0.9975603110912963]",True,True,68058,68058
renderer.soft_break-active-65536,feature,renderer.soft_break,active,,65536,65556,render,32028.612500000003,31981.0875,0.9979858610116965,0.9886967340408491,1.0031630898479487,6,"[0.9952059899289211, 1.0007657320944718]",True,True,76482,76482
renderer.soft_break-active-65536,feature,renderer.soft_break,active,,65536,65556,fresh,124919.27083333333,125141.01458333334,0.9979269106163666,0.9921330358879806,1.0164538841913862,6,"[0.9994527172236369, 0.995439490978237]",True,True,76482,76482
renderer.soft_break-active-65536,feature,renderer.soft_break,active,,65536,65556,reuse,123651.15104166666,123823.34895833334,0.9971534208965588,0.995415047733426,1.0131983149833217,6,"[0.9973895852867687, 0.9969172565063489]",True,True,76482,76482
front-matter-unclosed-300,diagnostic,parser.front_matter,unclosed,,300,334,parse,133.36603741069723,161.77511029451165,1.213344623500772,1.1982712262578263,1.2281358085131961,6,"[1.214568486784243, 1.2121207602173014]",True,True,347,347
front-matter-unclosed-300,diagnostic,parser.front_matter,unclosed,,300,334,render,57.232649810087324,57.47986103078561,1.00575085577588,0.9897641149425979,1.0152814146646807,6,"[1.0087999428251584, 0.9913707732732795]",True,True,347,347
front-matter-unclosed-300,diagnostic,parser.front_matter,unclosed,,300,334,fresh,525.9228988484863,554.2537835100363,1.0522601214493212,1.0355630903961373,1.0694850995135259,6,"[1.0693136187347438, 1.048928388811712]",True,True,347,347
front-matter-unclosed-300,diagnostic,parser.front_matter,unclosed,,300,334,reuse,188.98493456848314,215.9393617818057,1.140605294981455,1.1245033479696365,1.1669874469687644,6,"[1.1423701009673997, 1.1347077746401923]",True,True,347,347
front-matter-unclosed-4096,diagnostic,parser.front_matter,unclosed,,4096,4129,parse,1223.1193622076023,1677.4604076372116,1.3718840349716837,1.3597616407284363,1.392200046867314,6,"[1.3644030321583303, 1.3814233172031989]",True,True,4280,4280
front-matter-unclosed-4096,diagnostic,parser.front_matter,unclosed,,4096,4129,render,533.3895646003919,533.2497109255546,1.0012315457023298,0.9880090898613995,1.0148264827775544,6,"[0.9979088406252954, 1.0057092046003133]",True,True,4280,4280
front-matter-unclosed-4096,diagnostic,parser.front_matter,unclosed,,4096,4129,fresh,2165.6888220006563,2610.187044540975,1.2069146990872222,1.1956750887166168,1.227449744567254,6,"[1.2142115458750868, 1.2045126323681485]",True,True,4280,4280
front-matter-unclosed-4096,diagnostic,parser.front_matter,unclosed,,4096,4129,reuse,1756.0175998243399,2210.968799768576,1.2580399960598747,1.2312395799542524,1.2737044188986997,6,"[1.2539486684452714, 1.2621313236744782]",True,True,4280,4280
front-matter-unclosed-65536,diagnostic,parser.front_matter,unclosed,,65536,65674,parse,18776.999080882353,25641.224374999998,1.3681986307258724,1.340787101817173,1.379066129976604,6,"[1.3696019189795687, 1.366795342472176]",True,True,68063,68063
front-matter-unclosed-65536,diagnostic,parser.front_matter,unclosed,,65536,65674,render,8430.564166666667,8418.854166666668,0.99802023454523,0.9824747058696961,1.2083447903887643,6,"[0.985205464981773, 0.9996203811743322]",True,True,68063,68063
front-matter-unclosed-65536,diagnostic,parser.front_matter,unclosed,,65536,65674,fresh,28029.211277173912,35081.091145833336,1.2564736396607166,1.22785248052136,1.2650813188954353,6,"[1.2468575276903515, 1.2568196110354972]",True,True,68063,68063
front-matter-unclosed-65536,diagnostic,parser.front_matter,unclosed,,65536,65674,reuse,27412.957880434784,34729.395102339186,1.2647576011277115,1.2601100095674687,1.2791420637092392,6,"[1.2624465397143225, 1.2669277332153301]",True,True,68063,68063
commonmark--comment-ack,profile,commonmark,comments,comment-ack,,37,parse,52.2638570869853,52.46961753361035,1.0037395447119906,0.995573945575027,1.014150971801067,6,"[1.0092891686681338, 1.0017254964309101]",True,True,44,44
commonmark--comment-ack,profile,commonmark,comments,comment-ack,,37,render,29.470447248626346,29.562171655764985,1.0055714988544389,0.986441654003864,1.0168425977480071,6,"[0.9981859227014276, 1.0129570750074501]",True,True,44,44
commonmark--comment-ack,profile,commonmark,comments,comment-ack,,37,fresh,409.4572406842693,413.1954519167217,1.0088899091985044,0.9893248561029832,1.0193202117815587,6,"[1.0089279878059414, 1.0088518305910672]",True,True,44,44
commonmark--comment-ack,profile,commonmark,comments,comment-ack,,37,reuse,80.35683287362778,80.33278374335835,1.0000535066250889,0.9783574009422031,1.0058858420308974,6,"[0.9987669549759104, 1.0013400582742673]",True,True,44,44
gfm-spec--comment-ack,profile,gfm-spec,comments,comment-ack,,37,parse,51.82648481678642,59.345674195309535,1.1434511904048987,1.1354185929259355,1.156755838517069,6,"[1.1454644453769258, 1.1414379354328714]",True,True,44,44
gfm-spec--comment-ack,profile,gfm-spec,comments,comment-ack,,37,render,29.604108570447096,29.763173488875818,1.0050731353424087,0.9699752065766704,1.0232182745027856,6,"[1.0004295942720765, 1.0102902854404194]",True,True,44,44
gfm-spec--comment-ack,profile,gfm-spec,comments,comment-ack,,37,fresh,412.42688886116514,414.15347557623863,1.003999528689881,0.9934858246049033,1.018364635353213,6,"[1.0002958463019214, 1.0077032110778408]",True,True,44,44
gfm-spec--comment-ack,profile,gfm-spec,comments,comment-ack,,37,reuse,80.93985889769465,88.63530649565338,1.0874510001916249,1.0715042845254314,1.1232815170176997,6,"[1.0867977444751806, 1.0881042559080691]",True,True,44,44
comments--comment-ack,profile,comments,comments,comment-ack,,37,parse,52.347419238945264,59.655928847453545,1.141458638514302,1.1196956022132523,1.1622843434615753,6,"[1.1510655546216866, 1.1316163845907632]",True,True,44,44
comments--comment-ack,profile,comments,comments,comment-ack,,37,render,29.446848495993322,29.433278004381325,0.9974604149135999,0.9882733401046654,1.0060086085420927,6,"[1.000148969057841, 0.9947718607693589]",True,True,44,44
comments--comment-ack,profile,comments,comments,comment-ack,,37,fresh,414.69060738608516,415.01452529145826,0.9933471806214382,0.9490057776300834,1.0482023352369165,6,"[1.0444111253456791, 0.9572822514875958]",True,True,44,44
comments--comment-ack,profile,comments,comments,comment-ack,,37,reuse,81.28291667300881,89.14393677770254,1.0978858341061826,1.0855824163637846,1.102356943165996,6,"[1.0979406948422534, 1.0956063646924286]",True,True,44,44
article--comment-ack,profile,article,comments,comment-ack,,37,parse,51.859899307749444,53.697824621284155,1.0286330601547424,1.0136555187120668,1.039712296783586,6,"[1.0148098105764936, 1.030293602163047]",True,True,44,44
article--comment-ack,profile,article,comments,comment-ack,,37,render,29.65472274105057,30.003870495302536,1.012783052999306,0.9994496836740556,1.0349202919617233,6,"[1.0091002047883662, 1.017034798103341]",True,True,44,44
article--comment-ack,profile,article,comments,comment-ack,,37,fresh,411.1706243011761,407.6899330062107,0.9889266901434222,0.9819771484088612,1.0083690854263565,6,"[0.9976378820195778, 0.982167340855618]",True,True,44,44
article--comment-ack,profile,article,comments,comment-ack,,37,reuse,81.40833198503253,82.55896382858128,1.0120792282485471,1.008189755647281,1.0186437178521284,6,"[1.014719567992689, 1.009438888504405]",True,True,44,44
docs--comment-ack,profile,docs,comments,comment-ack,,37,parse,51.937866705597465,65.5807541041394,1.2592942632646122,1.2324414715719063,1.2821607005888855,6,"[1.253697016662442, 1.2733695532618394]",True,True,44,44
docs--comment-ack,profile,docs,comments,comment-ack,,37,render,29.611348525771515,30.282470978542563,1.0252412766141346,1.0060261666732535,1.0311525361525808,6,"[1.0222046668986289, 1.028734197432121]",True,True,44,44
docs--comment-ack,profile,docs,comments,comment-ack,,37,fresh,413.49627976190476,429.72822164948457,1.0376714949488117,1.019662715583915,1.0568223565543067,6,"[1.0540844934151001, 1.0337148967080332]",True,True,44,44
docs--comment-ack,profile,docs,comments,comment-ack,,37,reuse,80.82692003484338,94.93066670801997,1.1736653736427853,1.1628962173555137,1.1892712364569396,6,"[1.1653660469147786, 1.1765905065297595]",True,True,44,44
commonmark--comment-review,profile,commonmark,comments,comment-review,,282,parse,108.01556214682273,107.1735016187631,0.9921101698220829,0.9823219445860955,1.0023274740770654,6,"[0.993123026563338, 0.9866632382614968]",True,True,295,295
commonmark--comment-review,profile,commonmark,comments,comment-review,,282,render,50.0236044979259,49.824231484373776,0.9987281257220683,0.9843165828016202,1.0110955574046232,6,"[1.0046501968195891, 0.9883681777426819]",True,True,295,295
commonmark--comment-review,profile,commonmark,comments,comment-review,,282,fresh,487.49783794929283,493.3212332311185,1.0100631463471916,0.9744523746830209,1.0368052511506494,6,"[1.0003541256538613, 1.031446607392368]",True,True,295,295
commonmark--comment-review,profile,commonmark,comments,comment-review,,282,reuse,155.19306331784657,154.9859005433246,1.0009008891801208,0.9863908529322708,1.0161954703987452,6,"[0.9983838696859273, 1.0034179086743142]",True,True,295,295
gfm-spec--comment-review,profile,gfm-spec,comments,comment-review,,282,parse,107.67650605392592,139.1468110937655,1.2961296679146725,1.2862303506234363,1.3072659839545315,6,"[1.2969477859007457, 1.2953115499285994]",True,True,295,295
gfm-spec--comment-review,profile,gfm-spec,comments,comment-review,,282,render,49.84559554608309,50.186876063764785,0.9963457875431987,0.9871475327647443,1.016177130522013,6,"[0.9959984287392402, 0.9966931463471573]",True,True,295,295
gfm-spec--comment-review,profile,gfm-spec,comments,comment-review,,282,fresh,492.3433671203185,523.8501649442062,1.0647613675419905,1.047044143104431,1.087393225476671,6,"[1.0488526095211916, 1.0839799171141045]",True,True,295,295
gfm-spec--comment-review,profile,gfm-spec,comments,comment-review,,282,reuse,155.66025057619316,188.39984998289822,1.2147118274686108,1.1988454008991811,1.2347426253205764,6,"[1.2131914425817032, 1.2162322123555185]",True,True,295,295
comments--comment-review,profile,comments,comments,comment-review,,282,parse,106.79875284927597,140.15069291120096,1.3029960362516968,1.3001801796445083,1.3222537248183763,6,"[1.3037746280827687, 1.302217444420625]",True,True,295,295
comments--comment-review,profile,comments,comments,comment-review,,282,render,49.9907837904838,49.91402779681249,0.9954647276143346,0.9819974893117016,1.0065248727535574,6,"[0.9986001399810986, 0.9923450099712433]",True,True,295,295
comments--comment-review,profile,comments,comments,comment-review,,282,fresh,490.45057403732267,525.8937157982898,1.0684162065190996,1.052445293343,1.0897591392514647,6,"[1.0649540393998662, 1.0701695087197771]",True,True,295,295
comments--comment-review,profile,comments,comments,comment-review,,282,reuse,155.49415753427166,188.80241658197832,1.210496101926201,1.1996561175410092,1.2427925010806011,6,"[1.2081214150074, 1.212870788845002]",True,True,295,295
article--comment-review,profile,article,comments,comment-review,,282,parse,107.16990465815206,109.1454934339654,1.0190432360624793,0.9892832206180856,1.0255676517945118,6,"[1.0145125753845483, 1.02357389674041]",True,True,295,295
article--comment-review,profile,article,comments,comment-review,,282,render,49.45112714764096,49.92127913569585,1.007090432500742,0.9961581729561239,1.0156191513336663,6,"[1.0115944926386828, 1.0029105020616056]",True,True,295,295
article--comment-review,profile,article,comments,comment-review,,282,fresh,489.71189391207724,495.1681719703044,1.0036366167526831,0.9903242650798967,1.0149653725305536,6,"[1.0081100494609179, 1.0001929434803776]",True,True,295,295
article--comment-review,profile,article,comments,comment-review,,282,reuse,154.82776350628842,156.51823062987546,1.0109186404093466,0.9988141856139408,1.016423141673021,6,"[1.0106500353160113, 1.0111872455026822]",True,True,295,295
docs--comment-review,profile,docs,comments,comment-review,,282,parse,107.59598713534159,159.01101558475636,1.4766936529402543,1.4619735641659193,1.4824547912556225,6,"[1.4775583403618915, 1.4758289655186174]",True,True,295,295
docs--comment-review,profile,docs,comments,comment-review,,282,render,49.73723911936055,50.235967629247256,1.0103477871826574,0.9885354461617599,1.0269229417754169,6,"[1.003388536209528, 1.0143221493554695]",True,True,295,295
docs--comment-review,profile,docs,comments,comment-review,,282,fresh,482.6611845456853,535.7691303763795,1.1089414223896692,1.1034716496383556,1.1181978876379153,6,"[1.1087519019769978, 1.1091309428023408]",True,True,295,295
docs--comment-review,profile,docs,comments,comment-review,,282,reuse,155.70972513758738,209.78928637386457,1.3460656515051803,1.3347857319068523,1.7755195258380838,6,"[1.3446185499464998, 1.347512753063861]",True,True,295,295
commonmark--comment-table,profile,commonmark,comments,comment-table,,310,parse,195.49626700385096,196.8497612409567,1.006308900412161,0.9857046466079775,1.017478070103503,6,"[1.0036253202816248, 1.008992480542697]",True,True,329,329
commonmark--comment-table,profile,commonmark,comments,comment-table,,310,render,66.53111322935628,66.64840695741148,1.0039307851499006,0.991239192441161,1.0077959700232026,6,"[1.002825810132061, 1.00503576016774]",True,True,329,329
commonmark--comment-table,profile,commonmark,comments,comment-table,,310,fresh,600.9315430714171,595.0059621663991,0.9932028252231542,0.9734595631175047,1.0084570703502986,6,"[0.9932990406507145, 0.9875884289669569]",True,True,329,329
commonmark--comment-table,profile,commonmark,comments,comment-table,,310,reuse,259.9147885616631,260.358815598717,1.00172760200484,0.9940884231921417,1.010285566244853,6,"[1.0070313855406927, 0.9964238184689874]",True,True,329,329
gfm-spec--comment-table,profile,gfm-spec,comments,comment-table,,310,parse,195.3581112889583,946.0957723020047,4.833080899114918,4.7708598129225726,4.914547023792427,6,"[4.8484682865452235, 4.817693511684612]",False,False,329,473
gfm-spec--comment-table,profile,gfm-spec,comments,comment-table,,310,render,65.77960641130224,205.29771384467523,3.1220286637806023,3.027128903321356,3.217026176576432,6,"[3.118412283853636, 3.123572980965543]",False,False,329,473
gfm-spec--comment-table,profile,gfm-spec,comments,comment-table,,310,fresh,596.4706577778596,1499.0018045020356,2.4939778303190163,2.436235811448595,2.5931904517305324,6,"[2.5298143927318653, 2.472841078284811]",False,False,329,473
gfm-spec--comment-table,profile,gfm-spec,comments,comment-table,,310,reuse,258.9594176305627,1151.7394682320441,4.438929394660798,4.411913263999351,4.482352579784789,6,"[4.432714867996157, 4.44514392132544]",False,False,329,473
comments--comment-table,profile,comments,comments,comment-table,,310,parse,195.521451756187,948.3148698311836,4.850182934221582,4.688693661435783,4.950964256216996,6,"[4.849249821244359, 4.874104530422667]",False,False,329,473
comments--comment-table,profile,comments,comments,comment-table,,310,render,66.39037623901129,206.97989111763798,3.113706943460806,3.0741668184879973,3.171171221195534,6,"[3.0868714243063087, 3.162194763061581]",False,False,329,473
comments--comment-table,profile,comments,comments,comment-table,,310,fresh,699.6352790985608,1503.0614677234116,2.4968408929299923,1.573228570430509,4.456181550090673,6,"[2.075223833008756, 2.497316425149977]",False,False,329,473
comments--comment-table,profile,comments,comments,comment-table,,310,reuse,260.70589046989335,1169.4935163551402,4.47295260296225,4.440176362648824,4.537947701777074,6,"[4.477629489860257, 4.468275716064245]",False,False,329,473
article--comment-table,profile,article,comments,comment-table,,310,parse,195.24371522080386,196.20743968571253,1.0045521737939445,0.9958853330065298,1.0079280381177977,6,"[0.9999979003936762, 1.0048075750737189]",True,True,329,329
article--comment-table,profile,article,comments,comment-table,,310,render,66.52238777791032,66.35920640027858,0.9977665891870195,0.9908300894924419,1.002217087003947,6,"[0.998350137378125, 0.9971830409959143]",True,True,329,329
article--comment-table,profile,article,comments,comment-table,,310,fresh,592.5024956380997,594.3892882604563,1.005541662518692,0.991728011890568,1.009655028686422,6,"[0.9918352977827647, 1.008437568888061]",True,True,329,329
article--comment-table,profile,article,comments,comment-table,,310,reuse,257.3239309076718,259.461913095913,1.009088558624076,0.9984489984630769,1.0136664154844026,6,"[1.0092182008424497, 1.0089589164057022]",True,True,329,329
docs--comment-table,profile,docs,comments,comment-table,,310,parse,195.52287282473168,970.7496118012423,4.975275259162249,4.820050747184373,5.009761252436904,6,"[4.98730076273857, 4.963249755585927]",False,False,329,473
docs--comment-table,profile,docs,comments,comment-table,,310,render,66.54295242233594,207.5633862859199,3.1111301034998173,3.066887644967728,3.1449868095448608,6,"[3.1375291805126024, 3.106478961818024]",False,False,329,473
docs--comment-table,profile,docs,comments,comment-table,,310,fresh,591.439628666036,1509.8803023688959,2.555558825992202,2.534465908633855,2.5607439237092695,6,"[2.5553564941709124, 2.555761157813492]",False,False,329,473
docs--comment-table,profile,docs,comments,comment-table,,310,reuse,260.14921591113057,1189.6166569531038,4.5458948457195705,4.494229313796722,4.625437735500519,6,"[4.544016837955402, 4.588738311078118]",False,False,329,473
commonmark--comment-incident,profile,commonmark,comments,comment-incident,,1124,parse,981.8840798498156,972.5221196952216,0.992917881020809,0.981468523124684,1.0052190342636336,6,"[0.9921581803170715, 0.9936775817245465]",True,True,1265,1265
commonmark--comment-incident,profile,commonmark,comments,comment-incident,,1124,render,239.23850100459242,239.05353728489484,0.999310990732764,0.9912148964498808,1.0124020506385676,6,"[0.9993350858060925, 0.9992868956594353]",True,True,1265,1265
commonmark--comment-incident,profile,commonmark,comments,comment-incident,,1124,fresh,1606.3969150641026,1600.9581202046036,0.9964119231034163,0.9751830197621614,1.0150325875469504,6,"[0.9894389844854662, 1.006057582496227]",True,True,1265,1265
commonmark--comment-incident,profile,commonmark,comments,comment-incident,,1124,reuse,1232.9966767597612,1227.289262213972,0.9955945473119832,0.9779824985642078,1.007830526058208,6,"[0.9911287406863113, 1.0000603539376551]",True,True,1265,1265
gfm-spec--comment-incident,profile,gfm-spec,comments,comment-incident,,1124,parse,964.4300532395519,1136.030804013364,1.1792786969643134,1.1653245544602124,1.1934238802874397,6,"[1.1809394173085164, 1.1776179766201103]",True,True,1265,1265
gfm-spec--comment-incident,profile,gfm-spec,comments,comment-incident,,1124,render,241.18213836981056,241.8392022961237,1.00140379572648,0.9714390648780128,1.21199601896996,6,"[1.0031840514349344, 0.9996235400180257]",True,True,1265,1265
gfm-spec--comment-incident,profile,gfm-spec,comments,comment-incident,,1124,fresh,1593.4513722891352,1770.9352589721366,1.113148795141631,1.0987361727549194,1.1221817546472048,6,"[1.1001872857086812, 1.116871360824979]",True,True,1265,1265
gfm-spec--comment-incident,profile,gfm-spec,comments,comment-incident,,1124,reuse,1224.5189273483365,1415.9958965809801,1.1502496713894166,1.1261464079548416,1.1647010564299842,6,"[1.153414780350577, 1.1470845624282564]",True,True,1265,1265
comments--comment-incident,profile,comments,comments,comment-incident,,1124,parse,973.8731914668119,1147.119950085274,1.1750051277978062,1.160874216604328,1.1949499270007693,6,"[1.169070057173501, 1.1809401984221115]",True,True,1265,1265
comments--comment-incident,profile,comments,comments,comment-incident,,1124,render,239.0193485927653,239.06848186915678,0.9996495181736325,0.9948628146342432,1.005403728799906,6,"[0.9950044501882483, 1.00270800040941]",True,True,1265,1265
comments--comment-incident,profile,comments,comments,comment-incident,,1124,fresh,1583.3170229419834,1770.3730946764153,1.1206781650860753,1.0888820904574097,1.1292005892310062,6,"[1.1190151956446512, 1.127601759805203]",True,True,1265,1265
comments--comment-incident,profile,comments,comments,comment-incident,,1124,reuse,1213.4254257949237,1391.8330555555556,1.1431374858218537,1.1289726197112528,1.1643298627567837,6,"[1.1425409779288436, 1.143733993714864]",True,True,1265,1265
article--comment-incident,profile,article,comments,comment-incident,,1124,parse,972.3535186625195,1019.937441145966,1.0484689020246671,1.0338267105364847,1.053375194306069,6,"[1.049590103910882, 1.042750685324041]",False,True,1265,1303
article--comment-incident,profile,article,comments,comment-incident,,1124,render,238.22316280045092,352.14875393569434,1.475985566742056,1.4579069568553689,1.4873367561371076,6,"[1.47256372798742, 1.479407405496692]",False,True,1265,1303
article--comment-incident,profile,article,comments,comment-incident,,1124,fresh,1576.242087820241,1763.8473524884148,1.1148130700508934,1.102757835526044,1.1261666489413666,6,"[1.1102729610994986, 1.1193531790022881]",False,True,1265,1303
article--comment-incident,profile,article,comments,comment-incident,,1124,reuse,1224.8910797213623,1399.822632042122,1.1435994140720473,1.1222220546474981,1.1615122986929456,6,"[1.1299786107485013, 1.156474883139368]",False,True,1265,1303
docs--comment-incident,profile,docs,comments,comment-incident,,1124,parse,972.2033190993789,1266.0567547943942,1.2993380189211838,1.2964002869608688,1.3301426831337382,6,"[1.2979096113245294, 1.2993930366429323]",False,True,1265,1303
docs--comment-incident,profile,docs,comments,comment-incident,,1124,render,238.78861169503432,364.77313177054845,1.523718955387344,1.50049145023247,1.5524742608950743,6,"[1.5342017786136721, 1.5105736931504181]",False,True,1265,1303
docs--comment-incident,profile,docs,comments,comment-incident,,1124,fresh,1613.739369559752,2005.213250033281,1.2381779533794868,1.1522473518575744,1.296743113019401,6,"[1.1656804955591722, 1.2427041376768744]",False,True,1265,1303
docs--comment-incident,profile,docs,comments,comment-incident,,1124,reuse,1225.0107020547944,1666.2773484042555,1.3578884481977669,1.306717839190183,1.3862050548427727,6,"[1.3619182820518954, 1.3524839172104823]",False,True,1265,1303
commonmark--legacy-node-ferromark-readme,profile,commonmark,readme,legacy-node-ferromark-readme,,9075,parse,6428.492652666737,6507.510470360825,1.015551591638378,0.9844743475285815,1.0396943732381285,6,"[1.028740251660033, 0.9951138059776746]",True,True,10854,10854
commonmark--legacy-node-ferromark-readme,profile,commonmark,readme,legacy-node-ferromark-readme,,9075,render,3521.179433272575,3522.588922050562,0.9974928874079818,0.9923797945288477,1.0154568887545807,6,"[0.9924338342959541, 1.0025519405200096]",True,True,10854,10854
commonmark--legacy-node-ferromark-readme,profile,commonmark,readme,legacy-node-ferromark-readme,,9075,fresh,10578.573547846045,10610.146504237287,1.003059356853973,0.9940710220033413,1.017168864690432,6,"[1.0016167665896738, 1.004501947118272]",True,True,10854,10854
commonmark--legacy-node-ferromark-readme,profile,commonmark,readme,legacy-node-ferromark-readme,,9075,reuse,9939.371826171875,9929.696056547618,0.9923246355432055,0.9714157897280655,1.0132201277499842,6,"[0.9928014726582883, 0.988062151818469]",True,True,10854,10854
gfm-spec--legacy-node-ferromark-readme,profile,gfm-spec,readme,legacy-node-ferromark-readme,,9075,parse,6444.787786989797,8241.431281506324,1.2746391333085814,1.2617959269427672,1.3953405254102382,6,"[1.275564687431157, 1.270736721658271]",False,False,10854,10999
gfm-spec--legacy-node-ferromark-readme,profile,gfm-spec,readme,legacy-node-ferromark-readme,,9075,render,3497.416216150683,3603.594198994253,1.0332512610449835,1.0274938886273486,1.0375110575309197,6,"[1.0343777533813552, 1.0321606988046979]",False,False,10854,10999
gfm-spec--legacy-node-ferromark-readme,profile,gfm-spec,readme,legacy-node-ferromark-readme,,9075,fresh,10456.315987875681,12288.428786057691,1.177352803741404,1.1334924165824065,1.1969861706962373,6,"[1.1749575025764203, 1.1932893175259536]",False,False,10854,10999
gfm-spec--legacy-node-ferromark-readme,profile,gfm-spec,readme,legacy-node-ferromark-readme,,9075,reuse,10034.567212301587,11880.28213443396,1.1836006440753013,1.1726402216923568,1.2116685816645367,6,"[1.1842745109416368, 1.1826244406513817]",False,False,10854,10999
comments--legacy-node-ferromark-readme,profile,comments,readme,legacy-node-ferromark-readme,,9075,parse,6437.797471662634,8134.689529220779,1.2696628860594779,1.2500933721243372,1.2792695842313324,6,"[1.2738294470656024, 1.2654963250533533]",False,False,10854,11011
comments--legacy-node-ferromark-readme,profile,comments,readme,legacy-node-ferromark-readme,,9075,render,3533.465207024059,4324.9711125708545,1.2266757678189664,1.1997775977667682,1.2366511793211508,6,"[1.2281270586068742, 1.2050751214959434]",False,False,10854,11011
comments--legacy-node-ferromark-readme,profile,comments,readme,legacy-node-ferromark-readme,,9075,fresh,10498.70859375,13103.796795280612,1.2517081961156715,1.2225489991960323,1.2867196770355687,6,"[1.259485452349287, 1.2293437836834629]",False,False,10854,11011
comments--legacy-node-ferromark-readme,profile,comments,readme,legacy-node-ferromark-readme,,9075,reuse,10071.800347222223,12622.3046875,1.2546408222480796,1.22852452344695,1.268481789572053,6,"[1.2551200619674672, 1.2419886166610685]",False,False,10854,11011
article--legacy-node-ferromark-readme,profile,article,readme,legacy-node-ferromark-readme,,9075,parse,6400.253919939188,6437.181281887755,1.003172671800026,0.9980379778173897,1.0119821458732987,6,"[1.0046505707738975, 1.0016947728261545]",False,True,10854,11150
article--legacy-node-ferromark-readme,profile,article,readme,legacy-node-ferromark-readme,,9075,render,3499.604220660811,4316.356896551724,1.2427231751823609,1.2177718093721555,1.2564891623735426,6,"[1.2498193975611727, 1.2349696128913534]",False,True,10854,11150
article--legacy-node-ferromark-readme,profile,article,readme,legacy-node-ferromark-readme,,9075,fresh,10534.971875,11537.772443181817,1.0898946481607106,1.0787445667424345,1.1137561019103834,6,"[1.0795197133184813, 1.100864667217011]",False,True,10854,11150
article--legacy-node-ferromark-readme,profile,article,readme,legacy-node-ferromark-readme,,9075,reuse,10071.562748015873,10956.49245689655,1.0929281324781384,1.0464577745404902,1.10466840892446,6,"[1.0758180599823512, 1.0980147065250006]",False,True,10854,11150
docs--legacy-node-ferromark-readme,profile,docs,readme,legacy-node-ferromark-readme,,9075,parse,6403.457272018656,8812.704405687597,1.3722382219381308,1.3525541922795108,1.396880110745055,6,"[1.3826953318523527, 1.3580269252640789]",False,False,10854,11295
docs--legacy-node-ferromark-readme,profile,docs,readme,legacy-node-ferromark-readme,,9075,render,3500.374563547486,4611.538717830883,1.3183621247942026,1.294505359754998,1.337822915407246,6,"[1.3137403927501594, 1.3229838568382457]",False,False,10854,11295
docs--legacy-node-ferromark-readme,profile,docs,readme,legacy-node-ferromark-readme,,9075,fresh,10470.486197916667,13997.063194444445,1.339709570414636,1.3196454066083314,1.3786584444890295,6,"[1.3389844680053613, 1.3595808698403917]",False,False,10854,11295
docs--legacy-node-ferromark-readme,profile,docs,readme,legacy-node-ferromark-readme,,9075,reuse,9970.531079489087,13525.113364361703,1.3554145940743032,1.350012648590743,1.3733147720168195,6,"[1.3547884086467175, 1.3560407795018892]",False,False,10854,11295
commonmark--legacy-docs-markdown-extensions,profile,commonmark,technical-docs,legacy-docs-markdown-extensions,,3707,parse,2523.2916398456728,2546.1384186771875,1.0094346138842147,1.003838814932136,1.0209224851898753,6,"[1.0052993916762138, 1.0175196255865502]",True,True,4271,4271
commonmark--legacy-docs-markdown-extensions,profile,commonmark,technical-docs,legacy-docs-markdown-extensions,,3707,render,1104.0833870380325,1098.1241655393428,0.9941614503318275,0.979704227260346,1.0067759497796114,6,"[0.9848931958280592, 1.0034297048355956]",True,True,4271,4271
commonmark--legacy-docs-markdown-extensions,profile,commonmark,technical-docs,legacy-docs-markdown-extensions,,3707,fresh,4016.4878455209864,4005.7237012340765,0.9987166985746802,0.9818864254495913,1.0035454836229487,6,"[1.0009864544110154, 0.99627700569326]",True,True,4271,4271
commonmark--legacy-docs-markdown-extensions,profile,commonmark,technical-docs,legacy-docs-markdown-extensions,,3707,reuse,3648.174458448082,3635.156972543353,1.0013673444239486,0.9777463712326085,1.0173353822442135,6,"[1.0026052452157497, 1.0001294436321477]",True,True,4271,4271
gfm-spec--legacy-docs-markdown-extensions,profile,gfm-spec,technical-docs,legacy-docs-markdown-extensions,,3707,parse,2542.8852292036963,3091.207546227991,1.2162392643873874,1.199804495029703,1.2387312099865193,6,"[1.2175480648126622, 1.2149304639621126]",True,True,4271,4271
gfm-spec--legacy-docs-markdown-extensions,profile,gfm-spec,technical-docs,legacy-docs-markdown-extensions,,3707,render,1100.4260717603624,1082.32927891523,0.9845537449969524,0.9724511667663196,0.9940806616459521,6,"[0.9852293802765523, 0.9825486149331574]",True,True,4271,4271
gfm-spec--legacy-docs-markdown-extensions,profile,gfm-spec,technical-docs,legacy-docs-markdown-extensions,,3707,fresh,4050.0770387458642,4646.438933549166,1.1445926834723177,1.1251001206414,1.1579807771458182,6,"[1.1448308891898336, 1.1443544777548016]",True,True,4271,4271
gfm-spec--legacy-docs-markdown-extensions,profile,gfm-spec,technical-docs,legacy-docs-markdown-extensions,,3707,reuse,3680.872857004644,4201.984497343401,1.1440125093045719,1.1359205519648836,1.1603387123838962,6,"[1.1398422868183686, 1.1481827317907751]",True,True,4271,4271
comments--legacy-docs-markdown-extensions,profile,comments,technical-docs,legacy-docs-markdown-extensions,,3707,parse,2536.3168728896208,3087.7014316502464,1.2050271399546055,1.2009491337797995,1.2241335644295344,6,"[1.2021536107724657, 1.2053872754243784]",True,True,4271,4271
comments--legacy-docs-markdown-extensions,profile,comments,technical-docs,legacy-docs-markdown-extensions,,3707,render,1094.8758930703711,1180.3068139593768,1.076491723758098,1.0699089327445837,1.0873767441832356,6,"[1.0751236176720187, 1.0778598298441773]",True,True,4271,4271
comments--legacy-docs-markdown-extensions,profile,comments,technical-docs,legacy-docs-markdown-extensions,,3707,fresh,4026.1039973635234,4696.911683944001,1.1706123668683546,1.1315520211088739,1.178491911412203,6,"[1.1707343617821453, 1.1704903719545636]",True,True,4271,4271
comments--legacy-docs-markdown-extensions,profile,comments,technical-docs,legacy-docs-markdown-extensions,,3707,reuse,3628.4015835922883,4276.732568027211,1.1883797630111328,1.1635720626581227,1.2026745885362207,6,"[1.1866676587395448, 1.1944493204413718]",True,True,4271,4271
article--legacy-docs-markdown-extensions,profile,article,technical-docs,legacy-docs-markdown-extensions,,3707,parse,2539.5227273891487,2564.3176242576947,1.0095398453942015,0.9908408540746159,1.0194995435078456,6,"[1.0133183662563594, 1.0057613245320436]",False,True,4271,4434
article--legacy-docs-markdown-extensions,profile,article,technical-docs,legacy-docs-markdown-extensions,,3707,render,1096.1150195774571,1518.1217384708739,1.3791417859154746,1.35783962479013,1.4036516762644644,6,"[1.3864271787993223, 1.360696400073497]",False,True,4271,4434
article--legacy-docs-markdown-extensions,profile,article,technical-docs,legacy-docs-markdown-extensions,,3707,fresh,4027.7784781436203,4472.350084694782,1.115192580068677,1.0984490779518987,1.132146969409429,6,"[1.1121185995083467, 1.12930743277617]",False,True,4271,4434
article--legacy-docs-markdown-extensions,profile,article,technical-docs,legacy-docs-markdown-extensions,,3707,reuse,3660.9852669616143,4116.159642269737,1.1260634175263797,1.106683017668857,1.132935267749898,6,"[1.1279626674442997, 1.1241641676084597]",False,True,4271,4434
docs--legacy-docs-markdown-extensions,profile,docs,technical-docs,legacy-docs-markdown-extensions,,3707,parse,2564.8347652329376,3526.2932344435503,1.3772530223600616,1.3715482724165076,1.3815208747644134,6,"[1.3779687822264142, 1.3765372624937091]",False,True,4271,4434
docs--legacy-docs-markdown-extensions,profile,docs,technical-docs,legacy-docs-markdown-extensions,,3707,render,1094.0478288568809,1573.7109110963963,1.4364712857952162,1.426821864220054,1.4504281886014085,6,"[1.4319788148587231, 1.4409637567317093]",False,True,4271,4434
docs--legacy-docs-markdown-extensions,profile,docs,technical-docs,legacy-docs-markdown-extensions,,3707,fresh,4078.0066964285716,5521.2844024122805,1.3569273936946598,1.3327591551258926,1.366830246381234,6,"[1.3594636899447634, 1.3374052791129816]",False,True,4271,4434
docs--legacy-docs-markdown-extensions,profile,docs,technical-docs,legacy-docs-markdown-extensions,,3707,reuse,3663.560386029412,5114.12149827569,1.3978832534387773,1.3896462375554028,1.4079582038026695,6,"[1.3924306945951284, 1.3995095367161896]",False,True,4271,4434
commonmark--rust-book-ch03-04-comments,profile,commonmark,technical-docs,rust-book-ch03-04-comments,,393,parse,514.0121348072307,512.1236924081466,0.9930481528370331,0.9845307838633893,1.0145800263436073,6,"[0.9940904320239169, 0.9920058736501493]",True,True,444,444
commonmark--rust-book-ch03-04-comments,profile,commonmark,technical-docs,rust-book-ch03-04-comments,,393,render,191.9536657550503,191.11804996135268,1.0012927005292624,0.9908124784053822,1.0092444470408042,6,"[1.0030976212310359, 0.9994877798274889]",True,True,444,444
commonmark--rust-book-ch03-04-comments,profile,commonmark,technical-docs,rust-book-ch03-04-comments,,393,fresh,1091.1263747685243,1091.728730366492,0.9979939312635082,0.990680003110076,1.0184881650030793,6,"[0.996876436111354, 1.0022904118984952]",True,True,444,444
commonmark--rust-book-ch03-04-comments,profile,commonmark,technical-docs,rust-book-ch03-04-comments,,393,reuse,716.3231814826964,712.5931410558813,0.9958392918891045,0.9780848654031565,1.0136340039351837,6,"[0.9956556506503976, 0.9987154474528673]",True,True,444,444
gfm-spec--rust-book-ch03-04-comments,profile,gfm-spec,technical-docs,rust-book-ch03-04-comments,,393,parse,512.3041948198198,584.1285078973777,1.1432276756641162,1.124919378247514,1.155874233885491,6,"[1.1450242793458032, 1.1414310719824292]",True,True,444,444
gfm-spec--rust-book-ch03-04-comments,profile,gfm-spec,technical-docs,rust-book-ch03-04-comments,,393,render,192.60212219118404,192.9199983752481,0.9989721267448655,0.9895435967041815,1.0145663888416465,6,"[1.0002124814078768, 0.9969038693009054]",True,True,444,444
gfm-spec--rust-book-ch03-04-comments,profile,gfm-spec,technical-docs,rust-book-ch03-04-comments,,393,fresh,1089.1504844354654,1164.397890106758,1.0707090338192007,1.051586383471453,1.0806685086284933,6,"[1.068116237033339, 1.0733018306050626]",True,True,444,444
gfm-spec--rust-book-ch03-04-comments,profile,gfm-spec,technical-docs,rust-book-ch03-04-comments,,393,reuse,710.7437220489063,783.0526939156603,1.109706230056815,1.073625012825623,1.1335077379158107,6,"[1.106465809629087, 1.1129466504845433]",True,True,444,444
comments--rust-book-ch03-04-comments,profile,comments,technical-docs,rust-book-ch03-04-comments,,393,parse,513.8878504455809,583.9378705655394,1.1321315890378094,1.1255583046055209,1.1489036894012303,6,"[1.13260796443985, 1.1319938710198805]",True,True,444,444
comments--rust-book-ch03-04-comments,profile,comments,technical-docs,rust-book-ch03-04-comments,,393,render,191.6793796442838,280.1889567458539,1.4593177593438695,1.4491216679891887,1.48403421875043,6,"[1.4503123923960202, 1.4609841684791698]",True,True,444,444
comments--rust-book-ch03-04-comments,profile,comments,technical-docs,rust-book-ch03-04-comments,,393,fresh,1079.022589969708,1251.310619804979,1.1602297450982877,1.096726078858243,1.1674946495395782,6,"[1.163571894175606, 1.1554920170805538]",True,True,444,444
comments--rust-book-ch03-04-comments,profile,comments,technical-docs,rust-book-ch03-04-comments,,393,reuse,720.8137136514442,870.7559550256954,1.2049631608996603,1.1842539994849794,1.2346699200534923,6,"[1.2230837470097427, 1.187584583778491]",True,True,444,444
article--rust-book-ch03-04-comments,profile,article,technical-docs,rust-book-ch03-04-comments,,393,parse,510.64708527661844,514.3395180871698,1.0128352856807354,0.99956283879993,1.0258987030251399,6,"[1.012643373404621, 1.0130271979568501]",False,True,444,458
article--rust-book-ch03-04-comments,profile,article,technical-docs,rust-book-ch03-04-comments,,393,render,192.33353846153847,235.1275127749053,1.2232318228737271,1.2126767107942245,1.2425683392147084,6,"[1.2186389886553795, 1.2237923914964084]",False,True,444,458
article--rust-book-ch03-04-comments,profile,article,technical-docs,rust-book-ch03-04-comments,,393,fresh,1073.68634573939,1130.5722096123213,1.0518425915417984,1.034439862081404,1.0787088674119567,6,"[1.0549033107282477, 1.0468115786861645]",False,True,444,458
article--rust-book-ch03-04-comments,profile,article,technical-docs,rust-book-ch03-04-comments,,393,reuse,708.7132714191705,762.5771415459903,1.0739933083663038,1.064949498508249,1.0955650890769404,6,"[1.0863915048373485, 1.07194400419792]",False,True,444,458
docs--rust-book-ch03-04-comments,profile,docs,technical-docs,rust-book-ch03-04-comments,,393,parse,512.789326219824,634.4913453590852,1.237959456071902,1.2267921797309096,1.2580575112038832,6,"[1.241630880509416, 1.237235642627356]",False,True,444,458
docs--rust-book-ch03-04-comments,profile,docs,technical-docs,rust-book-ch03-04-comments,,393,render,192.3774504086539,238.09317927925298,1.2375481768287449,1.2228115330085643,1.274588496021828,6,"[1.236556066401256, 1.2385402872562337]",False,True,444,458
docs--rust-book-ch03-04-comments,profile,docs,technical-docs,rust-book-ch03-04-comments,,393,fresh,1083.08133645208,1252.6436755630307,1.156130412176071,1.1354505741153647,1.176748434362724,6,"[1.156112685205892, 1.1561481391462498]",False,True,444,458
docs--rust-book-ch03-04-comments,profile,docs,technical-docs,rust-book-ch03-04-comments,,393,reuse,713.8391937544226,873.2951073673185,1.231950558789178,1.2114141715599527,1.243860296673051,6,"[1.219687716105287, 1.2368097373818798]",False,True,444,458
commonmark--vite-docs-api-plugin,profile,commonmark,reference,vite-docs-api-plugin,,31890,parse,55629.06770833333,55310.328125,1.010523429589575,0.9695538741158118,1.0410686715128348,6,"[0.9825923377456195, 1.0280970149011677]",True,True,38234,38234
commonmark--vite-docs-api-plugin,profile,commonmark,reference,vite-docs-api-plugin,,31890,render,13239.854817708332,13125.107720822703,0.9963669201017658,0.9754500762497074,1.0296382500747678,6,"[1.0061355372644913, 0.98659830293904]",True,True,38234,38234
commonmark--vite-docs-api-plugin,profile,commonmark,reference,vite-docs-api-plugin,,31890,fresh,74529.078125,74874.78298611111,1.0060025210056045,0.9831536469192498,1.0257405869737934,6,"[1.00675199407826, 1.0052530479329487]",True,True,38234,38234
commonmark--vite-docs-api-plugin,profile,commonmark,reference,vite-docs-api-plugin,,31890,reuse,75456.59548611112,74659.57638888889,1.0116268953563163,0.9581557981434352,1.0301016940934022,6,"[1.0157990623907376, 1.0074547283218949]",True,True,38234,38234
gfm-spec--vite-docs-api-plugin,profile,gfm-spec,reference,vite-docs-api-plugin,,31890,parse,55774.79296875,62450.34375,1.1123381704498092,1.0776642910781735,1.1591586735504835,6,"[1.1121862949145886, 1.1171190701262335]",True,False,38234,38234
gfm-spec--vite-docs-api-plugin,profile,gfm-spec,reference,vite-docs-api-plugin,,31890,render,13356.08711491578,13267.12522855718,1.0097164361616668,0.9411786171880339,1.0215119422346688,6,"[1.0077853145579554, 1.0164822727520877]",True,False,38234,38234
gfm-spec--vite-docs-api-plugin,profile,gfm-spec,reference,vite-docs-api-plugin,,31890,fresh,75181.13541666666,83770.751953125,1.086715416062821,1.0492045756457564,1.1720427832059592,6,"[1.100503125266723, 1.0729277068589191]",True,False,38234,38234
gfm-spec--vite-docs-api-plugin,profile,gfm-spec,reference,vite-docs-api-plugin,,31890,reuse,75076.60590277778,82799.72265625,1.1061980595683716,1.090671705488194,1.1292778374620176,6,"[1.0929871099050203, 1.1169604198505176]",True,False,38234,38234
comments--vite-docs-api-plugin,profile,comments,reference,vite-docs-api-plugin,,31890,parse,56655.36174242424,61304.45028409091,1.0974710176323064,1.0734731164171718,1.121374708334994,6,"[1.093530522917841, 1.1014115123467718]",True,False,38234,38234
comments--vite-docs-api-plugin,profile,comments,reference,vite-docs-api-plugin,,31890,render,13124.6474609375,16061.100390625,1.22064936880281,1.1742288255500404,1.2397497457879836,6,"[1.2214922562329196, 1.2198064813727005]",True,False,38234,38234
comments--vite-docs-api-plugin,profile,comments,reference,vite-docs-api-plugin,,31890,fresh,73635.63368055556,84336.099609375,1.1241747759324503,1.0716260773517647,1.2286599359047212,6,"[1.1215193502248257, 1.1268302016400746]",True,False,38234,38234
comments--vite-docs-api-plugin,profile,comments,reference,vite-docs-api-plugin,,31890,reuse,73917.60590277778,84485.10546875,1.145141365244831,1.0938272868444352,1.193151470110569,6,"[1.136744699139231, 1.1535380313504313]",True,False,38234,38234
article--vite-docs-api-plugin,profile,article,reference,vite-docs-api-plugin,,31890,parse,55454.37239583333,55804.6328125,0.9959385870968904,0.9534447445376797,1.0233063557316606,6,"[1.0210842123362802, 0.9855694864221555]",False,True,38234,39045
article--vite-docs-api-plugin,profile,article,reference,vite-docs-api-plugin,,31890,render,12947.504783163266,15611.407774390244,1.2033839738363266,1.1862817472432132,1.2657167670728602,6,"[1.203869368918275, 1.2028985787543782]",False,True,38234,39045
article--vite-docs-api-plugin,profile,article,reference,vite-docs-api-plugin,,31890,fresh,74771.77430555556,77628.90625,1.0285839756807786,1.0104416722293175,1.0623393291898713,6,"[1.0397977596413115, 1.0168501823280942]",False,True,38234,39045
article--vite-docs-api-plugin,profile,article,reference,vite-docs-api-plugin,,31890,reuse,73990.30729166667,78479.89908854166,1.0619814359261948,1.0234510573695672,1.119227067882616,6,"[1.0666421686529106, 1.057320703199479]",False,True,38234,39045
docs--vite-docs-api-plugin,profile,docs,reference,vite-docs-api-plugin,,31890,parse,55969.18359375,65266.8625,1.1637634408373003,1.123561302604657,1.2211406944169634,6,"[1.1647625733220697, 1.162764308352531]",False,False,38234,38974
docs--vite-docs-api-plugin,profile,docs,reference,vite-docs-api-plugin,,31890,render,13214.9794921875,16104.420252403845,1.215238065322719,1.190182356841324,1.2456150346904986,6,"[1.2153834892903717, 1.2150926413550667]",False,False,38234,38974
docs--vite-docs-api-plugin,profile,docs,reference,vite-docs-api-plugin,,31890,fresh,76027.63368055556,91315.85044642858,1.207724154903619,1.1736923631781946,1.2383385565191956,6,"[1.2135213978751342, 1.2019269119321037]",False,False,38234,38974
docs--vite-docs-api-plugin,profile,docs,reference,vite-docs-api-plugin,,31890,reuse,74876.08506944444,90243.896484375,1.2033126874479003,1.1660182171131257,1.227461755347269,6,"[1.1959190005468172, 1.223564501983875]",False,False,38234,38974
commonmark--typescript-handbook-compiler-options,profile,commonmark,reference,typescript-handbook-compiler-options,,54026,parse,23613.185185185182,23590.640046296296,1.0018822155132605,0.9690827723864317,1.0097680617056175,6,"[1.001501715664602, 1.002262715361919]",True,True,54086,54086
commonmark--typescript-handbook-compiler-options,profile,commonmark,reference,typescript-handbook-compiler-options,,54026,render,2367.027443028317,2367.3063745744075,0.9970018623252244,0.9871509210938471,1.0085554116809226,6,"[1.003099540909182, 0.9937583184764633]",True,True,54086,54086
commonmark--typescript-handbook-compiler-options,profile,commonmark,reference,typescript-handbook-compiler-options,,54026,fresh,26729.518880208336,26706.108723958336,0.9993009361964869,0.9913361384277728,1.0161316536468052,6,"[1.0015288498429742, 0.9979565815208412]",True,True,54086,54086
commonmark--typescript-handbook-compiler-options,profile,commonmark,reference,typescript-handbook-compiler-options,,54026,reuse,26051.719375,26091.227213541668,1.001519833373645,0.9758065799540933,1.01450450830456,6,"[0.9944299054106658, 1.0033081308464842]",True,True,54086,54086
gfm-spec--typescript-handbook-compiler-options,profile,gfm-spec,reference,typescript-handbook-compiler-options,,54026,parse,23820.167824074073,23873.48090277778,0.9973630457782144,0.9713697268439593,1.0101028091978113,6,"[0.9869890937822182, 0.9996516293727332]",True,True,54086,54086
gfm-spec--typescript-handbook-compiler-options,profile,gfm-spec,reference,typescript-handbook-compiler-options,,54026,render,2384.2203103231213,57199.49088541667,24.098318768448387,23.8868665443543,24.559560214556512,6,"[23.8896016586874, 24.19612099751828]",True,True,54086,54086
gfm-spec--typescript-handbook-compiler-options,profile,gfm-spec,reference,typescript-handbook-compiler-options,,54026,fresh,26807.779947916668,88079.1015625,3.106627709987256,1.9817722184704203,5.37258994799025,6,"[3.7526141617036055, 3.096746864429151]",True,True,54086,54086
gfm-spec--typescript-handbook-compiler-options,profile,gfm-spec,reference,typescript-handbook-compiler-options,,54026,reuse,26107.682500000003,82075.033203125,3.1419571091242515,3.08989703102413,3.2254020840260678,6,"[3.1542659627351513, 3.1296482555133514]",True,True,54086,54086
comments--typescript-handbook-compiler-options,profile,comments,reference,typescript-handbook-compiler-options,,54026,parse,23610.364004629628,23794.921875,1.0091463325638137,0.9929071863417789,1.0263996386831735,6,"[1.0061408824954308, 1.0121517826321964]",False,True,54086,83757
comments--typescript-handbook-compiler-options,profile,comments,reference,typescript-handbook-compiler-options,,54026,render,2358.806613359721,74919.63194444444,31.763092476952423,31.528693964200308,32.23510039165306,6,"[31.84295040096752, 31.556813276586]",False,True,54086,83757
comments--typescript-handbook-compiler-options,profile,comments,reference,typescript-handbook-compiler-options,,54026,fresh,26811.171223958332,100788.22767857142,3.754363378523863,3.7053140430656946,3.813252808243123,6,"[3.75728323769075, 3.751443519356976]",False,True,54086,83757
comments--typescript-handbook-compiler-options,profile,comments,reference,typescript-handbook-compiler-options,,54026,reuse,26030.520624999997,99633.64955357142,3.8157295219280867,3.7641017074599863,3.8530126799626774,6,"[3.791089861323453, 3.834927326813025]",False,True,54086,83757
article--typescript-handbook-compiler-options,profile,article,reference,typescript-handbook-compiler-options,,54026,parse,23695.3125,24099.759815705125,1.0183766845693913,0.9996672635756462,1.0355962824379594,6,"[1.0237939676225127, 1.01295940151627]",False,False,54086,53952
article--typescript-handbook-compiler-options,profile,article,reference,typescript-handbook-compiler-options,,54026,render,2357.895188368918,2502.971375,1.064161186695701,1.048977607006103,1.0776804519292318,6,"[1.0632807441118, 1.0687635914802556]",False,False,54086,53952
article--typescript-handbook-compiler-options,profile,article,reference,typescript-handbook-compiler-options,,54026,fresh,26808.132161458332,27427.933423913044,1.0198654072002533,1.0146933872504,1.0397100433798092,6,"[1.018154265827999, 1.0231863111827215]",False,False,54086,53952
article--typescript-handbook-compiler-options,profile,article,reference,typescript-handbook-compiler-options,,54026,reuse,26356.690104166664,27125.651041666668,1.0327432648292496,1.0143675169182718,1.0437463048751068,6,"[1.0326194872892425, 1.0346466391085212]",False,False,54086,53952
docs--typescript-handbook-compiler-options,profile,docs,reference,typescript-handbook-compiler-options,,54026,parse,23595.052083333336,24453.80108173077,1.03767540418499,1.028086528208659,1.0424949799231307,6,"[1.0375511716375239, 1.0395656341196153]",False,False,54086,53952
docs--typescript-handbook-compiler-options,profile,docs,reference,typescript-handbook-compiler-options,,54026,render,2360.743455188679,57663.17613636363,24.356819441447286,24.10006325644552,24.73222314032774,6,"[24.27161235416239, 24.46896308258928]",False,False,54086,53952
docs--typescript-handbook-compiler-options,profile,docs,reference,typescript-handbook-compiler-options,,54026,fresh,26858.154947916664,83687.58203125,3.111367492604763,3.0353015492349753,3.153236018860015,6,"[3.146716929469171, 3.0984354953412967]",False,False,54086,53952
docs--typescript-handbook-compiler-options,profile,docs,reference,typescript-handbook-compiler-options,,54026,reuse,26106.939687500002,81547.037109375,3.1172571669685034,3.089381109498746,3.163934537286829,6,"[3.135499225939656, 3.099015107997351]",False,False,54086,53952
commonmark--wiki-rainbow-first-paragraph,profile,commonmark,encyclopedia,wiki-rainbow-first-paragraph,,859,parse,1031.4128302551499,1036.1734458141823,1.0009831403621203,0.9910281324092435,1.0141653729507658,6,"[0.9968444400029384, 1.0051218407213025]",True,True,973,973
commonmark--wiki-rainbow-first-paragraph,profile,commonmark,encyclopedia,wiki-rainbow-first-paragraph,,859,render,463.9233001073138,464.9148871820725,1.0021222009015798,0.9828636271852801,1.0093700484842911,6,"[1.0022693094946082, 1.001975092308551]",True,True,973,973
commonmark--wiki-rainbow-first-paragraph,profile,commonmark,encyclopedia,wiki-rainbow-first-paragraph,,859,fresh,1871.1431227945895,1868.8324965573916,0.9982252169487356,0.9868811762953897,1.014396185711558,6,"[0.9977314746048005, 0.9987189592926706]",True,True,973,973
commonmark--wiki-rainbow-first-paragraph,profile,commonmark,encyclopedia,wiki-rainbow-first-paragraph,,859,reuse,1500.2132423240823,1521.368285467973,1.0107458905117919,1.0035542132690336,1.0244536117826721,6,"[1.0096246368340729, 1.0118671441895108]",True,True,973,973
gfm-spec--wiki-rainbow-first-paragraph,profile,gfm-spec,encyclopedia,wiki-rainbow-first-paragraph,,859,parse,1030.62374836915,1179.5688908666123,1.154878011965092,1.1263200256277388,1.1720812792179678,6,"[1.1634463932157737, 1.1530241672007124]",True,True,973,973
gfm-spec--wiki-rainbow-first-paragraph,profile,gfm-spec,encyclopedia,wiki-rainbow-first-paragraph,,859,render,459.88639441272505,465.4053971222587,1.006950742372479,0.9895758044897952,1.0185538824994809,6,"[1.00211433772511, 1.011787147019848]",True,True,973,973
gfm-spec--wiki-rainbow-first-paragraph,profile,gfm-spec,encyclopedia,wiki-rainbow-first-paragraph,,859,fresh,1869.3893656716418,2024.90392394822,1.080337592584598,1.0484011600539,1.088545960989539,6,"[1.0838357906348672, 1.0750677284003585]",True,True,973,973
gfm-spec--wiki-rainbow-first-paragraph,profile,gfm-spec,encyclopedia,wiki-rainbow-first-paragraph,,859,reuse,1503.1693270383694,1672.303121201966,1.107381710388045,1.0855605178354526,1.2902089380278612,6,"[1.1414575202604333, 1.1047231464963612]",True,True,973,973
comments--wiki-rainbow-first-paragraph,profile,comments,encyclopedia,wiki-rainbow-first-paragraph,,859,parse,1015.6046794086255,1172.0090999531835,1.1470214493360864,1.1241383108862457,1.1673409705070905,6,"[1.1496021195697383, 1.1379536746687755]",True,True,973,973
comments--wiki-rainbow-first-paragraph,profile,comments,encyclopedia,wiki-rainbow-first-paragraph,,859,render,462.67114615954745,868.4408156498673,1.8759422606557659,1.8442980165428422,1.8938296342125416,6,"[1.861946177148091, 1.8773529902301804]",True,True,973,973
comments--wiki-rainbow-first-paragraph,profile,comments,encyclopedia,wiki-rainbow-first-paragraph,,859,fresh,1845.4831797196289,2419.9143943050194,1.322325181750095,1.288252293797094,1.3345308377923624,6,"[1.3193289910677508, 1.3344762784645936]",True,True,973,973
comments--wiki-rainbow-first-paragraph,profile,comments,encyclopedia,wiki-rainbow-first-paragraph,,859,reuse,1525.7567979403157,2061.8600893138246,1.3530326894318863,1.3123154574337876,1.3807487755808547,6,"[1.321517718819112, 1.3775360840548676]",True,True,973,973
article--wiki-rainbow-first-paragraph,profile,article,encyclopedia,wiki-rainbow-first-paragraph,,859,parse,1032.6839032854828,1029.3705089503455,1.0010015790492846,0.9770674377979955,1.0097267262271072,6,"[1.0022426228967443, 0.999760535201825]",False,True,973,986
article--wiki-rainbow-first-paragraph,profile,article,encyclopedia,wiki-rainbow-first-paragraph,,859,render,465.09855143229163,509.28382511241455,1.0982678041897507,1.088184308328197,1.1174628503337285,6,"[1.1019552948507705, 1.0919345583462028]",False,True,973,986
article--wiki-rainbow-first-paragraph,profile,article,encyclopedia,wiki-rainbow-first-paragraph,,859,fresh,1866.6441036232432,1913.2622483119483,1.029533804699089,0.9984371680126023,1.0338406056717853,6,"[1.031997137940325, 1.0270704714578531]",False,True,973,986
article--wiki-rainbow-first-paragraph,profile,article,encyclopedia,wiki-rainbow-first-paragraph,,859,reuse,1488.866959776437,1545.0408564814816,1.0360272896870955,1.014384157816646,1.0427272397507559,6,"[1.0419101381110676, 1.0234886748668823]",False,True,973,986
docs--wiki-rainbow-first-paragraph,profile,docs,encyclopedia,wiki-rainbow-first-paragraph,,859,parse,1017.129293699187,1209.6883160058028,1.186506113062221,1.156216097601667,1.2013819128057335,6,"[1.1926907074363111, 1.1650801659362935]",False,True,973,986
docs--wiki-rainbow-first-paragraph,profile,docs,encyclopedia,wiki-rainbow-first-paragraph,,859,render,466.62148501873514,511.8849280001307,1.0999026525267939,1.0836601213038295,1.108423419238574,6,"[1.0926820765667438, 1.1016833953674194]",False,True,973,986
docs--wiki-rainbow-first-paragraph,profile,docs,encyclopedia,wiki-rainbow-first-paragraph,,859,fresh,1871.7687953849763,2141.982051590075,1.1496006916472357,1.1239248825120605,1.1687394994838602,6,"[1.1250589145578767, 1.165916653215917]",False,True,973,986
docs--wiki-rainbow-first-paragraph,profile,docs,encyclopedia,wiki-rainbow-first-paragraph,,859,reuse,1505.2625667936168,1737.8404020526777,1.1556604938186994,1.1372381895689327,1.1658989186025037,6,"[1.155833974185983, 1.155487013451416]",False,True,973,986
commonmark--wiki-tea-lead,profile,commonmark,encyclopedia,wiki-tea-lead,,6363,parse,9978.625910683284,9944.750914558532,1.0004053889577098,0.9851985609147297,1.0169361348310837,6,"[1.0010143320947573, 0.9997964458206625]",True,True,7380,7380
commonmark--wiki-tea-lead,profile,commonmark,encyclopedia,wiki-tea-lead,,6363,render,4500.351080742548,4566.112960997832,1.0109142565573,1.004614084185003,1.0306894102169295,6,"[1.0076007230854767, 1.014227790029123]",True,True,7380,7380
commonmark--wiki-tea-lead,profile,commonmark,encyclopedia,wiki-tea-lead,,6363,fresh,15161.954241071428,15117.203125,0.995791411422914,0.9902381872530115,1.0106954855750452,6,"[1.0048941053923848, 0.9941868919591555]",True,True,7380,7380
commonmark--wiki-tea-lead,profile,commonmark,encyclopedia,wiki-tea-lead,,6363,reuse,14442.811789772728,14479.181818181818,1.0060552634559694,0.9974764453166292,1.0119104055562445,6,"[0.9991420743627611, 1.0094573760584868]",True,True,7380,7380
gfm-spec--wiki-tea-lead,profile,gfm-spec,encyclopedia,wiki-tea-lead,,6363,parse,9904.4189453125,11232.782087053572,1.1328071764264758,1.114515967710656,1.1444215464335448,6,"[1.1271759597664965, 1.135615746471899]",True,True,7380,7380
gfm-spec--wiki-tea-lead,profile,gfm-spec,encyclopedia,wiki-tea-lead,,6363,render,4541.190108239495,4521.414006294965,0.997338629830139,0.9741462471621315,1.018938028283651,6,"[1.0035004329209485, 0.9950537557041492]",True,True,7380,7380
gfm-spec--wiki-tea-lead,profile,gfm-spec,encyclopedia,wiki-tea-lead,,6363,fresh,15127.01525297619,16474.76001602564,1.0889019055584819,1.0820310174762153,1.1198392337089458,6,"[1.098016212784755, 1.0843251746818776]",True,True,7380,7380
gfm-spec--wiki-tea-lead,profile,gfm-spec,encyclopedia,wiki-tea-lead,,6363,reuse,14474.698153409092,16063.46015625,1.1076279367602913,1.0964406720805817,1.1535981232070605,6,"[1.1052204589022532, 1.1082895072056167]",True,True,7380,7380
comments--wiki-tea-lead,profile,comments,encyclopedia,wiki-tea-lead,,6363,parse,9899.709228515625,11235.735212053572,1.1330854289077714,1.1285525794383973,1.1495026640192916,6,"[1.1324384150634463, 1.1402966302900863]",True,True,7380,7380
comments--wiki-tea-lead,profile,comments,encyclopedia,wiki-tea-lead,,6363,render,4530.154001798561,8988.671875,1.98297919863758,1.9270761131860559,2.0181606190297314,6,"[1.9762517617504844, 2.013026022494722]",True,True,7380,7380
comments--wiki-tea-lead,profile,comments,encyclopedia,wiki-tea-lead,,6363,fresh,15074.047991071428,20936.567187499997,1.3925835442972168,1.3683521960539229,1.4139224121569058,6,"[1.3937950455845318, 1.391372043009902]",True,True,7380,7380
comments--wiki-tea-lead,profile,comments,encyclopedia,wiki-tea-lead,,6363,reuse,14571.921759381607,20477.444556451614,1.402712447915789,1.383089482648035,1.4317621637812992,6,"[1.3915904475778738, 1.4085282565175867]",True,True,7380,7380
article--wiki-tea-lead,profile,article,encyclopedia,wiki-tea-lead,,6363,parse,9923.838134765625,9988.712131076389,1.0060652987057643,0.9831831859750116,1.0281110674954959,6,"[1.0173980288569957, 0.9989583745978631]",False,True,7380,7389
article--wiki-tea-lead,profile,article,encyclopedia,wiki-tea-lead,,6363,render,4501.43755219039,4540.526821206078,1.0126387140094768,0.991774168188791,1.0452174453706937,6,"[1.0178745225565342, 1.0074029054624192]",False,True,7380,7389
article--wiki-tea-lead,profile,article,encyclopedia,wiki-tea-lead,,6363,fresh,15032.474702380952,15128.301711309523,1.0047222093114803,0.9906197450551605,1.014975683269692,6,"[1.0092791633116853, 0.9917020266767872]",False,True,7380,7389
article--wiki-tea-lead,profile,article,encyclopedia,wiki-tea-lead,,6363,reuse,14613.387354651164,14608.121077233087,0.9991362808622486,0.9900502629745627,1.0128148963875678,6,"[0.998429627710065, 0.999842934014432]",False,True,7380,7389
docs--wiki-tea-lead,profile,docs,encyclopedia,wiki-tea-lead,,6363,parse,9897.42041015625,11446.401420454546,1.1581785542264438,1.1348223150606742,1.1804287986154305,6,"[1.1573455366131558, 1.1590115718397318]",False,True,7380,7389
docs--wiki-tea-lead,profile,docs,encyclopedia,wiki-tea-lead,,6363,render,4528.69046094646,4508.495479101966,0.9968193166144479,0.9780983607382077,1.0304582863653966,6,"[0.9875214073507138, 1.00426335380012]",False,True,7380,7389
docs--wiki-tea-lead,profile,docs,encyclopedia,wiki-tea-lead,,6363,fresh,15244.109492958769,16643.349095394737,1.0902163143659849,1.0804893670598972,1.1136799832637208,6,"[1.093247148584232, 1.0870289623327167]",False,True,7380,7389
docs--wiki-tea-lead,profile,docs,encyclopedia,wiki-tea-lead,,6363,reuse,14541.858796908033,16177.850961538461,1.1116458876237434,1.1022704848024416,1.1311477881541725,6,"[1.1124643943383672, 1.1108273809091196]",False,True,7380,7389
commonmark--wiki-tea-plain-prose,profile,commonmark,plain-prose,wiki-tea-plain-prose,,40577,parse,9445.963619402984,9475.244897670738,1.003528757533219,1.000405197625776,1.0182762502084046,6,"[1.0030920716890646, 1.0039654433773735]",True,True,41685,41685
commonmark--wiki-tea-plain-prose,profile,commonmark,plain-prose,wiki-tea-plain-prose,,40577,render,4135.231750205601,4132.821032072368,0.9994560568366955,0.9724100356095273,1.022708382843773,6,"[1.0061872415075812, 0.9927248721658096]",True,True,41685,41685
commonmark--wiki-tea-plain-prose,profile,commonmark,plain-prose,wiki-tea-plain-prose,,40577,fresh,14058.130555555555,14062.471180555556,1.0017647616540661,0.9904434062459713,1.0164361178064023,6,"[1.0081317726833692, 0.9982011015638028]",True,True,41685,41685
commonmark--wiki-tea-plain-prose,profile,commonmark,plain-prose,wiki-tea-plain-prose,,40577,reuse,13579.913180793246,13627.410571808512,1.0049130552866306,0.9995420997011709,1.0166725859020513,6,"[1.0011851918607215, 1.0086409187125396]",True,True,41685,41685
gfm-spec--wiki-tea-plain-prose,profile,gfm-spec,plain-prose,wiki-tea-plain-prose,,40577,parse,9285.108685661766,14154.702083333334,1.521656085294702,1.498655834345567,1.5379966400395744,6,"[1.5275366716766028, 1.502458239866825]",True,True,41685,41685
gfm-spec--wiki-tea-plain-prose,profile,gfm-spec,plain-prose,wiki-tea-plain-prose,,40577,render,4054.125796632803,4093.924428104575,1.0120198251648986,0.9634658176391022,1.0205155076647279,6,"[1.0185552793978918, 1.0054843709319052]",True,True,41685,41685
gfm-spec--wiki-tea-plain-prose,profile,gfm-spec,plain-prose,wiki-tea-plain-prose,,40577,fresh,14276.3671875,19096.689393939392,1.3304090190519349,1.3135450537611983,1.3463130908409213,6,"[1.3264606866192383, 1.3343573514846314]",True,True,41685,41685
gfm-spec--wiki-tea-plain-prose,profile,gfm-spec,plain-prose,wiki-tea-plain-prose,,40577,reuse,13674.847146739132,18564.453125,1.3592394856818664,1.3435283648141496,1.36715543269269,6,"[1.3521295489476812, 1.3652686875159838]",True,True,41685,41685
comments--wiki-tea-plain-prose,profile,comments,plain-prose,wiki-tea-plain-prose,,40577,parse,9502.524437471733,14370.88671875,1.5174156523412101,1.4625495080012652,1.527201578668952,6,"[1.51614419443925, 1.5227678705484686]",True,True,41685,41685
comments--wiki-tea-plain-prose,profile,comments,plain-prose,wiki-tea-plain-prose,,40577,render,4123.39691302782,4170.646770833333,1.0069012244725974,1.0038948649109867,1.0164661467328822,6,"[1.0090387010184203, 1.0051495640661885]",True,True,41685,41685
comments--wiki-tea-plain-prose,profile,comments,plain-prose,wiki-tea-plain-prose,,40577,fresh,14189.539930555555,19282.729640151512,1.3640248522099414,1.321784367866137,1.3845433774854807,6,"[1.372235162541882, 1.3235723932640477]",True,True,41685,41685
comments--wiki-tea-plain-prose,profile,comments,plain-prose,wiki-tea-plain-prose,,40577,reuse,13660.169273242369,18453.95618434874,1.3515468107450097,1.3291958791336183,1.371582011232267,6,"[1.3609392273819885, 1.3383779783722354]",True,True,41685,41685
article--wiki-tea-plain-prose,profile,article,plain-prose,wiki-tea-plain-prose,,40577,parse,9457.283677493217,9452.406016791045,0.9937058285904603,0.9853701972329054,1.0143358751472347,6,"[0.9998926124147607, 0.9897663145576834]",True,True,41685,41685
article--wiki-tea-plain-prose,profile,article,plain-prose,wiki-tea-plain-prose,,40577,render,4116.545351199691,4111.2312017597615,0.9985936603873744,0.9720208065150286,1.0153751474966402,6,"[1.000723237081912, 0.9964640836928368]",True,True,41685,41685
article--wiki-tea-plain-prose,profile,article,plain-prose,wiki-tea-plain-prose,,40577,fresh,14164.424305555556,14237.847222222223,1.0047917495957093,0.9855269553805774,1.0164323039495227,6,"[1.0030857632625, 1.0064977359289184]",True,True,41685,41685
article--wiki-tea-plain-prose,profile,article,plain-prose,wiki-tea-plain-prose,,40577,reuse,13617.187839673912,13697.322010869566,0.998647735674036,0.9887756800343575,1.0321729573207659,6,"[0.9933353757232604, 1.0039600956248116]",True,True,41685,41685
docs--wiki-tea-plain-prose,profile,docs,plain-prose,wiki-tea-plain-prose,,40577,parse,9434.264458955224,15813.134765625,1.675343465735504,1.6666010058797418,1.7078513751169802,6,"[1.6721444363951583, 1.6944226761827104]",True,True,41685,41685
docs--wiki-tea-plain-prose,profile,docs,plain-prose,wiki-tea-plain-prose,,40577,render,4113.932991754817,4115.157277960527,1.0023302574766748,0.9788047698413311,1.0149769589022186,6,"[1.0043252497634827, 1.0003352651898672]",True,True,41685,41685
docs--wiki-tea-plain-prose,profile,docs,plain-prose,wiki-tea-plain-prose,,40577,fresh,14334.324573863636,20745.84173387097,1.4546596516445294,1.414612699641733,1.4719972190385366,6,"[1.456216642251462, 1.4383653131973637]",True,True,41685,41685
docs--wiki-tea-plain-prose,profile,docs,plain-prose,wiki-tea-plain-prose,,40577,reuse,13574.273936170212,19994.669921875,1.4695719117304977,1.4555602366365836,1.5155251717394504,6,"[1.4725770041541217, 1.4665668193068737]",True,True,41685,41685
commonmark--wiki-chess-article-body,profile,commonmark,encyclopedia,wiki-chess-article-body,,113609,parse,120637.80729166667,124010.09114583334,1.022996908695467,0.9847816572410861,1.0531373387267038,6,"[1.0227777487260212, 1.0326879830050246]",True,True,124070,124070
commonmark--wiki-chess-article-body,profile,commonmark,encyclopedia,wiki-chess-article-body,,113609,render,54684.35286458333,54686.52473958333,1.0019059440866145,0.9902285497881607,1.0179774934078851,6,"[1.0072442101629164, 0.9978296648632521]",True,True,124070,124070
commonmark--wiki-chess-article-body,profile,commonmark,encyclopedia,wiki-chess-article-body,,113609,fresh,190981.1171875,191977.8671875,1.010186393074179,0.9727452575617221,1.026015594504083,6,"[1.0105959652542211, 1.0097768208941371]",True,True,124070,124070
commonmark--wiki-chess-article-body,profile,commonmark,encyclopedia,wiki-chess-article-body,,113609,reuse,193998.37109375,193013.8359375,0.9960076526618893,0.9828943062002321,1.0074601485888024,6,"[1.003080230887745, 0.9889350744360336]",True,True,124070,124070
gfm-spec--wiki-chess-article-body,profile,gfm-spec,encyclopedia,wiki-chess-article-body,,113609,parse,122643.12239583333,145142.059375,1.1834977565462734,1.1311440387153542,1.2290957150477404,6,"[1.1760798814227165, 1.206558912764599]",True,True,124070,124070
gfm-spec--wiki-chess-article-body,profile,gfm-spec,encyclopedia,wiki-chess-article-body,,113609,render,54073.89453125,55718.423177083336,1.0210940664833301,0.9702902633241439,1.043843876760886,6,"[1.0275371090055423, 1.0146510239611182]",True,True,124070,124070
gfm-spec--wiki-chess-article-body,profile,gfm-spec,encyclopedia,wiki-chess-article-body,,113609,fresh,194662.109375,220394.0989583333,1.1322406448331659,1.1000550827706528,1.1622935623240407,6,"[1.1315992359972193, 1.1328820536691124]",True,True,124070,124070
gfm-spec--wiki-chess-article-body,profile,gfm-spec,encyclopedia,wiki-chess-article-body,,113609,reuse,192455.73046875,218905.8177083333,1.1387368302936456,1.0976544819380942,1.1792383808718303,6,"[1.1385441699071002, 1.1389294906801912]",True,True,124070,124070
comments--wiki-chess-article-body,profile,comments,encyclopedia,wiki-chess-article-body,,113609,parse,121228.515625,146246.353125,1.1945655384069351,1.167883492735838,1.2277305550627557,6,"[1.179866123571958, 1.2086797252039503]",True,True,124070,124070
comments--wiki-chess-article-body,profile,comments,encyclopedia,wiki-chess-article-body,,113609,render,55916.28776041667,94627.69866071429,1.6943783714463387,1.6386956597921887,1.753240732427363,6,"[1.723113616946233, 1.6439978459902163]",True,True,124070,124070
comments--wiki-chess-article-body,profile,comments,encyclopedia,wiki-chess-article-body,,113609,fresh,194911.1328125,259339.40625,1.3259598272648292,1.3038499472524705,1.3486655421701683,6,"[1.3478825971405848, 1.3116853917413485]",True,True,124070,124070
comments--wiki-chess-article-body,profile,comments,encyclopedia,wiki-chess-article-body,,113609,reuse,191820.30859375,257517.359375,1.3258826208103112,1.314633581784485,1.383049096884913,6,"[1.380252953669148, 1.3185766093467048]",True,True,124070,124070
article--wiki-chess-article-body,profile,article,encyclopedia,wiki-chess-article-body,,113609,parse,122189.34375,122431.421875,1.0074082156746138,0.9882577201255499,1.0288708522881698,6,"[0.9891153748633086, 1.0114536238524687]",False,True,124070,125031
article--wiki-chess-article-body,profile,article,encyclopedia,wiki-chess-article-body,,113609,render,55558.91927083333,62030.36960227272,1.12120292563766,1.0777165798854034,1.1487499269641188,6,"[1.083410551851307, 1.1476383817569888]",False,True,124070,125031
article--wiki-chess-article-body,profile,article,encyclopedia,wiki-chess-article-body,,113609,fresh,193275.55078125,199069.3359375,1.0248699262635488,1.019604446244405,1.0320962431576497,6,"[1.027874220763533, 1.0218656317635644]",False,True,124070,125031
article--wiki-chess-article-body,profile,article,encyclopedia,wiki-chess-article-body,,113609,reuse,192947.91796875,198736.65625,1.020657231691605,0.9994012124932318,1.0506732578343483,6,"[1.0429861483348148, 1.0118237606720566]",False,True,124070,125031
docs--wiki-chess-article-body,profile,docs,encyclopedia,wiki-chess-article-body,,113609,parse,124360.67708333334,156922.8515625,1.2682785378075923,1.223953806035018,1.303072539802637,6,"[1.263796602215473, 1.281840193383563]",False,True,124070,125031
docs--wiki-chess-article-body,profile,docs,encyclopedia,wiki-chess-article-body,,113609,render,54975.91015625,60800.60369318182,1.09210355086883,1.0683503444050018,1.1098048346618548,6,"[1.1051941887810572, 1.0790129129566024]",False,True,124070,125031
docs--wiki-chess-article-body,profile,docs,encyclopedia,wiki-chess-article-body,,113609,fresh,194043.62109375,231290.796875,1.195684314190705,1.1709136250344305,1.228478289689221,6,"[1.1950572235062278, 1.1963114048751822]",False,True,124070,125031
docs--wiki-chess-article-body,profile,docs,encyclopedia,wiki-chess-article-body,,113609,reuse,190512.53125,229036.0208333333,1.2048064772700415,1.1677275949434054,1.2168371280963306,6,"[1.2115102431690754, 1.2000974270451612]",False,True,124070,125031
tailored-comments,ablation,comments,syntax-absent-extras,,,345,parse,2042.510725866758,1580.4392267686308,0.7760884236032948,0.7673169615688465,0.7776155074529725,6,"[0.7764930233020783, 0.7756838239045112]",True,True,765,765
tailored-comments,ablation,comments,syntax-absent-extras,,,345,render,479.2295887657523,478.12161223257675,0.9996886665641814,0.9708972707855723,1.0034710956243327,6,"[1.0028575437482983, 0.9888121551924187]",True,True,765,765
tailored-comments,ablation,comments,syntax-absent-extras,,,345,fresh,2995.082882988722,2573.790079447902,0.8593727037205132,0.8455810937305905,0.8671545700855338,6,"[0.8581281618452973, 0.8606172455957293]",True,True,765,765
tailored-comments,ablation,comments,syntax-absent-extras,,,345,reuse,2559.3112244897957,2112.29462570005,0.8254329062172874,0.8060318175890734,0.8358125959572156,6,"[0.834474870980023, 0.811934400298868]",True,True,765,765
tailored-article,ablation,article,syntax-absent-extras,,,4308,parse,12511.680453431372,5551.167628522357,0.4470540812067315,0.43806789230311904,0.4510686261451127,6,"[0.4464284122221464, 0.44822948261149426]",True,True,5628,5628
tailored-article,ablation,article,syntax-absent-extras,,,4308,render,4383.627403846154,4385.17781556551,0.9972108811788492,0.9913840727094861,1.0161427062030424,6,"[0.999741549145884, 0.9946802132118142]",True,True,5628,5628
tailored-article,ablation,article,syntax-absent-extras,,,4308,fresh,17473.325520833336,10443.940424351094,0.5978162744358395,0.5902444803895496,0.612939697173299,6,"[0.5920084803141336, 0.6013934179483712]",True,True,5628,5628
tailored-article,ablation,article,syntax-absent-extras,,,4308,reuse,16937.25337837838,9956.036764477925,0.5860335717913066,0.5794319412916626,0.6060330239072985,6,"[0.5866100805082685, 0.5854570630743448]",True,True,5628,5628
tailored-docs,ablation,docs,syntax-absent-extras,,,65758,parse,354535.484375,301438.1510416666,0.8493637280869417,0.8339343908599226,0.8638723748159465,6,"[0.851007117522698, 0.8357474753425179]",True,True,182270,182270
tailored-docs,ablation,docs,syntax-absent-extras,,,65758,render,226265.1875,224727.2135416667,0.9927161745414148,0.9754635311897797,1.0099690721544423,6,"[0.993167299290162, 0.9922650497926675]",True,True,182270,182270
tailored-docs,ablation,docs,syntax-absent-extras,,,65758,fresh,585136.390625,530355.46875,0.9053882691633954,0.8867160303055925,0.9207995080449517,6,"[0.9037425895038379, 0.9090302732779413]",True,True,182270,182270
tailored-docs,ablation,docs,syntax-absent-extras,,,65758,reuse,586491.2109375,523070.9609375,0.8931645557656076,0.8878607392831505,0.8998733850444873,6,"[0.8947958974126605, 0.8896206817448893]",True,True,182270,182270
tailored-mdx-docs,ablation,mdx-docs,syntax-absent-extras,,,4163,parse,35330.65625,29674.360795454544,0.8445016409965033,0.8204911191801557,0.857288612218238,6,"[0.8470815405210199, 0.8419217414719866]",True,True,8096,8096
tailored-mdx-docs,ablation,mdx-docs,syntax-absent-extras,,,4163,render,5411.1070079944,5400.934940732759,0.9994353100937563,0.9912685621481324,1.0084533068549504,6,"[0.9987270369402254, 1.0003124453220686]",True,True,8096,8096
tailored-mdx-docs,ablation,mdx-docs,syntax-absent-extras,,,4163,fresh,41002.400390625,35608.90451388889,0.8664328362125971,0.8603050598551317,0.8840288891978634,6,"[0.8720744826476093, 0.860791189777585]",True,True,8096,8096
tailored-mdx-docs,ablation,mdx-docs,syntax-absent-extras,,,4163,reuse,40255.494140625,35024.522569444445,0.8696364548247428,0.8534643048761118,0.8759941200202932,6,"[0.8731404213931975, 0.8646961869915588]",True,True,8096,8096
