case,profile,category,mode,baseline_ns_per_document,candidate_ns_per_document,baseline_over_candidate_median,baseline_over_candidate_min,baseline_over_candidate_max,pairs,round_medians
comment-ack,gfm,comments,fresh,356.84812000570776,344.4211260330579,1.0366599085781192,1.0252226271134415,1.0431654783181021,9,"[1.029450429815929, 1.0366599085781192, 1.037707012077893]"
comment-ack,gfm,comments,reuse,78.36168437382474,68.96724491062562,1.1365224606887852,1.1327108812273334,1.1390537635396452,9,"[1.1354410834222997, 1.1359002221844479, 1.138236206522709]"
comment-ack,gfm,comments,parse,51.05808676386506,44.656924227540635,1.1437482248496484,1.1391724911770744,1.1457291548727053,9,"[1.144912093766649, 1.1402636793882732, 1.1441301425780468]"
comment-ack,gfm,comments,render,28.84422375798971,27.272030834169538,1.058308079475864,1.0558549371933093,1.0643578639401556,9,"[1.0598323684781625, 1.058536394115556, 1.0562796643341192]"
comment-question,gfm,comments,fresh,371.222869655582,364.39889062955405,1.01856552795487,1.013754239768648,1.0223574870654832,9,"[1.01856552795487, 1.013920314456781, 1.0212381731250675]"
comment-question,gfm,comments,reuse,98.95781794252692,90.44156733830125,1.0941630143623031,1.0682217358387667,1.1083344054349715,9,"[1.103274512530019, 1.0920506528641116, 1.0953464097511902]"
comment-question,gfm,comments,parse,69.08899066091954,60.03527799788695,1.151589699629518,1.148067252162879,1.1585389482065875,9,"[1.151589699629518, 1.1511997876688649, 1.1525799487415835]"
comment-question,gfm,comments,render,31.005013920236117,31.61812422548747,0.9804364922973168,0.9780480807513195,0.9844413248582413,9,"[0.981655024701603, 0.9801973538122303, 0.9798910123615366]"
comment-review,gfm,comments,fresh,442.62168141592923,426.6558233788396,1.0382413304073996,1.004798465303214,1.0467667156183205,9,"[1.039729705048492, 1.0335764336431617, 1.0382413304073996]"
comment-review,gfm,comments,reuse,167.28565276291144,150.74573863636363,1.1102363518859646,1.1024400600507225,1.1111199508996363,9,"[1.1097206081987248, 1.1104276230886494, 1.1102363518859646]"
comment-review,gfm,comments,parse,120.37776814943193,101.93109712596821,1.1807731730633517,1.179288996192109,1.1879273501942926,9,"[1.1807731730633517, 1.182465687035038, 1.1795271839802515]"
comment-review,gfm,comments,render,48.6644715712228,49.88368076339838,0.9754431652410688,0.9706897053018168,0.9871791085923137,9,"[0.9749061653869145, 0.9776340683444826, 0.9754431652410688]"
comment-links,gfm,comments,fresh,765.3421243880049,659.4736286919831,1.1598551179802923,1.1301495801669192,1.1982553844427377,9,"[1.1892369154501004, 1.1619764502186292, 1.1441840060767052]"
comment-links,gfm,comments,reuse,471.461691647813,372.8179522069788,1.267340774489915,1.253352721413867,1.2807286523417478,9,"[1.2608815759941034, 1.2663658502157047, 1.2706580498798772]"
comment-links,gfm,comments,parse,331.42213589981446,275.07076457645763,1.2053939200999149,1.2027674431761233,1.2247758461193963,9,"[1.2053939200999149, 1.2030187024595855, 1.206881630214125]"
comment-links,gfm,comments,render,137.23672475301865,93.74404572210558,1.4660205049866353,1.438595831104776,1.4703151107831278,9,"[1.4660205049866353, 1.4671087992943868, 1.4612683783190696]"
comment-checklist,gfm,comments,fresh,846.095145466847,789.3962476325758,1.0719718991749874,1.055544124752428,1.085471633961923,9,"[1.0661174023722104, 1.0719718991749874, 1.0773604538645483]"
comment-checklist,gfm,comments,reuse,560.203853046595,509.5157141401793,1.101506361983938,1.0924106574346735,1.1192851613266097,9,"[1.093246026782139, 1.1025195987489138, 1.1042388381395971]"
comment-checklist,gfm,comments,parse,434.2402669270833,401.43877407704656,1.081730103351465,1.0723350528260387,1.1150688504259108,9,"[1.0750072922129146, 1.080050655661517, 1.0863740118695657]"
comment-checklist,gfm,comments,render,120.47169549922899,106.23138597348517,1.133726273448299,1.1303205750089522,1.1418398160384202,9,"[1.1370060022622228, 1.1335009599164527, 1.1332283339784548]"
comment-quote,gfm,comments,fresh,531.2843046111348,507.0262951135442,1.0489382756308332,1.0297392541604558,1.083626453917953,9,"[1.0506126215152247, 1.0591608270444477, 1.0300826785317718]"
comment-quote,gfm,comments,reuse,235.7441130020743,214.09715383627332,1.1024249829503359,1.0982343760124116,1.1106661959525448,9,"[1.1096122850119472, 1.1072447661185552, 1.1021289031876733]"
comment-quote,gfm,comments,parse,176.75197052170225,159.66208817520112,1.1070859260047472,1.0982581220093104,1.1135779916203845,9,"[1.1029710639642998, 1.1125501860179376, 1.1082820246999296]"
comment-quote,gfm,comments,render,60.33298095019786,56.657238646149665,1.0644413561300514,1.0588032089926769,1.073346095818174,9,"[1.0641106900904678, 1.0659791160290333, 1.0660798380487775]"
comment-unicode,gfm,comments,fresh,676.6274519751082,658.5955446522655,1.027846220374,1.022600560605243,1.034291814311172,9,"[1.0314221408092952, 1.023148322987494, 1.0289250339707319]"
comment-unicode,gfm,comments,reuse,391.9303487460815,372.7599787567084,1.0508446455689466,1.046326859523256,1.0588600328549298,9,"[1.0527500860253654, 1.048450829847776, 1.0488036412963726]"
comment-unicode,gfm,comments,parse,286.11567505720825,274.2594730203992,1.0433870032493804,1.039678557910195,1.0447027053290563,9,"[1.043428463297183, 1.0422279014468845, 1.0433870032493804]"
comment-unicode,gfm,comments,render,103.69440988637307,99.45250725877018,1.0426418599652707,1.0393775477687783,1.0513142954239418,9,"[1.0426418599652707, 1.0448877388716893, 1.0412741792554867]"
comment-inline-code,gfm,comments,fresh,513.2068452380952,492.6271670606777,1.0409375713422213,1.0326593758557572,1.0632202091144227,9,"[1.0343181893194595, 1.0409375713422213, 1.057120301079024]"
comment-inline-code,gfm,comments,reuse,232.87671703296704,213.4867443647541,1.090489251990928,1.0683749140355991,1.1011176931756241,9,"[1.0844448297782228, 1.0951712620676344, 1.0948272503572203]"
comment-inline-code,gfm,comments,parse,143.50775869490357,126.2373933404019,1.1372751933540701,1.1270793898087117,1.140745757649662,9,"[1.1387335789794835, 1.1359554235770974, 1.1369218149413567]"
comment-inline-code,gfm,comments,render,90.68576817060786,86.74594899375434,1.0517721191922567,1.0429034783292406,1.0649677546484657,9,"[1.0599336773946013, 1.04374774845194, 1.0534642841300426]"
comment-reproduction,gfm,comments,fresh,550.5914657639806,531.1255442863212,1.0396791320867371,0.8865763009314047,1.78111433891027,9,"[1.0338207145340323, 1.0396791320867371, 1.0401386236939019]"
comment-reproduction,gfm,comments,reuse,275.8764618270079,255.0420491636067,1.0810185747196859,1.0515646944587782,1.0833399347301678,9,"[1.0800287226072358, 1.0823647656762216, 1.0810185747196859]"
comment-reproduction,gfm,comments,parse,183.88527416151808,171.95291007565336,1.0707188645711496,1.066007745007474,1.0796699642821908,9,"[1.0745809168958735, 1.0707188645711496, 1.0687172820722735]"
comment-reproduction,gfm,comments,render,95.03951269575795,85.89384232222604,1.0945277724904439,1.0906067163337199,1.112365323302909,9,"[1.108397205890203, 1.0923871702367969, 1.093375564627306]"
comment-table,gfm,comments,fresh,1389.5572916666667,1325.1442664194915,1.0503609189804664,1.0417249545880098,1.0695326352482206,9,"[1.0449896577957942, 1.0503609189804664, 1.0586661488252298]"
comment-table,gfm,comments,reuse,1108.0879096545616,1043.5947934056762,1.0610335402937559,1.0558498627527007,1.068144280266314,9,"[1.0667384649151652, 1.0610335402937559, 1.058082352544231]"
comment-table,gfm,comments,parse,894.8293097281831,840.2664020497311,1.0645733388527583,1.056313832741679,1.067773409634258,9,"[1.06500759742799, 1.0657803546997713, 1.0587917947853045]"
comment-table,gfm,comments,render,199.32462731186226,191.08008081155432,1.04133623699067,1.0294742863940618,1.0624053277436558,9,"[1.0529554210074483, 1.0386879313915287, 1.0405505361030116]"
comment-review-long,gfm,comments,fresh,1056.9900940405748,950.4723594224924,1.1117891453160924,1.1081219499891288,1.1227006877813794,9,"[1.108393239025455, 1.1222025377389302, 1.1088017269443027]"
comment-review-long,gfm,comments,reuse,779.3597546728972,675.9966216216217,1.1520729754860837,1.1484923071856696,1.1581779488760389,9,"[1.1555264086721948, 1.149994050262126, 1.1520729754860837]"
comment-review-long,gfm,comments,parse,604.128291062802,517.4784250827814,1.16850275399585,1.1378035331130318,1.1775928565787506,9,"[1.160887696174388, 1.1711161514134905, 1.1683286076378714]"
comment-review-long,gfm,comments,render,170.6180565033438,157.0924737685348,1.0859886643967818,1.0408824665408505,1.0900511484082724,9,"[1.0864881056638032, 1.0847831080903616, 1.0725454466876034]"
comment-incident,gfm,comments,fresh,1729.503457814661,1643.1590423784494,1.0558040713555201,1.0374275963294106,1.0692775342660645,9,"[1.0558040713555201, 1.0421745157836728, 1.0680600071021251]"
comment-incident,gfm,comments,reuse,1422.4675412400454,1319.6133966244727,1.0780908102158493,1.0740325536910362,1.0802121358395391,9,"[1.074871287506948, 1.0780908102158493, 1.07934258557766]"
comment-incident,gfm,comments,parse,1053.8691817607414,969.6130087209302,1.087824242538402,1.07929291891123,1.1065192157224357,9,"[1.0914117534971584, 1.087824242538402, 1.085996482998029]"
comment-incident,gfm,comments,render,349.62685262863533,336.1780300484001,1.0325307572596705,1.0010551003539314,1.1196434491164151,9,"[1.0115848160193015, 1.028354749602413, 1.1184182128880218]"
guard-angle-link,commonmark,syntax-guard,fresh,491.0465190494894,469.4142384572072,1.0474066428484234,1.006313378644332,1.0853374561246432,9,"[1.0386104540150707, 1.0474066428484234, 1.071949777205531]"
guard-angle-link,commonmark,syntax-guard,reuse,212.43163232795243,193.77204115640987,1.0983977755049545,1.0915867866655047,1.1500783021521224,9,"[1.1014931751799555, 1.0975427166592957, 1.0983977755049545]"
guard-angle-link,commonmark,syntax-guard,parse,164.17466759684834,153.9692695504926,1.0675076332198306,1.0632167620328983,1.091681225084543,9,"[1.0676996219035222, 1.065148651648622, 1.0645330532956345]"
guard-angle-link,commonmark,syntax-guard,render,48.78247307527217,38.58857703407618,1.2644906252748085,1.2593665513024388,1.2689088746343349,9,"[1.2663909421794879, 1.2644906252748085, 1.262970685740824]"
legacy-contributing,gfm,technical-docs,fresh,12450.598081683169,11238.130301339286,1.1064056547703438,1.1036591936688431,1.124567321434507,9,"[1.114897580686678, 1.1055448005007629, 1.1064056547703438]"
legacy-contributing,gfm,technical-docs,reuse,12098.6953125,10802.633351293103,1.1166925066785354,1.1113497982409035,1.1271506832235392,9,"[1.1130208683810725, 1.125786806656792, 1.1155152076875492]"
legacy-contributing,gfm,technical-docs,parse,8536.582482993197,7647.508574695122,1.1164871463842192,1.1043317750264665,1.132317776525647,9,"[1.1146252623756574, 1.1201188226882046, 1.1164871463842192]"
legacy-contributing,gfm,technical-docs,render,3451.292097107438,3090.5993055555555,1.1175166992860708,1.1029968896760671,1.119481241031613,9,"[1.118404306639469, 1.1190596875017167, 1.111768123530439]"
legacy-node-ferromark-readme,gfm,readme,fresh,12412.348081683169,10665.287341101695,1.1640994217648701,1.1474700965423645,1.1691547539202791,9,"[1.167724526921321, 1.1604832013611048, 1.1640994217648701]"
legacy-node-ferromark-readme,gfm,readme,reuse,12002.157738095239,10335.883780991735,1.1643024711671115,1.1537826784159335,1.1794712883532774,9,"[1.1643024711671115, 1.1748562783990504, 1.1538416059160665]"
legacy-node-ferromark-readme,gfm,readme,parse,7532.363704819277,6258.1640625,1.2039632266496467,1.1929892748874746,1.2069583362216543,9,"[1.2044204987518947, 1.1988101979845092, 1.2060812968463799]"
legacy-node-ferromark-readme,gfm,readme,render,4403.742077464789,3878.966718266254,1.1367427642414314,1.1345622665950306,1.165997128967569,9,"[1.1591991802975632, 1.1353409505578087, 1.135787474001464]"
legacy-docs-migration-0-2,gfm,technical-docs,fresh,2964.9085456161138,2862.9952088100686,1.034373392870407,1.026610189068264,1.038460453885543,9,"[1.0306957743410623, 1.034373392870407, 1.0384019894841006]"
legacy-docs-migration-0-2,gfm,technical-docs,reuse,2658.848593418259,2543.4451219512193,1.0495421655292474,1.0399109444955257,1.0577817209556377,9,"[1.0449336708306856, 1.0508791591042095, 1.046160437773768]"
legacy-docs-migration-0-2,gfm,technical-docs,parse,1468.4504474765258,1378.9550716648291,1.0633467399034227,1.0610319954740404,1.0993676054690888,9,"[1.0611352813431774, 1.068980921044055, 1.0643469600867457]"
legacy-docs-migration-0-2,gfm,technical-docs,render,1182.3876713137997,1114.15627785205,1.0602426700125744,1.0573171799701073,1.071435261961111,9,"[1.060180277286062, 1.0603883667359595, 1.0622181626803475]"
legacy-docs-migration-0-3,gfm,technical-docs,fresh,3614.233291184971,3377.502358490566,1.0694953517015169,1.0625911313461058,1.0917286666848827,9,"[1.0658147999331105, 1.0722163679330163, 1.0667565870570788]"
legacy-docs-migration-0-3,gfm,technical-docs,reuse,3298.726748021108,3081.4572044334977,1.0724285916649354,1.0593820233532991,1.0760605274100636,9,"[1.075168583390454, 1.0599234928468577, 1.0724321953545624]"
legacy-docs-migration-0-3,gfm,technical-docs,parse,1946.2946150855366,1783.8244472182596,1.0928045672920106,1.085726458533148,1.1040689133606112,9,"[1.091140586118508, 1.0931487677242882, 1.1019496095866754]"
legacy-docs-migration-0-3,gfm,technical-docs,render,1327.026108014862,1266.0717674595141,1.0469986911720213,1.0385144179680637,1.057203618640994,9,"[1.0464500352249926, 1.049392147732962, 1.0454191033921976]"
legacy-docs-migration-0-4,gfm,technical-docs,fresh,8727.683810763889,7966.510748407643,1.095455155055202,1.0919694760038228,1.1014050881050772,9,"[1.0921505414367019, 1.0981574376471979, 1.0977237661077532]"
legacy-docs-migration-0-4,gfm,technical-docs,reuse,8177.661968954249,7345.3338815789475,1.1163572823355217,1.1073679318766196,1.1248447581459184,9,"[1.1177513055652744, 1.1172982330538337, 1.113715477316327]"
legacy-docs-migration-0-4,gfm,technical-docs,parse,5047.846270161291,4443.89960106383,1.1359046610667984,1.130798121312218,1.1382659533131478,9,"[1.133039790225789, 1.1359046610667984, 1.1375514554698956]"
legacy-docs-migration-0-4,gfm,technical-docs,render,3067.2902879901962,2856.6965610730595,1.0717654287109186,1.0453426266060977,1.08860988525893,9,"[1.0821634690064652, 1.0763945085752984, 1.0611252104354911]"
legacy-docs-migration-0-8,gfm,technical-docs,fresh,3539.47448799435,3375.61775606469,1.0483835486307018,1.0241014124233714,1.05854693215877,9,"[1.0561822398509912, 1.0476453834708865, 1.045687301733057]"
legacy-docs-migration-0-8,gfm,technical-docs,reuse,3232.9013242894057,3053.8935213414634,1.059819276449514,1.0572836322016372,1.148271132320861,9,"[1.0595736614398032, 1.130325741528101, 1.059819276449514]"
legacy-docs-migration-0-8,gfm,technical-docs,parse,1830.5366032210834,1696.1399898373984,1.0837839815875312,1.0715814886957427,1.0976065946319518,9,"[1.081318694823735, 1.082404099433282, 1.087194461366262]"
legacy-docs-migration-0-8,gfm,technical-docs,render,1382.80672704646,1324.5015227754238,1.0443926298609365,1.0386076734075194,1.052488234249335,9,"[1.0444687963862116, 1.0414994355157137, 1.0459513972487904]"
legacy-docs-releasing,gfm,technical-docs,fresh,5999.464264354067,5651.704532657658,1.0595588542680097,1.056072094000553,1.0719097181864092,9,"[1.062369652205281, 1.0595588542680097, 1.0583250350067888]"
legacy-docs-releasing,gfm,technical-docs,reuse,5580.862222222222,5242.280073221757,1.0616217095613982,1.0548786223590163,1.0758168289651724,9,"[1.0616217095613982, 1.0557462873082524, 1.0687345996962898]"
legacy-docs-releasing,gfm,technical-docs,parse,3627.2078804347825,3471.108898891967,1.0464083188968492,1.0384775411046032,1.071310113711024,9,"[1.039384129987533, 1.0595774617040148, 1.0464083188968492]"
legacy-docs-releasing,gfm,technical-docs,render,1917.8529524539877,1722.613205922865,1.1137611618309575,1.1115120749754923,1.1152629580970128,9,"[1.1150943792030557, 1.1123075301457368, 1.1138997583302066]"
legacy-docs-readme-theme,gfm,technical-docs,fresh,3107.6658653846152,2764.8690673289184,1.1248564615497694,1.1200689739705239,1.131585076062688,9,"[1.125721569388344, 1.1210705500330345, 1.1278296707239719]"
legacy-docs-readme-theme,gfm,technical-docs,reuse,2785.547744988864,2427.4802791262136,1.1480438100251857,1.1444158907084965,1.1522870775608032,9,"[1.1492396032153407, 1.1486619041475943, 1.1449973908211415]"
legacy-docs-readme-theme,gfm,technical-docs,parse,1874.1267309131736,1633.3955205613577,1.1608098357527068,1.1328663043104326,1.1963706863803338,9,"[1.162921291009437, 1.1437047985377675, 1.1895736954438825]"
legacy-docs-readme-theme,gfm,technical-docs,render,920.54320732156,808.0756015826873,1.1383820502391393,1.1334221307018788,1.142590557816453,9,"[1.136324941578774, 1.1394232148573131, 1.1395454229869428]"
legacy-docs-markdown-extensions,gfm,technical-docs,fresh,4721.098702830189,4279.810153583618,1.1029529976621102,1.0884847041900536,1.1092666507804123,9,"[1.0987773628385458, 1.100424284728839, 1.1033832464146258]"
legacy-docs-markdown-extensions,gfm,technical-docs,reuse,4372.4595716783215,3958.6959058544303,1.1029099337339088,1.0971925244583407,1.1148460079796594,9,"[1.1025919299688482, 1.1055322103485545, 1.1011303568698632]"
legacy-docs-markdown-extensions,gfm,technical-docs,parse,2828.227920428894,2517.309607645875,1.123898515727732,1.1164168748693937,1.147094738969858,9,"[1.1224968173177412, 1.123898515727732, 1.1260071814995096]"
legacy-docs-markdown-extensions,gfm,technical-docs,render,1502.219650360144,1393.1928939309578,1.0787671468853768,1.070441386973263,1.0827659739549644,9,"[1.0787671468853768, 1.080169152614154, 1.0762748351599158]"
legacy-docs-mdx,gfm,technical-docs,fresh,9103.770380434782,8201.771854575163,1.1120704033185593,1.080333649953125,1.1349485682707998,9,"[1.1045628761343054, 1.1103865617070168, 1.1131297516248362]"
legacy-docs-mdx,gfm,technical-docs,reuse,8689.670138888889,7759.428047839506,1.1213047517000938,1.1069376647134452,1.1282096192739173,9,"[1.1159070241890634, 1.123375731726863, 1.1231294036272772]"
legacy-docs-mdx,gfm,technical-docs,parse,5774.325460829493,5021.31438253012,1.1527927235390167,1.1216553754607061,1.1599163636474326,9,"[1.1499629421569793, 1.1474546873432305, 1.1564957361995822]"
legacy-docs-mdx,gfm,technical-docs,render,2819.8520551801803,2632.5384210526317,1.0705238255267264,1.0693642676750692,1.0732071603304245,9,"[1.0702636097772613, 1.0697219108390708, 1.0717394390351904]"
legacy-docs-readme,gfm,readme,fresh,5429.174648268398,4696.951076779026,1.155893378389519,1.1240536534278898,1.16448560890617,9,"[1.155893378389519, 1.1533355185416516, 1.1570883361069162]"
legacy-docs-readme,gfm,readme,reuse,5103.289795918367,4376.939466783217,1.1666299907558797,1.1533322251528015,1.1688200027187845,9,"[1.1667940720668244, 1.1682442669314546, 1.1556554353546944]"
legacy-docs-readme,gfm,readme,parse,3750.023390718563,3253.30762987013,1.1497484441640275,1.1381785368832615,1.1657757600145124,9,"[1.1492497260166457, 1.1534184297188597, 1.1497484441640275]"
legacy-docs-readme,gfm,readme,render,1308.8661414748954,1099.6935466138962,1.1894245650028417,1.1800597039182554,1.2110518353324107,9,"[1.1947261805389366, 1.1811592991424726, 1.1902098957523846]"
legacy-docs-adr-readme-theme-composition,gfm,technical-docs,fresh,2046.755677168576,1852.4884259259259,1.1071775397443966,1.0877478741810243,1.1108831973890658,9,"[1.1071775397443966, 1.1061872494110607, 1.109916319689168]"
legacy-docs-adr-readme-theme-composition,gfm,technical-docs,reuse,1728.398739640884,1538.795049200492,1.1238188935613582,1.1060583637036976,1.129992274129339,9,"[1.1226453220222379, 1.115947802402532, 1.1239011080581787]"
legacy-docs-adr-readme-theme-composition,gfm,technical-docs,parse,1076.4464285714287,928.3370916852265,1.157815966056926,1.1439790627854938,1.1686500753365274,9,"[1.1492742446224955, 1.1600183385505012, 1.1469442945796422]"
legacy-docs-adr-readme-theme-composition,gfm,technical-docs,render,646.0828544679752,599.4782927852349,1.0755919241013823,1.0521484979035902,1.0811153409655774,9,"[1.0749151323728934, 1.078485585250309, 1.0724380419853499]"
rust-book-ch03-04-comments,gfm,technical-docs,fresh,1082.9195887445887,844.5025953747468,1.2844311425417618,1.2782773793485183,1.295846968776744,9,"[1.280981749796354, 1.292207483346826, 1.2844311425417618]"
rust-book-ch03-04-comments,gfm,technical-docs,reuse,766.9526364193746,531.3141866765831,1.4398512610237422,1.4293973557923572,1.4453781467745732,9,"[1.443660543400645, 1.4395345154120331, 1.438236840166931]"
rust-book-ch03-04-comments,gfm,technical-docs,parse,531.414351359966,351.7746289392234,1.5207629766524433,1.4782607840599853,1.5301461482692067,9,"[1.5293549547427272, 1.5207629766524433, 1.5136814103507927]"
rust-book-ch03-04-comments,gfm,technical-docs,render,227.60359776078644,173.89331971488178,1.3078780799083958,1.2932289408164934,1.3518864854607744,9,"[1.317576102465021, 1.3078780799083958, 1.3046593243539972]"
rust-book-appendix-02-operators,gfm,reference,fresh,55404.32472826087,53150.174479166664,1.0392188388423025,1.0350088045074215,1.0474997841403848,9,"[1.042407135703182, 1.0392169639186668, 1.0392188388423025]"
rust-book-appendix-02-operators,gfm,reference,reuse,54380.153645833336,52621.311197916664,1.0356958255615478,1.027757705646189,1.0430707138858493,9,"[1.0356958255615478, 1.0310841266164565, 1.0394580338045174]"
rust-book-appendix-02-operators,gfm,reference,parse,45935.825892857145,44454.15732758621,1.0318111873675884,1.0152639677241813,1.0401059166557178,9,"[1.0376913412899247, 1.0328888178122113, 1.031069560536501]"
rust-book-appendix-02-operators,gfm,reference,render,8064.820512820513,7654.408155487805,1.0576957047769402,1.045323205309076,1.0618545614854038,9,"[1.0616432148050057, 1.0576957047769402, 1.0486802479788397]"
rust-book-ch00-00-introduction,gfm,technical-docs,fresh,15687.630078125,14763.036029411765,1.052621860942604,1.0409629434199903,1.0718985754461094,9,"[1.061289496747864, 1.0471792865063092, 1.0718290166889033]"
rust-book-ch00-00-introduction,gfm,technical-docs,reuse,15164.611822289156,14228.870738636364,1.0634363005897722,0.9390250819808942,1.0845743464252382,9,"[1.046486630247671, 1.0616398173150021, 1.0799364905871536]"
rust-book-ch00-00-introduction,gfm,technical-docs,parse,12480.198019801981,11671.62181712963,1.067800994877,1.0579103553461666,1.08029312013968,9,"[1.0594015208246665, 1.0728534728243524, 1.0712057608174856]"
rust-book-ch00-00-introduction,gfm,technical-docs,render,2644.759778012685,2513.7712098393577,1.0514626144181705,1.0435871472160885,1.063206260224571,9,"[1.0480381713053466, 1.0527584978094662, 1.0542384505335285]"
rust-book-ch17-00-async-await,gfm,technical-docs,fresh,8901.57734929078,8524.925595238095,1.040069581493947,1.0114088226718405,1.0601149082077925,9,"[1.0389222805661902, 1.040069581493947, 1.0462712956210463]"
rust-book-ch17-00-async-await,gfm,technical-docs,reuse,8298.056291390729,7912.884098101265,1.0503432451514076,1.0431421780299006,1.0556541030421749,9,"[1.0506643906344886, 1.046305281721913, 1.0502220113978276]"
rust-book-ch17-00-async-await,gfm,technical-docs,parse,6640.321759259259,6228.583644278607,1.0666071376249175,1.0559518217946362,1.0695716547246488,9,"[1.0573221085740023, 1.0666071376249175, 1.068640018148959]"
rust-book-ch17-00-async-await,gfm,technical-docs,render,1588.6624444091487,1567.8307095864661,1.0136774767913965,1.0058843987153943,1.0178498407946277,9,"[1.0136774767913965, 1.012056380665626, 1.0159555575103383]"
vue-docs-ways-of-using-vue,gfm,technical-docs,fresh,7450.730096726191,6126.670426829268,1.216412607923262,1.213197897118807,1.2430802767660645,9,"[1.2148763631835997, 1.216412607923262, 1.2182029377897519]"
vue-docs-ways-of-using-vue,gfm,technical-docs,reuse,7053.904845505618,5734.153956422018,1.228704200876907,1.1937552197052614,1.2341014718181351,9,"[1.230638252232036, 1.2303677349298503, 1.2272817959402198]"
vue-docs-ways-of-using-vue,gfm,technical-docs,parse,4486.9418682795695,3532.816913841808,1.2676924600626656,1.2605106050339294,1.2847304413872647,9,"[1.2791293735673532, 1.2695728242244906, 1.264241056005088]"
vue-docs-ways-of-using-vue,gfm,technical-docs,render,2536.0727053752535,2147.0326972555745,1.185769122505691,1.1578282473233836,1.2326594663109667,9,"[1.185769122505691, 1.1597163902427707, 1.2078233354985386]"
vue-docs-suspense,gfm,technical-docs,fresh,11200.29994419643,10097.015625,1.1158949370116347,1.0923535299413916,1.1216829425430497,9,"[1.0926467188594813, 1.1195309385619603, 1.1168539410248535]"
vue-docs-suspense,gfm,technical-docs,reuse,10704.449252136752,9508.69034090909,1.1241843021882025,1.10965847011883,1.1320971692801742,9,"[1.1225160318111747, 1.1279110335970188, 1.1241843021882025]"
vue-docs-suspense,gfm,technical-docs,parse,6018.867638221154,5116.018239795919,1.173813256826295,1.1494468487328564,1.184046746440167,9,"[1.1728060992998242, 1.1831577284864556, 1.1708142245316042]"
vue-docs-suspense,gfm,technical-docs,render,4581.950091575091,4299.403028350515,1.0655507223794443,1.0615062443931473,1.0711302078815925,9,"[1.0634158729255572, 1.0620777127374723, 1.0665760747231965]"
vue-docs-slots,gfm,technical-docs,fresh,37824.602022058825,24262.119591346152,1.5630613770055672,1.5474426105334558,1.5783370030263206,9,"[1.5580047857171473, 1.5665965651459632, 1.5531374171947607]"
vue-docs-slots,gfm,technical-docs,reuse,37334.40533088235,23747.19929245283,1.5683189990057387,1.5583071240284592,1.6302525002162742,9,"[1.5774572018191713, 1.5634936612790815, 1.567262998664904]"
vue-docs-slots,gfm,technical-docs,parse,23736.51238207547,13370.318151595744,1.7758184136496238,1.7443204091941538,1.7912462788368462,9,"[1.7711428950209638, 1.7698144093058805, 1.7815472743669594]"
vue-docs-slots,gfm,technical-docs,render,13326.615026595744,10148.552923387097,1.3131542129405345,1.3095489189614369,1.3281111311116216,9,"[1.3131542129405345, 1.3097739859360458, 1.3167854354209945]"
vue-docs-reactivity-in-depth,gfm,technical-docs,fresh,31629.58984375,23184.027777777777,1.3582654324584746,1.3132806671687403,1.3723669426065968,9,"[1.3583051343591859, 1.3644726263431497, 1.3462229192458754]"
vue-docs-reactivity-in-depth,gfm,technical-docs,reuse,30657.615091463416,22480.23604910714,1.3636964452169293,1.3578814235620689,1.3830111583495857,9,"[1.362745175342625, 1.3636964452169293, 1.3673641435966197]"
vue-docs-reactivity-in-depth,gfm,technical-docs,parse,20446.99243951613,14081.138693820225,1.4524921598300147,1.4213588033747848,1.4567167680750748,9,"[1.4500468906348858, 1.4520837330073086, 1.4529692814555755]"
vue-docs-reactivity-in-depth,gfm,technical-docs,render,9916.492372047243,8162.523741883117,1.215683014870035,1.213313046294415,1.2441864109581886,9,"[1.2167383935304505, 1.236446190681096, 1.2148530127256485]"
vite-docs-philosophy,gfm,technical-docs,fresh,4589.156936813187,3565.1115562678065,1.2911620189802682,1.27806414156197,1.2948941765989646,9,"[1.2795108583070278, 1.2941045793779475, 1.2913837705641482]"
vite-docs-philosophy,gfm,technical-docs,reuse,4293.767016267123,3248.5186688311687,1.318985899716561,1.3146936464127645,1.325407192911065,9,"[1.3231716110129672, 1.323780119901042, 1.316915543871463]"
vite-docs-philosophy,gfm,technical-docs,parse,2658.3399681528663,1889.5589123867069,1.407025451324611,1.3950695417940484,1.4211252544579895,9,"[1.4035197589300792, 1.407025451324611, 1.415732600058528]"
vite-docs-philosophy,gfm,technical-docs,render,1583.3893591772153,1320.9312302006335,1.1984586103061003,1.1831428199461602,1.2028055220218326,9,"[1.1850886252020412, 1.2023802048937209, 1.2005994961719035]"
vite-docs-performance,gfm,technical-docs,fresh,10600.536281779661,9194.996553308823,1.1517451059403434,1.1472318474918344,1.1601197014171638,9,"[1.1531329456516828, 1.1515632378537661, 1.1564512234536435]"
vite-docs-performance,gfm,technical-docs,reuse,10165.967987804877,8752.658872377622,1.1612888055871908,1.1566815938385961,1.1646607999726124,9,"[1.1612888055871908, 1.158376171127987, 1.161985716160049]"
vite-docs-performance,gfm,technical-docs,parse,6806.463654891304,5784.700316820276,1.1749703083530287,1.1682352075375462,1.183246210157755,9,"[1.1815937010527366, 1.1749703083530287, 1.1714137435607486]"
vite-docs-performance,gfm,technical-docs,render,3306.144129287599,2935.0578051643192,1.1310463352866424,1.1230761641829312,1.1400373827145724,9,"[1.130448187706458, 1.1310463352866424, 1.1312957085716022]"
vite-docs-api-plugin,gfm,reference,fresh,80246.501953125,67983.48355263157,1.2119633532749219,1.0910320220770913,1.263701241799003,9,"[1.1879482127170313, 1.2210628788174482, 1.2119633532749219]"
vite-docs-api-plugin,gfm,reference,reuse,80654.37890625,65397.5265625,1.2436492488528803,1.1388354490717796,1.2803270548640555,9,"[1.2674776872424136, 1.2436492488528803, 1.2039026583295185]"
vite-docs-api-plugin,gfm,reference,parse,56783.797554347824,47981.67361111111,1.182158813391561,1.1602611696713476,1.1875328492654673,9,"[1.182158813391561, 1.1755884732113595, 1.1849450431352218]"
vite-docs-api-plugin,gfm,reference,render,15325.949695121952,13275.534539473685,1.1467763313015154,1.1331141760240282,1.200786331967913,9,"[1.1370267657797972, 1.175542194303622, 1.1848120638591375]"
vite-docs-features,gfm,technical-docs,fresh,78991.2109375,61045.69642857143,1.2909828320891332,1.1241125310989657,1.3107495004048053,9,"[1.291696066177673, 1.1326129698656668, 1.3043179961089495]"
vite-docs-features,gfm,technical-docs,reuse,78184.0,60314.049107142855,1.3027350218653486,1.2219993932550592,1.3639539301649084,9,"[1.3212034765733056, 1.3027350218653486, 1.302549781832606]"
vite-docs-features,gfm,technical-docs,parse,46560.13773148148,36124.06964285715,1.2884391393790242,1.2460409077598698,1.301365088779621,9,"[1.2761202349195506, 1.289959361562789, 1.2831679945884913]"
vite-docs-features,gfm,technical-docs,render,26099.067057291668,18826.24020522388,1.3777363004393592,1.2532030604551774,1.4679832235051464,9,"[1.3767056614258775, 1.4479374962961422, 1.3645519266253696]"
typescript-handbook-the-handbook,gfm,technical-docs,fresh,6814.219599184783,5745.353067660551,1.1864033526880484,1.1800769820940997,1.1994671450373093,9,"[1.1854683004331832, 1.1874024303314126, 1.1867217692331482]"
typescript-handbook-the-handbook,gfm,technical-docs,reuse,6225.085509950249,5178.3961776859505,1.2023881459808947,1.1846713588572926,1.203776181124476,9,"[1.2028360162641207, 1.2011973619348348, 1.2023881459808947]"
typescript-handbook-the-handbook,gfm,technical-docs,parse,4584.673534798535,3736.0347014925374,1.2271530112064257,1.2173967861793857,1.2350887647696762,9,"[1.2253357539696728, 1.2332727581099046, 1.2271530112064257]"
typescript-handbook-the-handbook,gfm,technical-docs,render,1593.43650477707,1396.215541294643,1.1396240018995007,1.1191659073619669,1.1499525997204008,9,"[1.1396240018995007, 1.1230186023877855, 1.1498098751357626]"
typescript-handbook-advanced-types,gfm,reference,fresh,63313.4109375,51731.1975,1.220609784016628,1.1883799601603466,1.525694572896285,9,"[1.216009808197933, 1.490968213084577, 1.2160183383951015]"
typescript-handbook-advanced-types,gfm,reference,reuse,61351.93452380953,50876.14625,1.2052519778432933,1.1266059327170281,1.3021613587253893,9,"[1.2052519778432933, 1.2057854557439744, 1.1966453111945348]"
typescript-handbook-advanced-types,gfm,reference,parse,36023.10267857143,29105.135174418603,1.2404190384198814,1.183632741412375,1.3256593217109125,9,"[1.2117057721486693, 1.2509182335319382, 1.2404190384198814]"
typescript-handbook-advanced-types,gfm,reference,render,19205.591382575756,17922.042410714286,1.0712914908968625,1.0503628905722804,1.2213128060342966,9,"[1.0712914908968625, 1.0645721469114717, 1.142066733560979]"
typescript-handbook-compiler-options,gfm,reference,fresh,79996.908203125,79520.587890625,1.0081234358991715,0.9963373194897801,1.0197667216732222,9,"[1.0051063642201745, 1.0109897272665531, 1.0081234358991715]"
typescript-handbook-compiler-options,gfm,reference,reuse,79446.61328125,78749.67578125,1.007515930666545,1.0043167783265075,1.0141686980025024,9,"[1.0074513483602656, 1.0105748148608158, 1.007515930666545]"
typescript-handbook-compiler-options,gfm,reference,parse,22753.03068181818,22585.518973214286,1.009731185187972,0.9987968329270408,1.0132342048183143,9,"[1.009731185187972, 1.011628010796911, 1.0095229762834146]"
typescript-handbook-compiler-options,gfm,reference,render,56613.05434782609,56121.207880434784,1.0102794020910444,0.9869026827687891,1.0211256397071427,9,"[1.0209944441634704, 1.00532503417989, 1.0102794020910444]"
typescript-handbook-typescript-5-0,gfm,technical-docs,fresh,78214.111328125,60862.90922619047,1.2852743144085017,1.2676426732930832,1.3408502454033542,9,"[1.270424929660689, 1.2852743144085017, 1.2978509928051336]"
typescript-handbook-typescript-5-0,gfm,technical-docs,reuse,77149.28125,60289.18601190476,1.2823814900029367,1.2548797362103228,1.318475486680163,9,"[1.2823814900029367, 1.2821357825137545, 1.2924486796756682]"
typescript-handbook-typescript-5-0,gfm,technical-docs,parse,43993.04094827586,34202.24493243243,1.2839631264836902,1.2155043559464846,1.4923335494152183,9,"[1.2940764002180378, 1.2554684129157931, 1.2837509029544576]"
typescript-handbook-typescript-5-0,gfm,technical-docs,render,25693.186862244896,19268.14903846154,1.3406327935027949,1.1367416253516993,1.3743691424109117,9,"[1.139344335850699, 1.3551952554687718, 1.3466854404389648]"
wiki-rainbow-first-paragraph,commonmark,encyclopedia,fresh,1788.6414967811158,1149.0317665289256,1.557343935800235,1.5538845844478906,1.5636241553865413,9,"[1.554172463009957, 1.5566510421068405, 1.5628530839524286]"
wiki-rainbow-first-paragraph,commonmark,encyclopedia,reuse,1476.0659681227862,838.1445836126005,1.7565706527148917,1.7362979247433565,1.7761572364823344,9,"[1.7524537306859254, 1.7746571188124936, 1.7565706527148917]"
wiki-rainbow-first-paragraph,commonmark,encyclopedia,parse,982.5901413982718,501.3558540497193,1.959842936821753,1.9369995301703133,1.9709926082126592,9,"[1.959842936821753, 1.9598656991064647, 1.9436290449087226]"
wiki-rainbow-first-paragraph,commonmark,encyclopedia,render,492.66410559495665,330.82081899973537,1.4851305566506217,1.4642621897818222,1.5465260380445016,9,"[1.4805268605158612, 1.4851305566506217, 1.489026050805424]"
wiki-rainbow-lead,commonmark,encyclopedia,fresh,2668.5934168443496,1680.8950772849462,1.5888413872363278,1.5786738737403283,1.623012146076838,9,"[1.5888413872363278, 1.5916423587428263, 1.580098001040841]"
wiki-rainbow-lead,commonmark,encyclopedia,reuse,2357.1901483050847,1374.203021978022,1.715023882867351,1.6654694495054305,1.7242877672054762,9,"[1.6948819228795278, 1.7153143390065866, 1.7157635585799493]"
wiki-rainbow-lead,commonmark,encyclopedia,parse,1550.868378252788,824.8620547493404,1.8786505431414582,1.8718204719561193,1.8945314138987854,9,"[1.8781654089677102, 1.8864301619351096, 1.8774126942143037]"
wiki-rainbow-lead,commonmark,encyclopedia,render,771.5956392658852,526.683379844145,1.4670675899996315,1.4509893995708296,1.487862665795142,9,"[1.46941450171277, 1.4659570542701756, 1.4681178856165202]"
wiki-rainbow-article-body,commonmark,encyclopedia,fresh,51357.96875,32460.03605769231,1.5894127445916297,1.5472914386887413,1.6416636046129376,9,"[1.5917724567783806, 1.555270158792418, 1.6239806254294429]"
wiki-rainbow-article-body,commonmark,encyclopedia,reuse,51281.40625,31947.49296875,1.608676633121415,1.4971396965515544,1.6259378640395776,9,"[1.6141231509260057, 1.6024927229838628, 1.6029652882299414]"
wiki-rainbow-article-body,commonmark,encyclopedia,parse,32664.496794871793,19621.724609375,1.6614566966515059,1.64600067500748,1.7190917143568052,9,"[1.6614566966515059, 1.7160432357485869, 1.65443198386568]"
wiki-rainbow-article-body,commonmark,encyclopedia,render,16869.54875,11686.295268691589,1.4605752120578324,1.3849822346297587,1.4952877477569413,9,"[1.4828756894807833, 1.4325193350055765, 1.4321549750699458]"
wiki-rainbow-plain-prose,commonmark,plain-prose,fresh,9630.599038461538,9499.792850378788,1.0181184679353152,1.0037620052118925,1.0326566652842721,9,"[1.0251038838462152, 1.0120595932694956, 1.017112957105136]"
wiki-rainbow-plain-prose,commonmark,plain-prose,reuse,9242.560891544117,8968.340848214286,1.0230395327683308,1.0174532331523782,1.0336002694445643,9,"[1.0256131261964623, 1.0325599196421502, 1.0193950081068408]"
wiki-rainbow-plain-prose,commonmark,plain-prose,parse,5878.722857981221,5662.943014705882,1.0399881359711025,1.0341547889652867,1.0442951098952407,9,"[1.042579784175298, 1.0399881359711025, 1.0387401541574712]"
wiki-rainbow-plain-prose,commonmark,plain-prose,render,3265.179667101828,3258.6669921875,0.999422446563641,0.9814740329104686,1.013972837409326,9,"[1.001661918792387, 0.994339361060997, 1.0042816994333967]"
wiki-tea-first-paragraph,commonmark,encyclopedia,fresh,3137.753211152882,1779.8534850640115,1.7620808282499982,1.7310447071878803,1.7698814042361983,9,"[1.7620808282499982, 1.769446698053903, 1.7371871766052525]"
wiki-tea-first-paragraph,commonmark,encyclopedia,reuse,2818.253800675676,1478.7003176713947,1.9082989872595755,1.8989629990150543,1.9208053580931643,9,"[1.9082731196557043, 1.902110615868501, 1.912000899670014]"
wiki-tea-first-paragraph,commonmark,encyclopedia,parse,1917.1392611026033,910.3884188500728,2.103026627239545,2.0648239132917516,2.113125738623084,9,"[2.103525092151632, 2.1022058209925416, 2.109139026516707]"
wiki-tea-first-paragraph,commonmark,encyclopedia,render,900.5776412886969,547.74248521682,1.6394327591176083,1.6339036002694065,1.6500193002049695,9,"[1.6386689541851127, 1.6419660444294781, 1.6391695824183894]"
wiki-tea-lead,commonmark,encyclopedia,fresh,14332.71200284091,7189.27352729885,1.9932856410156685,1.9718511311093667,2.001116042404282,9,"[1.9986935505075374, 1.9910024422100654, 1.9914929662451686]"
wiki-tea-lead,commonmark,encyclopedia,reuse,13930.45451388889,6849.100580601093,2.034414882480074,2.005626989414879,2.057409583543754,9,"[2.034058389306267, 2.033242537118067, 2.037328191175982]"
wiki-tea-lead,commonmark,encyclopedia,parse,9509.814867424242,4249.059851694915,2.239343802830357,2.2255629057683057,2.2486936066380476,9,"[2.2332050272416795, 2.242903786641557, 2.240385403731765]"
wiki-tea-lead,commonmark,encyclopedia,render,4338.433499134948,2520.6180695564517,1.7228527442190011,1.7143006968835368,1.7489346697153958,9,"[1.719895680859289, 1.7235987482980364, 1.7239081875590683]"
wiki-tea-article-body,commonmark,encyclopedia,fresh,91278.18080357143,53744.845052083336,1.697968019885344,1.6352459196385678,1.7913082853043396,9,"[1.6964863003484607, 1.6995042648960361, 1.7018891397101665]"
wiki-tea-article-body,commonmark,encyclopedia,reuse,90516.74107142857,53228.623697916664,1.7029233967653483,1.6960877662620581,1.7147184350525337,9,"[1.7034937411120281, 1.7052261953172825, 1.6993149577172268]"
wiki-tea-article-body,commonmark,encyclopedia,parse,57329.07102272727,30564.786585365855,1.878200332828481,1.722597379760761,1.9087866057324085,9,"[1.8881172514649085, 1.8765232004445378, 1.8671407334051755]"
wiki-tea-article-body,commonmark,encyclopedia,render,29568.223110465115,18107.03125,1.626161524084475,1.467182698060854,1.673953961700262,9,"[1.6296338480318366, 1.4808459401362997, 1.6658739277531]"
wiki-tea-plain-prose,commonmark,plain-prose,fresh,12693.91856060606,12390.225247524753,1.0247245563856722,1.0097559948979151,1.0298883074283134,9,"[1.0245107176838433, 1.028732725967684, 1.0211810648481816]"
wiki-tea-plain-prose,commonmark,plain-prose,reuse,12263.033700980392,11941.232738095237,1.0282778763187965,1.0074629658345586,1.0408393449136444,9,"[1.0307865273165921, 1.0304721355814013, 1.015705475883729]"
wiki-tea-plain-prose,commonmark,plain-prose,parse,8220.086192810457,8001.376791401274,1.0271194568719106,1.0189425480383432,1.0364887138332495,9,"[1.0303402576741059, 1.0239918867878572, 1.0306807249959276]"
wiki-tea-plain-prose,commonmark,plain-prose,render,3938.429441823899,3909.28134765625,1.0061941053304657,0.9925947557271426,1.0223773098195834,9,"[0.9961355844749581, 1.011355968227743, 1.0036062687497074]"
wiki-chess-first-paragraph,commonmark,encyclopedia,fresh,2493.2379855577688,1494.013238365155,1.6745596302311627,1.657489203148524,1.6953120516929487,9,"[1.6928687916975538, 1.6616125319603765, 1.6738751936061138]"
wiki-chess-first-paragraph,commonmark,encyclopedia,reuse,2178.8028092334494,1189.1511109790874,1.8371050317005324,1.81543481636683,1.8663755583089194,9,"[1.8530495683518573, 1.832039703593776, 1.8221752519683265]"
wiki-chess-first-paragraph,commonmark,encyclopedia,parse,1439.8793872266974,718.774694683908,1.9969233786086624,1.9546473698925155,2.0438783500362763,9,"[2.0351123709251, 1.9969233786086624, 1.9731275951348837]"
wiki-chess-first-paragraph,commonmark,encyclopedia,render,732.5511679847687,457.36463286393564,1.6021140877717406,1.5820902413569427,1.637591807539877,9,"[1.6104863312544422, 1.5884889540366598, 1.6213175179381278]"
wiki-chess-lead,commonmark,encyclopedia,fresh,7462.014694940476,3850.200384615385,1.941577238524285,1.9241695879176939,1.9623896793994438,9,"[1.941577238524285, 1.9454718816082102, 1.9402244980771184]"
wiki-chess-lead,commonmark,encyclopedia,reuse,7053.780372191011,3435.6470638736264,2.050124637046404,2.0364011661391848,2.0697201849081543,9,"[2.050472333193517, 2.053257413667006, 2.0441421390755186]"
wiki-chess-lead,commonmark,encyclopedia,parse,4747.74609375,2106.0321443602693,2.2567171202611647,2.238214416431522,2.27131929385926,9,"[2.2600031961156124, 2.2423822063096917, 2.261514682532572]"
wiki-chess-lead,commonmark,encyclopedia,render,2303.4669659300184,1312.35926023085,1.7553824645893583,1.7368391264774399,1.7682915227267941,9,"[1.764565024293895, 1.7553824645893583, 1.7551831796314603]"
wiki-chess-article-body,commonmark,encyclopedia,fresh,183169.27232142858,114437.85511363637,1.6030672886795139,1.4443999638347087,1.6442728827935076,9,"[1.4621865504313518, 1.6252918616414194, 1.605541776932809]"
wiki-chess-article-body,commonmark,encyclopedia,reuse,183152.34375,118210.9375,1.563589074463967,1.4319645776966499,1.6440903832676532,9,"[1.563589074463967, 1.6397307450880532, 1.4409762076475163]"
wiki-chess-article-body,commonmark,encyclopedia,parse,113808.375,64424.8703125,1.7703592010132254,1.5941997004237565,1.7943001392682005,9,"[1.6541176941391331, 1.778695400996597, 1.7851003970388586]"
wiki-chess-article-body,commonmark,encyclopedia,render,56774.00407608696,35053.096354166664,1.6173784783085297,1.4269872696864647,1.684357671142166,9,"[1.6579326377003742, 1.668771838622402, 1.448906518537491]"
wiki-chess-plain-prose,commonmark,plain-prose,fresh,28325.17361111111,27672.271739130436,1.0235935640301175,1.001678772964356,1.057657523988315,9,"[1.0230247979825313, 1.0243022174191732, 1.0235935640301175]"
wiki-chess-plain-prose,commonmark,plain-prose,reuse,27738.224184782608,27200.039402173912,1.0222815843052524,0.9695867210261162,1.0330544728718325,9,"[1.0240735575458697, 0.9763331483776021, 1.0299464246766612]"
wiki-chess-plain-prose,commonmark,plain-prose,parse,18823.65531716418,18194.708786231884,1.0354439917865632,1.0286987342201157,1.0438779809207144,9,"[1.036657728420833, 1.0342511276579893, 1.0374253853852697]"
wiki-chess-plain-prose,commonmark,plain-prose,render,8882.960328014184,8766.644886363636,1.011299764513321,0.9993108643318352,1.0511101918746888,9,"[1.011493386696246, 1.0008396684400724, 1.019326204628786]"
wiki-volcano-first-paragraph,commonmark,encyclopedia,fresh,4423.200088339223,2307.5991697416976,1.9146781720641493,1.8762704773620136,1.955117475048579,9,"[1.9146781720641493, 1.9523552966745557, 1.8769564007151969]"
wiki-volcano-first-paragraph,commonmark,encyclopedia,reuse,4106.1518442622955,1985.8610119047619,2.059472778177277,2.028970543614637,2.071180286261754,9,"[2.0610656865897927, 2.0540879003599124, 2.0386006405196104]"
wiki-volcano-first-paragraph,commonmark,encyclopedia,parse,2769.51970409292,1185.3006516587677,2.336545882098441,2.3216547260805367,2.3443028153196868,9,"[2.336545882098441, 2.321744567709691, 2.3411825108574096]"
wiki-volcano-first-paragraph,commonmark,encyclopedia,render,1312.6734981636937,787.3323953085643,1.66940767572502,1.6525272011277707,1.7066528749789671,9,"[1.67169051602498, 1.66940767572502, 1.656269140344729]"
wiki-volcano-lead,commonmark,encyclopedia,fresh,5899.641214622641,3115.6489427860697,1.8845194019301748,1.8673729560793106,1.9057562804506183,9,"[1.8970934063637408, 1.8785435341048078, 1.8880444077661855]"
wiki-volcano-lead,commonmark,encyclopedia,reuse,5455.049864130435,2718.6990489130435,2.0162931171643486,1.9601389063132364,2.052901410085285,9,"[2.0233505664134386, 1.9999187163420793, 2.017938791970224]"
wiki-volcano-lead,commonmark,encyclopedia,parse,3637.1464389534885,1602.2310339308578,2.268350669058315,2.2569700716488175,2.2761509701528317,9,"[2.2662637042293583, 2.268350669058315, 2.27384457452473]"
wiki-volcano-lead,commonmark,encyclopedia,render,1801.9032330691643,1082.8891504329004,1.6617800444936992,1.6380104096224761,1.7225105551601323,9,"[1.685529947624424, 1.6849854978992806, 1.6433630443618599]"
wiki-volcano-article-body,commonmark,encyclopedia,fresh,107771.04947916667,61577.19494047619,1.7493647611946987,1.6554776317922473,1.7951568316516457,9,"[1.7575569334672352, 1.750904724223714, 1.7485661489309585]"
wiki-volcano-article-body,commonmark,encyclopedia,reuse,106754.44791666667,60827.25744047619,1.7473152003049173,1.7176477069750362,1.769826102400784,9,"[1.767691569131617, 1.7452906255289637, 1.7552054778511301]"
wiki-volcano-article-body,commonmark,encyclopedia,parse,66311.88322368421,33639.49424342105,1.9705195067915477,1.7990062100671402,1.9955174864286194,9,"[1.9876395919397636, 1.9705195067915477, 1.808131458416497]"
wiki-volcano-article-body,commonmark,encyclopedia,render,35491.42795138889,21561.669181034482,1.653966042218118,1.5628152916710285,1.7066024924126946,9,"[1.7055946606967625, 1.6081942303118704, 1.660594437592896]"
wiki-volcano-plain-prose,commonmark,plain-prose,fresh,16090.494791666666,15548.932484567902,1.0463042143993813,1.0198789861242388,1.0538523316682322,9,"[1.0222611147570746, 1.0485613515549426, 1.050121395214436]"
wiki-volcano-plain-prose,commonmark,plain-prose,reuse,15436.229938271605,14991.567708333334,1.0304556812237065,1.0179730866238477,1.037064959708735,9,"[1.0285565083574184, 1.0304556812237065, 1.0332626158529679]"
wiki-volcano-plain-prose,commonmark,plain-prose,parse,10602.136122881357,10407.83186983471,1.0257464477080298,1.0137235564329792,1.0562015076808564,9,"[1.0446070227051478, 1.0290860013296284, 1.0206363279383193]"
wiki-volcano-plain-prose,commonmark,plain-prose,render,4769.18963878327,4667.346898320896,1.0167903624521832,0.9790877652932841,1.0448004358142908,9,"[1.0100003024399402, 1.0293998384995175, 1.0195302402145934]"
scan-empty,commonmark,link-scan-diagnostic,fresh,278.4228285077951,279.1098040857334,1.0058159385953735,0.9801420691862924,1.018400154917616,9,"[0.9948670470698451, 1.0058159385953735, 1.0165965573772981]"
scan-empty,commonmark,link-scan-diagnostic,reuse,34.910189302968526,34.487462409645204,1.0136559076934473,1.011308858447468,1.037448092710139,9,"[1.0329053227266973, 1.0127410112962487, 1.0136559076934473]"
scan-empty,commonmark,link-scan-diagnostic,parse,18.69142388834066,17.20201031087441,1.0792918383513799,1.0730139319638163,1.0914439358896009,9,"[1.0792918383513799, 1.0909860993955776, 1.077836139318791]"
scan-empty,commonmark,link-scan-diagnostic,render,18.285604245904036,18.465874425716102,0.9915810150271217,0.989332441832436,1.0049528713463356,9,"[0.9920645736541509, 0.9922054814994292, 0.9906188362637229]"
scan-short-link,commonmark,link-scan-diagnostic,fresh,483.1493914219474,461.56186554078994,1.0380059669594581,1.0150777769415835,1.0628937534984855,9,"[1.0380059669594581, 1.058561166356201, 1.0155353625400483]"
scan-short-link,commonmark,link-scan-diagnostic,reuse,154.70828821163366,146.69619338847824,1.0536242197310792,1.0313516137425272,1.070590991020528,9,"[1.0690106036534588, 1.0446521580766484, 1.0472225141878055]"
scan-short-link,commonmark,link-scan-diagnostic,parse,114.74120869664984,106.39232033443962,1.075009147457007,1.053569946403138,1.0847307580670942,9,"[1.0545898541299672, 1.0798902617397812, 1.075009147457007]"
scan-short-link,commonmark,link-scan-diagnostic,render,36.414110060877924,36.11987022509246,1.0080894562082916,0.9962223434003212,1.0102182509649142,9,"[1.0080894562082916, 1.0067191242850455, 1.0091593894933053]"
scan-short-title,commonmark,link-scan-diagnostic,fresh,487.92918454935625,486.71407892175944,1.0024861028398782,0.9686048642884898,1.0411911281494801,9,"[1.0024861028398782, 0.9735853428809348, 1.0402053712104238]"
scan-short-title,commonmark,link-scan-diagnostic,reuse,161.84892461807354,159.17363365800867,1.0147658217714188,1.0049429837216974,1.021443579674702,9,"[1.0212450163484654, 1.0102374714991034, 1.0147658217714188]"
scan-short-title,commonmark,link-scan-diagnostic,parse,118.07720258335695,115.74521456346635,1.020477893751452,1.0104986232648139,1.0326313775902745,9,"[1.0305091818783974, 1.0182197148318624, 1.0148041043729616]"
scan-short-title,commonmark,link-scan-diagnostic,render,40.77598696013831,40.7738913624947,0.9999269040961768,0.9894369823839639,1.002971801571921,9,"[1.0000513955762764, 0.9999269040961768, 0.9991625661582503]"
scan-short-entity,commonmark,link-scan-diagnostic,fresh,514.231355365954,496.5953509729944,1.0358143528401702,1.0244271177814621,1.0803718634209196,9,"[1.0358143528401702, 1.025758537359866, 1.0787368073816677]"
scan-short-entity,commonmark,link-scan-diagnostic,reuse,234.65951755209312,224.19698820839312,1.04819110140973,1.0423581637129327,1.0499268304617653,9,"[1.049386925416684, 1.0471400278434966, 1.0448491855650621]"
scan-short-entity,commonmark,link-scan-diagnostic,parse,185.30592763450423,175.35824186421658,1.057629625016498,1.0541694438149187,1.0615347394183536,9,"[1.057629625016498, 1.0597077868566924, 1.0551868586483604]"
scan-short-entity,commonmark,link-scan-diagnostic,render,46.36914946398101,45.804710111742075,1.011849108422924,1.0069148863318276,1.0152170001878027,9,"[1.0132333232538318, 1.0145910870580153, 1.0072254282259665]"
scan-short-reference,commonmark,link-scan-diagnostic,fresh,748.0873579545455,740.5192236530492,1.0106500653054857,0.9964087394983212,1.0140994177687903,9,"[1.0106500653054857, 1.012660917796847, 0.9967296990890392]"
scan-short-reference,commonmark,link-scan-diagnostic,reuse,468.4953400149869,469.8490111800075,0.9983410236048096,0.9798150781339242,1.000430752177349,9,"[0.9988620149196578, 0.9940856395062552, 0.9986810492427518]"
scan-short-reference,commonmark,link-scan-diagnostic,parse,405.57847469996756,411.8443264163373,0.9849503296791499,0.9492855205244911,0.9886222682401372,9,"[0.9841300011403236, 0.9868287767279381, 0.9849503296791499]"
scan-short-reference,commonmark,link-scan-diagnostic,render,46.023578436786686,45.69399237910742,1.0069658130339838,1.0035649592136902,1.0128863520441191,9,"[1.0069658130339838, 1.0057810067266906, 1.008244437751283]"
scan-long-clean-links,gfm,link-scan-diagnostic,fresh,24256.28545673077,12638.16571969697,1.9136585050632997,1.89005321782503,1.9259336469695392,9,"[1.9136585050632997, 1.922343518933151, 1.9132005119670588]"
scan-long-clean-links,gfm,link-scan-diagnostic,reuse,23816.111438679247,12314.46568627451,1.935310869132148,1.9184507853433381,1.9551007934879463,9,"[1.9402522446038457, 1.9317608913054742, 1.929898407417343]"
scan-long-clean-links,gfm,link-scan-diagnostic,parse,18467.180147058825,10050.72925,1.8374337163674297,1.8137304312484137,1.86258373652986,9,"[1.8383229011642586, 1.832560594780235, 1.8544145025146839]"
scan-long-clean-links,gfm,link-scan-diagnostic,render,5299.683262711865,2236.9279405187835,2.3690808827558447,2.3584636834315806,2.3894823969353642,9,"[2.3690808827558447, 2.372775038594767, 2.363525872876991]"
scan-many-short-links,gfm,link-scan-diagnostic,fresh,10468.695833333333,9245.63419117647,1.1335469365320243,1.1277550902523534,1.1615137295381681,9,"[1.1341472679509106, 1.1301481588256248, 1.133757563918319]"
scan-many-short-links,gfm,link-scan-diagnostic,reuse,10022.75,8832.654709507042,1.1355963620722973,1.1336660327610117,1.1400397111576406,9,"[1.1383728426718007, 1.1355963620722973, 1.1353790570949727]"
scan-many-short-links,gfm,link-scan-diagnostic,parse,6064.921648550725,5098.323170731707,1.189098879964915,1.187880581739964,1.197462294551884,9,"[1.189098879964915, 1.1879655691573063, 1.1919616694456894]"
scan-many-short-links,gfm,link-scan-diagnostic,render,3991.905553343949,3749.4269273952095,1.06344006616494,1.030301865684828,1.0747124134841142,9,"[1.0590529284481691, 1.0672335788588698, 1.06344006616494]"
scan-escaped-links,gfm,link-scan-diagnostic,fresh,16725.694166666668,14636.71875,1.1444843390879655,1.1367839556536636,1.150453710730984,9,"[1.1413244884741964, 1.1467642948326626, 1.1448530771283696]"
scan-escaped-links,gfm,link-scan-diagnostic,reuse,16422.264204545456,14310.650568181818,1.147300154449153,1.1395085765210882,1.1553694637707748,9,"[1.144555457884716, 1.1537502043176242, 1.1451419683127912]"
scan-escaped-links,gfm,link-scan-diagnostic,parse,13523.33938172043,12119.26592548077,1.1134810949756881,1.109900172322931,1.1187870101412494,9,"[1.111399851006269, 1.1168700418139403, 1.1145885160631173]"
scan-escaped-links,gfm,link-scan-diagnostic,render,2875.080818965517,2155.266702586207,1.3316531251665293,1.3233037929613718,1.3551885200223173,9,"[1.3260038813628643, 1.3316531251665293, 1.3319363443824999]"
scan-unicode-links,commonmark,link-scan-diagnostic,fresh,32635.216346153848,21298.79502118644,1.5318595686171397,1.5098237489451054,1.5363193658163135,9,"[1.5308470730249404, 1.533470718475478, 1.5318595686171397]"
scan-unicode-links,commonmark,link-scan-diagnostic,reuse,32258.08012820513,20938.4984375,1.5408220297845583,1.5003447017185414,1.5555409887942977,9,"[1.5051197671437184, 1.541094226276301, 1.5408220297845583]"
scan-unicode-links,commonmark,link-scan-diagnostic,parse,18575.539981617647,9104.346014492754,2.0403123954032427,2.0363996454047424,2.0487780711782406,9,"[2.038600864357976, 2.0431768236444032, 2.043878716545385]"
scan-unicode-links,commonmark,link-scan-diagnostic,render,13596.042798913044,11781.347254672897,1.1544432724712153,1.1510697366159541,1.1574409069803515,9,"[1.1514383775492891, 1.1544605417431524, 1.1547644607537677]"
scan-long-references,gfm,link-scan-diagnostic,fresh,55613.22418478261,35310.51128472222,1.5756893340198492,1.570330115468035,1.5803436094012377,9,"[1.5756893340198492, 1.5713164187833157, 1.5770653627282956]"
scan-long-references,gfm,link-scan-diagnostic,reuse,55155.91032608696,34866.97048611111,1.5820834239662873,1.5710346425644024,1.586334092965232,9,"[1.5846439058225097, 1.581082233006372, 1.5820834239662873]"
scan-long-references,gfm,link-scan-diagnostic,parse,49417.46754807692,32525.57451923077,1.523852377027337,1.5193418803058747,1.5473560626757923,9,"[1.521768735734688, 1.523852377027337, 1.5406930862689103]"
scan-long-references,gfm,link-scan-diagnostic,render,5846.2751168224295,2447.3204500978472,2.391188574280859,2.382190816937149,2.4033435802260406,9,"[2.3917890753611446, 2.3907652626761218, 2.391188574280859]"
scan-dense-escapes,commonmark,link-scan-diagnostic,fresh,5882.659624413145,4709.640272556391,1.2586535531127188,1.2474181784355576,1.260998583671303,9,"[1.2586535531127188, 1.2490677172717566, 1.260778780899681]"
scan-dense-escapes,commonmark,link-scan-diagnostic,reuse,5586.832728794643,4394.5540570175435,1.2721308540553666,1.2444229891814689,1.2741766796813483,9,"[1.273285931886687, 1.2697007249943921, 1.2721308540553666]"
scan-dense-escapes,commonmark,link-scan-diagnostic,parse,3469.042157202216,3463.8843490304707,1.0017998931313452,1.0001373446288886,1.0100816301170736,9,"[1.0009944312400356, 1.0017998931313452, 1.0040748717739894]"
scan-dense-escapes,commonmark,link-scan-diagnostic,render,2119.125158898305,927.4008988139362,2.28490380799223,2.2132659149080465,2.2891252532090705,9,"[2.255710895721691, 2.2861551159089446, 2.28570269190912]"
scan-dense-entities,commonmark,link-scan-diagnostic,fresh,17036.405405405407,16474.300986842107,1.0328849140871121,1.0284894431640865,1.03602362546405,9,"[1.0327652524863042, 1.0345170694459993, 1.0328849140871121]"
scan-dense-entities,commonmark,link-scan-diagnostic,reuse,16797.708333333332,16133.196314102564,1.035512676223233,1.0322969676273648,1.0625291321077128,9,"[1.0601720109735542, 1.034582856885158, 1.035512676223233]"
scan-dense-entities,commonmark,link-scan-diagnostic,parse,14168.24683988764,14236.150568181818,0.9950752720216123,0.9936998530814941,1.000707690290271,9,"[0.9959047453409453, 0.9948633100340507, 0.9947881053059071]"
scan-dense-entities,commonmark,link-scan-diagnostic,render,2534.7661310728745,1915.2429173047474,1.323951344645438,1.3064913066561537,1.365083552425542,9,"[1.3255519075865314, 1.325435271571529, 1.320612078206932]"
scan-malformed-entities,commonmark,link-scan-diagnostic,fresh,9595.558921755724,8247.455797697368,1.1640960917166123,1.1595421049955463,1.169438244867229,9,"[1.1630306447639702, 1.1645696959762037, 1.1644678912097841]"
scan-malformed-entities,commonmark,link-scan-diagnostic,reuse,9321.392824074073,7967.157643312102,1.1692675868770512,1.1649776078381213,1.1796131557400855,9,"[1.1685760662757534, 1.168962777459611, 1.1703609554291594]"
scan-malformed-entities,commonmark,link-scan-diagnostic,parse,5586.960658482143,5612.39966367713,0.9957025263078085,0.9884828380510766,0.996591422746605,9,"[0.9950263332185535, 0.9903812828517021, 0.9957958808362869]"
scan-malformed-entities,commonmark,link-scan-diagnostic,render,3735.4633395522387,2355.58156779661,1.5863849372441146,1.5800715050382583,1.587342517238925,9,"[1.5812941183681748, 1.5863849372441146, 1.5865151162738482]"
scan-mdx-links,mdx,link-scan-diagnostic,fresh,14589.707485465116,10963.926630434782,1.3324457549282172,1.2940656656964311,1.335471060288245,9,"[1.3354611535585637, 1.330132206060119, 1.3288311398993073]"
scan-mdx-links,mdx,link-scan-diagnostic,reuse,14208.481178977272,10720.163194444445,1.3260035202711689,1.3179453008327011,1.336949353333204,9,"[1.3286932799959854, 1.324617083584955, 1.3258623125570792]"
scan-mdx-links,mdx,link-scan-diagnostic,parse,11373.638636363636,8622.683189655172,1.316786094755615,1.2940576078840698,1.321211984883189,9,"[1.319957476390351, 1.316786094755615, 1.3157664838463412]"
scan-mdx-links,mdx,link-scan-diagnostic,render,2791.4748186383927,2005.6089743589744,1.3891751265534913,1.377813137858924,1.4098479553689864,9,"[1.3858549016532151, 1.4072577270260689, 1.3891751265534913]"
scan-extension-links,extensions,link-scan-diagnostic,fresh,3460.836757596685,3373.985680592992,1.0240343173365178,1.0189605047052932,1.0272658622092685,9,"[1.0240343173365178, 1.0264179758052925, 1.0228646898579963]"
scan-extension-links,extensions,link-scan-diagnostic,reuse,3027.375302663438,2988.327863961814,1.0130666514784146,0.931793479712226,1.0306872084176282,9,"[0.9991052943215389, 1.0269532244361443, 1.0130666514784146]"
scan-extension-links,extensions,link-scan-diagnostic,parse,2478.1971534653467,2423.7398255813955,1.0226387842911484,1.0126441083197015,1.0287316895474743,9,"[1.0207395910760921, 1.027556109849244, 1.0226387842911484]"
scan-extension-links,extensions,link-scan-diagnostic,render,498.82411747108097,487.93564597970334,1.0233784794521545,1.0131346417520695,1.0317069359861657,9,"[1.0206650301596831, 1.0212194814883102, 1.0307189379010162]"
table-plain-256,gfm,table-diagnostic,fresh,783.1138462742642,755.8223813482467,1.035229759524364,1.032274461017971,1.041511784200273,9,"[1.0333221779150354, 1.0343361470625239, 1.0390283123950763]"
table-plain-256,gfm,table-diagnostic,reuse,501.65737861155696,473.9943612585292,1.0588953423765974,1.0574732010824794,1.0645652572566517,9,"[1.0635302334206487, 1.058427740295512, 1.0589357961712957]"
table-plain-256,gfm,table-diagnostic,parse,420.02881466241183,396.8213662329419,1.0573522822090724,1.0522345853458597,1.1024527428453446,9,"[1.0562269422547415, 1.0688180739712252, 1.0573522822090724]"
table-plain-256,gfm,table-diagnostic,render,78.08190146452661,78.19871950265875,0.9980478330364657,0.992628899017852,1.003422841143748,9,"[0.999803848227583, 0.99729809549919, 1.0003178820745924]"
table-sparse-256,gfm,table-diagnostic,fresh,814.598595276873,786.8148009754563,1.034200327349709,1.009048221964689,1.046389533736852,9,"[1.0353117331638546, 1.0223682381404575, 1.0356663129519783]"
table-sparse-256,gfm,table-diagnostic,reuse,531.5284598214286,506.52676944106923,1.0511829772343486,1.0482215402870563,1.056872357176719,9,"[1.0531379631794358, 1.0490813999855533, 1.0511829772343486]"
table-sparse-256,gfm,table-diagnostic,parse,449.1476629849138,424.00406917599184,1.059184538278801,1.032502784685306,1.0615816076169575,9,"[1.0580146854938715, 1.0537253105228186, 1.0600612317379]"
table-sparse-256,gfm,table-diagnostic,render,77.95304511160992,77.97003648952096,1.0004629574851955,0.9962013457779079,1.0054502190652812,9,"[0.9983248824343897, 1.0025843223752675, 1.002023838690951]"
table-dense-256,gfm,table-diagnostic,fresh,2578.7827319587627,2561.645258179959,1.0079214904781506,0.9839841039464974,1.008799876879175,9,"[1.00854006963372, 1.0068647158831012, 1.0079214904781506]"
table-dense-256,gfm,table-diagnostic,reuse,2303.4645488029464,2281.2095688868612,1.008907799240416,1.0030165483758133,1.0130137831669415,9,"[1.008923348872816, 1.008907799240416, 1.0070456871888849]"
table-dense-256,gfm,table-diagnostic,parse,2223.0008325932504,2211.34468860424,1.0052710660843955,0.9828308140953216,1.0070168158262764,9,"[0.9972003094547447, 1.0069139740949162, 1.0065374993361653]"
table-dense-256,gfm,table-diagnostic,render,72.33218697564081,72.34346245659722,0.9995826024404068,0.9876689022134336,1.0054861429011173,9,"[0.9963825077775443, 1.0008965497911426, 0.9995826024404068]"
table-formatted-256,gfm,table-diagnostic,fresh,2413.916747104247,2395.2047413793102,1.0083221863877097,0.9979872208388509,1.0141350011687238,9,"[1.0083221863877097, 1.0042361056556761, 1.0097567817264885]"
table-formatted-256,gfm,table-diagnostic,reuse,2139.5321047008547,2106.9944234006734,1.015442699296596,1.0103214165557497,1.0829364126840688,9,"[1.0112265466107586, 1.0177613546337196, 1.01503477248154]"
table-formatted-256,gfm,table-diagnostic,parse,1776.3283469460227,1747.2176152234638,1.0151640831342919,1.0141274794068251,1.0192141482713257,9,"[1.0152110549764894, 1.0150598968890867, 1.0151640831342919]"
table-formatted-256,gfm,table-diagnostic,render,344.8961896551724,343.99895116918844,1.0017357553442707,0.9972102226894954,1.0040230857818937,9,"[1.0016006940418227, 1.0031776628441773, 1.0017357553442707]"
table-plain-4096,gfm,table-diagnostic,fresh,1774.0396276595745,1663.4634308510638,1.0656308675818629,1.0614612221341935,1.0892678279789103,9,"[1.0656308675818629, 1.0658889359955392, 1.0636073114239855]"
table-plain-4096,gfm,table-diagnostic,reuse,1405.5550561797752,1299.1789979231569,1.0820279962808006,1.073988665388031,1.0842696643813032,9,"[1.0842066523224152, 1.0814785984475053, 1.0820279962808006]"
table-plain-4096,gfm,table-diagnostic,parse,1139.3430669398906,1038.0175829875518,1.1003280011761571,1.0976144196524211,1.1027694698003474,9,"[1.1024675534846338, 1.0999856713672251, 1.097763589033746]"
table-plain-4096,gfm,table-diagnostic,render,264.2967660114141,265.61642898874015,0.9945379828673081,0.9908556792631622,0.9963498930660318,9,"[0.9950481725378987, 0.9944812040026736, 0.9929728199378386]"
table-sparse-4096,gfm,table-diagnostic,fresh,1895.8747632575758,1786.324419642857,1.0627666742686177,1.0490935945616697,1.0660199516279427,9,"[1.0518416403999191, 1.0612807979700336, 1.0637802790171198]"
table-sparse-4096,gfm,table-diagnostic,reuse,1532.3143382352941,1417.1739453567384,1.08275657570384,1.078721132271969,1.0944252970432802,9,"[1.0851957881800698, 1.0827605043591217, 1.0803413488418696]"
table-sparse-4096,gfm,table-diagnostic,parse,1260.2801474294354,1144.8722813644688,1.101012983823128,1.098898369403867,1.1026387437671592,9,"[1.101012983823128, 1.1000837667644572, 1.1013506702183087]"
table-sparse-4096,gfm,table-diagnostic,render,264.4945261265073,265.79693147990645,0.995335443363315,0.9911755886516878,0.9983268866588386,9,"[0.995335443363315, 0.9957627648919931, 0.9937894690425728]"
table-dense-4096,gfm,table-diagnostic,fresh,30781.25,30902.56631097561,0.995886963414267,0.9932563626755803,0.997976913374268,9,"[0.995886963414267, 0.9953519187867887, 0.9977751286686339]"
table-dense-4096,gfm,table-diagnostic,reuse,30441.46875,30574.314024390245,0.9969343086569689,0.9892249981843271,0.9986623341256143,9,"[0.9956580215543158, 0.9947199940114344, 0.9981395336551412]"
table-dense-4096,gfm,table-diagnostic,parse,30255.239583333332,30377.170386904763,0.996669311707157,0.9944574579414087,1.0092132956049262,9,"[0.996959982473772, 0.9963976872131206, 0.9954557201760911]"
table-dense-4096,gfm,table-diagnostic,render,169.9618806076672,169.95851600734093,1.0007364108611092,0.9935513883646838,1.008428614565864,9,"[0.9977238031871648, 1.001179589578599, 1.0013855155688451]"
table-formatted-4096,gfm,table-diagnostic,fresh,29666.0,29568.041424418603,1.0014421968994256,0.990035452195044,1.0047455682981838,9,"[1.0014421968994256, 1.0033458613461923, 1.0008582146642704]"
table-formatted-4096,gfm,table-diagnostic,reuse,29188.65043604651,29031.01349431818,1.006399192878788,1.000363763344308,1.0080749471816257,9,"[1.0061194188117197, 1.006399192878788, 1.0065056449572336]"
table-formatted-4096,gfm,table-diagnostic,parse,24065.05408653846,23905.709905660377,1.006881809549541,1.004969340242143,1.010111373033529,9,"[1.006881809549541, 1.0065297397799398, 1.0074986400695738]"
table-formatted-4096,gfm,table-diagnostic,render,4957.448122529644,4949.656126482213,1.0005565723274366,0.9803780714433826,1.0269325079526432,9,"[1.0004828331137654, 1.0032721199878794, 0.9951057905128468]"
table-plain-16000,gfm,table-diagnostic,fresh,4493.223566308244,4126.598597359736,1.0895736721452094,1.0871547145249503,1.1173439115494734,9,"[1.092629436262949, 1.089248003960559, 1.088528137856339]"
table-plain-16000,gfm,table-diagnostic,reuse,4134.333745874587,3758.2543168168168,1.1006275446618798,1.0924160601211717,1.1020359376014288,9,"[1.0985414173400196, 1.1006358599624306, 1.0980881404995788]"
table-plain-16000,gfm,table-diagnostic,parse,3334.8368333333333,2966.327902843602,1.123297701500014,1.1213044105860814,1.1289005270483012,9,"[1.123707134365053, 1.123297701500014, 1.1232963952034578]"
table-plain-16000,gfm,table-diagnostic,render,841.8867634680134,811.0687216277562,1.010082604218771,0.9898740586286094,1.1590334840464098,9,"[1.004412764051909, 1.0379968318571178, 0.994408772701245]"
table-sparse-16000,gfm,table-diagnostic,fresh,4940.247662401574,4523.5080099277975,1.0880792047623107,1.0776307745882865,1.1015786309011155,9,"[1.1001692697450731, 1.0850617256685067, 1.086085248929988]"
table-sparse-16000,gfm,table-diagnostic,reuse,4514.722472924188,4134.118915016502,1.0928415150075703,1.0889643517591723,1.1145304574889638,9,"[1.0940929066150655, 1.0925242744392434, 1.0900392696316017]"
table-sparse-16000,gfm,table-diagnostic,parse,3707.3856323964496,3329.839178856383,1.1144014948933045,1.1101038843245994,1.123255320356535,9,"[1.1132450250104695, 1.1144014948933045, 1.1185527119557446]"
table-sparse-16000,gfm,table-diagnostic,render,816.3068089099216,810.9420598249027,1.0066154530031126,0.9844763439240198,1.0219087621907141,9,"[1.0066154530031126, 0.9954353684851899, 1.0182247624898098]"
table-dense-16000,gfm,table-diagnostic,fresh,118085.9375,118603.45738636363,0.9954753776190676,0.9761596874509799,1.0136272617177664,9,"[0.9954753776190676, 0.9928298245642164, 0.9958327042866281]"
table-dense-16000,gfm,table-diagnostic,reuse,117489.10795454546,117984.375,0.995293141446378,0.9918017732789253,1.0215581064826629,9,"[0.9925471928770876, 0.995293141446378, 0.9958062700821589]"
table-dense-16000,gfm,table-diagnostic,parse,116910.98579545454,117686.78977272728,0.9933113099943875,0.979762233425521,0.996221037014329,9,"[0.9936686758471209, 0.9928516899160247, 0.9933113099943875]"
table-dense-16000,gfm,table-diagnostic,render,440.4742867206763,439.578114011955,1.00226056761513,0.9777774879991092,1.0097120990896102,9,"[0.9895710777551805, 0.9999333427058438, 1.0081804294347652]"
table-formatted-16000,gfm,table-diagnostic,fresh,113289.71354166667,112567.05729166667,1.0080791641687858,0.9903883068516895,1.0130837324973168,9,"[1.0080791641687858, 1.0086898434382283, 1.0063719345548134]"
table-formatted-16000,gfm,table-diagnostic,reuse,112286.890625,111236.65364583333,1.0092050404280828,1.0039755737026783,1.0143524197540452,9,"[1.0124100397794678, 1.010421022266223, 1.0087968982441344]"
table-formatted-16000,gfm,table-diagnostic,parse,93045.66517857143,92251.39508928571,1.0088231319796337,1.0019660037660567,1.012444491135528,9,"[1.0026551150924432, 1.0107218808923149, 1.0106401939527716]"
table-formatted-16000,gfm,table-diagnostic,render,19214.72537878788,19225.63494318182,1.0005078240442757,0.980350222746283,1.0028343122073116,9,"[1.0027511477782254, 0.9994325511523452, 1.0008079222171644]"
autolink-clean-64,autolink,autolink-diagnostic,fresh,541.2963338744589,497.56473836052527,1.0860894822090255,1.0805410251486298,1.102680462963282,9,"[1.087630170971935, 1.0808883629011976, 1.1018142117237022]"
autolink-clean-64,autolink,autolink-diagnostic,reuse,216.54340578455142,176.8980086304471,1.2233682472455103,1.2191574454649978,1.2280586637317523,9,"[1.2250242784322136, 1.2233682472455103, 1.2224457127751744]"
autolink-clean-64,autolink,autolink-diagnostic,parse,45.320854857712526,41.577060119740565,1.090278164916152,1.0742810232900413,1.0960124728902427,9,"[1.0863397910670105, 1.0898833672174062, 1.0915891226461063]"
autolink-clean-64,autolink,autolink-diagnostic,render,172.93319874809794,137.14987314865607,1.2569611680186892,1.234280630683382,1.2639479198276358,9,"[1.2554807684564075, 1.2614899471874808, 1.2569611680186892]"
autolink-balanced-64,autolink,autolink-diagnostic,fresh,472.2755123724972,455.3721094319009,1.0367391401958082,1.030712041350575,1.0502292957872585,9,"[1.0345914034745163, 1.0476445194627104, 1.0347218908206166]"
autolink-balanced-64,autolink,autolink-diagnostic,reuse,154.2472396989884,135.36816871481162,1.136039511655101,1.1309906227650506,1.1449998839207218,9,"[1.136039511655101, 1.1405134966863768, 1.1337663760915697]"
autolink-balanced-64,autolink,autolink-diagnostic,parse,43.77851057682205,39.65570086751039,1.101713030441014,1.0985280940714335,1.1072326221701208,9,"[1.1012539814677678, 1.1063520567406888, 1.101683388485002]"
autolink-balanced-64,autolink,autolink-diagnostic,render,111.89735579074555,97.20025173003654,1.1519414313040155,1.1497825483674695,1.154496615479636,9,"[1.1519414313040155, 1.1502155424974057, 1.1523933913792788]"
autolink-mixed-64,autolink,autolink-diagnostic,fresh,479.07836446360153,458.7383872890682,1.0422052933903818,1.0399603314537293,1.0524494863960678,9,"[1.0422052933903818, 1.0513485918146488, 1.0402059798979733]"
autolink-mixed-64,autolink,autolink-diagnostic,reuse,158.51105994800912,142.68563134771196,1.108946315777507,1.1070974893456884,1.1127503585379412,9,"[1.108946315777507, 1.107843626887073, 1.1095184687466748]"
autolink-mixed-64,autolink,autolink-diagnostic,parse,45.186122054358826,40.594825731497416,1.1139236364507994,1.1049222150765174,1.1591366715535376,9,"[1.1321642188000995, 1.11109379491978, 1.1139236364507994]"
autolink-mixed-64,autolink,autolink-diagnostic,render,115.4891147469056,103.83235733864939,1.1131054456821303,1.1083307261172002,1.1225781246618105,9,"[1.115921896662161, 1.1122651715422167, 1.1131054456821303]"
autolink-closers-64,autolink,autolink-diagnostic,fresh,688.2854120803522,668.6455548128342,1.0305965360750453,1.025040892119954,1.0401763901489427,9,"[1.0250933357953294, 1.0375031048881886, 1.0305965360750453]"
autolink-closers-64,autolink,autolink-diagnostic,reuse,405.0196185617104,388.8561003575871,1.0419992350441554,1.0230095876648468,1.0456530110584492,9,"[1.0248493262044291, 1.0432468967781066, 1.0420757815956274]"
autolink-closers-64,autolink,autolink-diagnostic,parse,50.56425324609659,47.40309181835419,1.069036765860185,1.0371596759191142,1.0872089483434553,9,"[1.069036765860185, 1.0725291831282926, 1.053689630140853]"
autolink-closers-64,autolink,autolink-diagnostic,render,358.50519638761466,349.7079020979021,1.0249052910650482,1.0105416393980784,1.0270860541677003,9,"[1.0249052910650482, 1.0148791400064217, 1.0251475635944896]"
autolink-unicode-64,autolink,autolink-diagnostic,fresh,567.6888334089878,553.3560287610619,1.0255053073910652,1.0226452742529526,1.0268013771197273,9,"[1.025683915875788, 1.0255053073910652, 1.0251426632779965]"
autolink-unicode-64,autolink,autolink-diagnostic,reuse,248.40272948539638,238.2698387173623,1.0432514883181294,1.0392297502189918,1.0457750286302097,9,"[1.0435191642770507, 1.0411664941740235, 1.0434171762877067]"
autolink-unicode-64,autolink,autolink-diagnostic,parse,46.465058497193624,42.62520458265139,1.088661607263885,1.0764789272864475,1.100387925804594,9,"[1.0860221570842297, 1.0880149699369221, 1.0935324952920056]"
autolink-unicode-64,autolink,autolink-diagnostic,render,209.50667211328977,200.73596559890817,1.0434733955683515,1.0369331876610373,1.050449452333113,9,"[1.0500911751424142, 1.0434733955683515, 1.0429665674835655]"
autolink-long-clean-64,autolink,autolink-diagnostic,fresh,533.0771392796249,501.15909318637273,1.0628261965017114,1.055513812277388,1.0659979381294644,9,"[1.0586186056694924, 1.0637593113689434, 1.0638497785634535]"
autolink-long-clean-64,autolink,autolink-diagnostic,reuse,212.65995492430685,176.51455509671044,1.2052179153840934,1.1822161132239226,1.2166020166796527,9,"[1.2052179153840934, 1.2132304347449219, 1.1828571737059017]"
autolink-long-clean-64,autolink,autolink-diagnostic,parse,47.4048007280725,43.893559076544946,1.0799944621807582,1.072073181363065,1.0903880619670978,9,"[1.0741000939307774, 1.08113724531618, 1.0805971325918287]"
autolink-long-clean-64,autolink,autolink-diagnostic,render,154.96357136217154,140.00413983762598,1.1052656186668086,1.0979381443298968,1.1416666801725888,9,"[1.0987584114381974, 1.1149482425888477, 1.1016764970174366]"
autolink-clean-512,autolink,autolink-diagnostic,fresh,1497.80127245509,1194.0178912213742,1.257951414593844,1.21784772325839,1.2690159090051845,9,"[1.2647580975980572, 1.2508504538063998, 1.257951414593844]"
autolink-clean-512,autolink,autolink-diagnostic,reuse,1155.635050831793,840.0037777031565,1.3780381024286292,1.3620777459032842,1.3917293190164013,9,"[1.3794615571255922, 1.379464753136349, 1.362307068185403]"
autolink-clean-512,autolink,autolink-diagnostic,parse,82.53537031229368,78.63934732356272,1.049289028133743,1.0434645728665501,1.052050194261972,9,"[1.0502680250174692, 1.0476711162682564, 1.0503059282098097]"
autolink-clean-512,autolink,autolink-diagnostic,render,1076.960863479759,764.8039373088685,1.4037913184114825,1.3794175479667283,1.424522209479573,9,"[1.4037913184114825, 1.4040235103938872, 1.3951775834000615]"
autolink-balanced-512,autolink,autolink-diagnostic,fresh,1338.5179670770879,1097.0063322368421,1.2178168456041767,1.2032888294596165,1.2310544104219256,9,"[1.2175272282984326, 1.2200207365104643, 1.2307127822053237]"
autolink-balanced-512,autolink,autolink-diagnostic,reuse,983.4557537342768,746.3479477611941,1.3187680314074142,1.3139137247760184,1.349436360399194,9,"[1.323216344973457, 1.3166977452715958, 1.3173838423272644]"
autolink-balanced-512,autolink,autolink-diagnostic,parse,80.982818168567,77.46379337050806,1.0455199972435858,1.0355683488502918,1.0504475307165164,9,"[1.0448715642567579, 1.042817370596051, 1.0486144669568491]"
autolink-balanced-512,autolink,autolink-diagnostic,render,902.7028880866426,669.9853630760986,1.3466840014444112,1.3111210780986269,1.3525048741997292,9,"[1.3460006495082033, 1.34820715347185, 1.3471646569610207]"
autolink-mixed-512,autolink,autolink-diagnostic,fresh,1350.7244195464364,1160.3555484693877,1.1647694978615546,1.1485386757123377,1.174376277801831,9,"[1.1683271238357797, 1.1647694978615546, 1.15356057234928]"
autolink-mixed-512,autolink,autolink-diagnostic,reuse,997.9341330806066,810.2924497731691,1.232108840335346,1.217224407228738,1.2414993488395398,9,"[1.2341960383751152, 1.2353544886850039, 1.2252817530984412]"
autolink-mixed-512,autolink,autolink-diagnostic,parse,80.87851153124596,77.45963775636656,1.0441374872631444,1.039745297182628,1.049529532901732,9,"[1.0426161127827793, 1.0456226789914946, 1.0484055332787645]"
autolink-mixed-512,autolink,autolink-diagnostic,render,920.8020756627393,736.0901633313714,1.2544038986390762,1.2362318721485204,1.2658535753858913,9,"[1.2549807610514867, 1.2432984106786973, 1.255530671935449]"
autolink-closers-512,autolink,autolink-diagnostic,fresh,2061.790002059308,2037.7731066775245,1.0099703678241243,0.9973827196680629,1.0142713573168076,9,"[1.003246520590188, 1.0109879821224184, 1.0099703678241243]"
autolink-closers-512,autolink,autolink-diagnostic,reuse,1786.2183482142857,1766.943635240113,1.0118327156052525,1.006935262839833,1.0453746033733806,9,"[1.011905562497126, 1.009638828509316, 1.0118327156052525]"
autolink-closers-512,autolink,autolink-diagnostic,parse,85.74102580589849,81.62213312112308,1.0545924079127493,1.0394494864388755,1.059319438285537,9,"[1.0507462711712645, 1.049042252182034, 1.0557969922131125]"
autolink-closers-512,autolink,autolink-diagnostic,render,1699.5177479619565,1687.148532388664,1.0073732968000355,1.002547249329537,1.0090456954968805,9,"[1.0053425992405485, 1.006988209484885, 1.008540538581078]"
autolink-unicode-512,autolink,autolink-diagnostic,fresh,1780.7906294452348,1697.7223117367707,1.0492391842821371,1.0360350029696748,1.0541110477278333,9,"[1.0441956091782216, 1.0510559734955744, 1.0492391842821371]"
autolink-unicode-512,autolink,autolink-diagnostic,reuse,1433.056808419244,1352.2043918918919,1.0592528189125294,1.0542015441198835,1.0791586065091499,9,"[1.0597930438712968, 1.0589724587549294, 1.0720765183003291]"
autolink-unicode-512,autolink,autolink-diagnostic,parse,83.38543750833666,80.17968449326492,1.0443092383849344,1.0294506569817823,1.0478209064153137,9,"[1.0441516049672959, 1.039742899300194, 1.044466464929266]"
autolink-unicode-512,autolink,autolink-diagnostic,render,1355.0286091549297,1272.9235439979655,1.064633001559903,1.0519684890604943,1.0838108684334717,9,"[1.0735577982788758, 1.0587901695803419, 1.0720843634611317]"
autolink-long-clean-512,autolink,autolink-diagnostic,fresh,815.2043269230769,633.0696202531645,1.2934285417323845,1.2789281920588695,1.3300820907189266,9,"[1.3240973901129276, 1.2943406609741481, 1.280485103872053]"
autolink-long-clean-512,autolink,autolink-diagnostic,reuse,476.1519421172886,295.5482934397163,1.6113590857997793,1.6063225791040467,1.6132799399073037,9,"[1.6110455698113424, 1.6118817697108498, 1.6113590857997793]"
autolink-long-clean-512,autolink,autolink-diagnostic,parse,84.11859524290136,80.6637222562746,1.0428305673230698,1.0303806911368898,1.0441510265886198,9,"[1.0412869451308984, 1.0428305673230698, 1.0433252750794135]"
autolink-long-clean-512,autolink,autolink-diagnostic,render,394.4252760252366,217.44089732997043,1.8144109883573323,1.8111905057757456,1.8275614321390907,9,"[1.814148378275014, 1.8157383926233333, 1.8144109883573323]"
autolink-clean-2048,autolink,autolink-diagnostic,fresh,4724.4448113207545,3462.2000172651933,1.360410233966429,1.3449677882791857,1.3769094577456213,9,"[1.3634170988219263, 1.3682095878157685, 1.3557840679444129]"
autolink-clean-2048,autolink,autolink-diagnostic,reuse,4338.3343425605535,3088.9435956790126,1.4024408525840064,1.3888229069485567,1.407935088818,9,"[1.4024408525840064, 1.4071197257521029, 1.3941417253555117]"
autolink-clean-2048,autolink,autolink-diagnostic,parse,209.2298640167364,204.84290512862526,1.0201996069340855,0.9936802039992945,1.0262728403101227,9,"[1.021962052043795, 1.0185182465553908, 1.0225116551307167]"
autolink-clean-2048,autolink,autolink-diagnostic,render,4116.373663651316,2893.6381351039263,1.4207520035715022,1.4137978766404298,1.43095316327242,9,"[1.4214808630191427, 1.4207520035715022, 1.4206510231662595]"
autolink-balanced-2048,autolink,autolink-diagnostic,fresh,4145.880794701987,3170.582832278481,1.3066172472398763,1.2696943665996145,1.3295579770417447,9,"[1.3066172472398763, 1.3256881628188306, 1.3012595471737547]"
autolink-balanced-2048,autolink,autolink-diagnostic,reuse,3743.5247005988026,2787.018026169265,1.3445109154892119,1.3411880845189112,1.349024352813954,9,"[1.3440178752242953, 1.3445109154892119, 1.3452073147058552]"
autolink-balanced-2048,autolink,autolink-diagnostic,parse,208.9744745528999,204.86850729149597,1.02041381299385,1.016454356551028,1.0456461763395162,9,"[1.020321329165545, 1.018902224669802, 1.0447402250451765]"
autolink-balanced-2048,autolink,autolink-diagnostic,render,3539.7172492937852,2586.7634297520663,1.3687855595458345,1.3579748325422516,1.3792758772696767,9,"[1.3712905175616787, 1.3687855595458345, 1.3643315892529333]"
autolink-mixed-2048,autolink,autolink-diagnostic,fresh,4237.097867398648,3423.7854337431695,1.228337037380501,1.2131131684435246,1.2514741489441472,9,"[1.2219737042581789, 1.2482474626886773, 1.226180973691869]"
autolink-mixed-2048,autolink,autolink-diagnostic,reuse,3802.768047112462,3023.4941123188405,1.255868740393241,1.24868161198317,1.2583743783295118,9,"[1.2500585130099633, 1.2569949347562541, 1.2560151449882848]"
autolink-mixed-2048,autolink,autolink-diagnostic,parse,207.72588366007642,203.77487775061124,1.019614820486162,1.0162307496378096,1.0374914078633695,9,"[1.0202973887274631, 1.0195598742771026, 1.019614820486162]"
autolink-mixed-2048,autolink,autolink-diagnostic,render,3586.7769520057304,2821.8579673423424,1.2710692719179617,1.256941457764987,1.2781078097527605,9,"[1.2701075524993568, 1.2710692719179617, 1.274207095881255]"
autolink-closers-2048,autolink,autolink-diagnostic,fresh,6922.6448549723755,6899.21720467033,1.0010325930953323,0.9963585200591712,1.0100791704349785,9,"[1.003539589810899, 1.0007848603271459, 1.0009643808166422]"
autolink-closers-2048,autolink,autolink-diagnostic,reuse,6639.005952380952,6634.975694444444,1.0009968741202242,0.9950620556694372,1.0078479866210133,9,"[1.0009968741202242, 1.001632350753018, 1.000825792636811]"
autolink-closers-2048,autolink,autolink-diagnostic,parse,212.3430812669837,208.44838904634878,1.019631075326628,1.0161042403519616,1.0292863642617625,9,"[1.019651092771943, 1.019101133748821, 1.0200468964593041]"
autolink-closers-2048,autolink,autolink-diagnostic,render,6416.165865384615,6415.738461538462,1.0003935421605463,0.9963868020241378,1.0038309296739867,9,"[1.0032752560187865, 0.9990719412523715, 1.0003935421605463]"
autolink-unicode-2048,autolink,autolink-diagnostic,fresh,5792.414207175926,5489.1036184210525,1.0548545333289057,1.0511666284584136,1.0585961972906117,9,"[1.0548545333289057, 1.0532142307406187, 1.0564663867539672]"
autolink-unicode-2048,autolink,autolink-diagnostic,reuse,5399.936018318966,5102.038871951219,1.0585976148849048,1.0552316426930575,1.06095185008787,9,"[1.0581680006696306, 1.058625128707762, 1.0604736474391725]"
autolink-unicode-2048,autolink,autolink-diagnostic,parse,208.36175741543076,203.87372084964122,1.0201242855240962,1.0166533051697788,1.0223045702143587,9,"[1.0195458630978462, 1.0205509327270776, 1.0201242855240962]"
autolink-unicode-2048,autolink,autolink-diagnostic,render,5201.536566390041,4900.787353515625,1.0619203917293043,1.0567479026154882,1.0754544051253472,9,"[1.0585370945902999, 1.0611349318867636, 1.0710851682731841]"
autolink-long-clean-2048,autolink,autolink-diagnostic,fresh,1825.421989051095,1163.0704941860465,1.577050634917995,1.5327844665794104,1.61616596378068,9,"[1.581029371111233, 1.5926969984866348, 1.5660389233396754]"
autolink-long-clean-2048,autolink,autolink-diagnostic,reuse,1429.517857142857,763.2100312881563,1.873631531254355,1.8622435480851909,1.8900345072655445,9,"[1.8770136714869756, 1.865075146105642, 1.874078869963106]"
autolink-long-clean-2048,autolink,autolink-diagnostic,parse,210.9032346491228,207.13954295062956,1.018039542630546,1.0159010389196559,1.0206934652175343,9,"[1.0189430031788822, 1.0178977906888025, 1.0196559495997066]"
autolink-long-clean-2048,autolink,autolink-diagnostic,render,1220.403963414634,558.4739420500223,2.18442894911683,2.1670800166191575,2.1912325915025868,9,"[2.19057238877609, 2.1850714016348034, 2.1679654220993507]"
scanner-opt-0-plain-4096,opt-0,scanner-diagnostic,fresh,895.500581603436,881.2608350951374,1.0067124293000382,0.9587583547668915,1.0275053895616244,9,"[1.0026326365257296, 1.0067124293000382, 1.0085508203626394]"
scanner-opt-0-plain-4096,opt-0,scanner-diagnostic,reuse,607.653440840622,605.2714938286545,1.0039543597174652,0.9975215308865842,1.0092237013953123,9,"[1.0026205836174582, 1.0050288354646835, 1.0039543597174652]"
scanner-opt-0-plain-4096,opt-0,scanner-diagnostic,parse,391.24222661138924,387.7156007751938,1.0087380174496885,0.9809507636150908,1.0110444940643348,9,"[1.010470912174124, 1.0087380174496885, 0.9962240092128986]"
scanner-opt-0-plain-4096,opt-0,scanner-diagnostic,render,219.78882625703235,220.37955476735988,0.9972903459796626,0.9957292323367023,1.004416487215399,9,"[0.9965390573660985, 0.9972903459796626, 0.9975517895513997]"
scanner-opt-0-sparse-4096,opt-0,scanner-diagnostic,fresh,829.414124668435,825.244946369637,1.0032314520544519,0.9980687872327777,1.0131329487087444,9,"[1.0059507538813168, 1.0054782050609214, 1.0031511436852536]"
scanner-opt-0-sparse-4096,opt-0,scanner-diagnostic,reuse,551.9827262693157,548.9270193151888,1.0056123132748136,0.999177763674119,1.0087946526037528,9,"[1.007310730148948, 1.0045196136075236, 1.0056123132748136]"
scanner-opt-0-sparse-4096,opt-0,scanner-diagnostic,parse,355.8653394534586,352.1801672535211,1.007757315337701,0.9904826504699163,1.012921924922267,9,"[1.0060279851102163, 1.0113884029577669, 0.996784679844381]"
scanner-opt-0-sparse-4096,opt-0,scanner-diagnostic,render,198.9788052991725,199.63856894762057,0.9966350275282689,0.9914205861476134,0.9992805212448029,9,"[0.9941643485599666, 0.9975847439619774, 0.9982487297458629]"
scanner-opt-0-disabled-4096,opt-0,scanner-diagnostic,fresh,965.0034963348766,1000.0166366906475,0.9727725832469702,0.9510475655651,1.0172156248603872,9,"[0.9727725832469702, 0.965036813658095, 0.9939128987298202]"
scanner-opt-0-disabled-4096,opt-0,scanner-diagnostic,reuse,608.0950875486382,605.5532384987894,1.0041002912542403,1.003144529323667,1.0058812998462208,9,"[1.0047383898571955, 1.0035355765938554, 1.0046148532761037]"
scanner-opt-0-disabled-4096,opt-0,scanner-diagnostic,parse,390.5082858369769,387.57846404215746,1.007907337728452,0.9812472048938597,1.078137216929459,9,"[1.0080611439028695, 1.007907337728452, 1.0077040581514287]"
scanner-opt-0-disabled-4096,opt-0,scanner-diagnostic,render,219.586185886176,220.62958877515,0.9952343445899061,0.990288308116415,0.9978769549321898,9,"[0.9928064376201119, 0.9954459963078909, 0.9953021324249092]"
scanner-opt-1-plain-4096,opt-1,scanner-diagnostic,fresh,919.0603416605437,885.1485093772116,1.0004806681664207,0.9619578094954475,1.1229717500932135,9,"[0.969788484273714, 1.0401878095039894, 1.0014207932754788]"
scanner-opt-1-plain-4096,opt-1,scanner-diagnostic,reuse,607.5490464042759,604.4630860318995,1.0047088642794824,1.0007074692497633,1.0070978909719726,9,"[1.0063963867783312, 1.0058602418780331, 1.0044850792194198]"
scanner-opt-1-plain-4096,opt-1,scanner-diagnostic,parse,390.8293314316974,391.09500117297466,1.0086285680842892,0.9905965905528957,1.012209331949902,9,"[1.0058665162349378, 0.994680045152164, 1.0087075455079249]"
scanner-opt-1-plain-4096,opt-1,scanner-diagnostic,render,220.55886115031757,220.8479122504858,0.9986911757633444,0.9774030956591149,1.0216093245830966,9,"[1.0037282069073685, 0.9986911757633444, 0.982217954560974]"
scanner-opt-1-sparse-4096,opt-1,scanner-diagnostic,fresh,905.2873370745837,909.8700418486171,0.9957300550246003,0.986963064725649,1.0014413179149084,9,"[0.9999542102489505, 0.9938939007502235, 0.9957300550246003]"
scanner-opt-1-sparse-4096,opt-1,scanner-diagnostic,reuse,630.5438729198185,633.065,0.9965467412849985,0.9945164565374356,1.0008396440532061,9,"[0.9963880014488861, 0.996923135821097, 0.9959066753640502]"
scanner-opt-1-sparse-4096,opt-1,scanner-diagnostic,parse,423.2021996615905,423.31421435827974,1.0003270736344676,0.9984692232267324,1.0051110767556843,9,"[1.0005669447295804, 1.0003270736344676, 0.9987429776515744]"
scanner-opt-1-sparse-4096,opt-1,scanner-diagnostic,render,209.09620128784078,211.65896923142034,0.986907042871181,0.9845092781448072,0.9885980246395583,9,"[0.9878569207985469, 0.986907042871181, 0.9863256227396474]"
scanner-opt-1-disabled-4096,opt-1,scanner-diagnostic,fresh,976.6276123046875,959.1401457055215,1.0142500476072378,0.8892692064645155,1.1509414774471862,9,"[1.1367150695465156, 0.9394424945125521, 1.0155991283959511]"
scanner-opt-1-disabled-4096,opt-1,scanner-diagnostic,reuse,604.8999153362361,601.749864653513,1.0050862536818925,1.004380015357259,1.0068469386265448,9,"[1.0050772753386563, 1.0062829226438734, 1.0062044319571617]"
scanner-opt-1-disabled-4096,opt-1,scanner-diagnostic,parse,388.88672239502336,385.1531991068679,1.0096546663431956,1.0084218162783718,1.0137502329814077,9,"[1.0096546663431956, 1.0093002373188267, 1.010453370678064]"
scanner-opt-1-disabled-4096,opt-1,scanner-diagnostic,render,218.961426037835,219.82564401266046,0.9963971175687678,0.9938219591897236,1.021078583344496,9,"[0.9943342206846243, 0.996619738910223, 1.0112726715973466]"
scanner-opt-2-plain-4096,opt-2,scanner-diagnostic,fresh,934.5902699925261,902.9435694945848,1.0358246760536916,0.9569988316169546,1.143384033836671,9,"[1.063610886778386, 1.04255836679364, 1.0103099768384631]"
scanner-opt-2-plain-4096,opt-2,scanner-diagnostic,reuse,608.1375243190662,604.105661231884,1.0070505640082734,1.003844609494244,1.0127591560399851,9,"[1.011030631999383, 1.0070505640082734, 1.0059806798678999]"
scanner-opt-2-plain-4096,opt-2,scanner-diagnostic,parse,393.97644185313584,386.39845681396787,1.018863056559716,1.0086743696454452,1.0414874531260043,9,"[1.0241707307480918, 1.0110941638606776, 1.020303616202316]"
scanner-opt-2-plain-4096,opt-2,scanner-diagnostic,render,219.80022969052226,220.5565620589273,0.9972355736816847,0.9931450775298598,1.0095612002645284,9,"[0.9972355736816847, 0.9994102663053103, 0.995072304094249]"
scanner-opt-2-sparse-4096,opt-2,scanner-diagnostic,fresh,920.8068621134021,920.3161561810155,0.9993510433002658,0.9925879266632422,1.0070944277102225,9,"[0.9978189223545016, 1.0050579520322238, 0.9989687893809077]"
scanner-opt-2-sparse-4096,opt-2,scanner-diagnostic,reuse,643.3464359238292,643.5072696860525,1.0001864250940022,0.9744946169771432,1.011742093295104,9,"[0.9800220752201177, 1.0038642769944057, 1.0001864250940022]"
scanner-opt-2-sparse-4096,opt-2,scanner-diagnostic,parse,393.71130155856423,391.6171605856561,1.005448959074608,1.0025872370676128,1.017177662024379,9,"[1.0075953427958995, 1.003901931847579, 1.0080961838195244]"
scanner-opt-2-sparse-4096,opt-2,scanner-diagnostic,render,251.54044080667873,253.23792915738304,0.9938535648233757,0.9888662598930963,1.016900213054637,9,"[0.9954916080901048, 0.9948970688288732, 0.9927791324317369]"
scanner-opt-2-disabled-4096,opt-2,scanner-diagnostic,fresh,913.8085509495983,884.7411978060863,1.0065387152955976,0.9559735240689264,1.0646509655448055,9,"[1.0056334410366135, 1.0328540744068333, 1.0065387152955976]"
scanner-opt-2-disabled-4096,opt-2,scanner-diagnostic,reuse,605.8718659156976,601.5856631794131,1.005230170839668,1.0029068885668733,1.018767915528702,9,"[1.0048628375356166, 1.0075479345792855, 1.0030782358434582]"
scanner-opt-2-disabled-4096,opt-2,scanner-diagnostic,parse,389.048245955196,385.10788805050817,1.0102318286042768,1.0090440318993386,1.0178206679033188,9,"[1.009976553466697, 1.009543940493814, 1.0144677884406603]"
scanner-opt-2-disabled-4096,opt-2,scanner-diagnostic,render,218.7695920822397,219.8126373505626,0.9957271578961119,0.9933732105402813,1.0103505762154168,9,"[0.9939078512709583, 0.996093415736902, 0.9949439711228399]"
scanner-opt-3-plain-4096,opt-3,scanner-diagnostic,fresh,891.1233740199573,881.8327309590974,1.004430818682487,0.9974654105192323,1.1231085632474538,9,"[1.0036712515629798, 1.0570346652258513, 1.004430818682487]"
scanner-opt-3-plain-4096,opt-3,scanner-diagnostic,reuse,608.1102869649806,604.5960771276596,1.0060024995785442,1.0013836679531478,1.034462285501837,9,"[1.0126126128438842, 1.003031403955189, 1.0060024995785442]"
scanner-opt-3-plain-4096,opt-3,scanner-diagnostic,parse,390.67830078125,386.297999691072,1.0103103787613688,1.0082883953480137,1.0136893636449966,9,"[1.0096673894745372, 1.010740125435755, 1.0114276255600687]"
scanner-opt-3-plain-4096,opt-3,scanner-diagnostic,render,219.69195879458795,220.3021328840733,0.9966063373373134,0.9952706785769073,0.9989244710346648,9,"[0.9962059612336708, 0.9966063373373134, 0.998230460883716]"
scanner-opt-3-sparse-4096,opt-3,scanner-diagnostic,fresh,1034.3624896608767,1026.812448686371,1.006256302758525,1.0036532270963356,1.011882837927751,9,"[1.0094937192811477, 1.0057532401319136, 1.006256302758525]"
scanner-opt-3-sparse-4096,opt-3,scanner-diagnostic,reuse,752.5093637184116,752.1594445279616,1.0005756554728378,0.9986593635734861,1.0027015456607498,9,"[1.0003204547400637, 1.0005756554728378, 1.0012617350120812]"
scanner-opt-3-sparse-4096,opt-3,scanner-diagnostic,parse,479.17765427366805,476.1757425742574,1.007066429948988,0.9992011556623256,1.009177989146429,9,"[1.0087692224725784, 1.0084858450194238, 1.006056946965114]"
scanner-opt-3-sparse-4096,opt-3,scanner-diagnostic,render,275.78314581954555,277.9211352522783,0.9934153225080108,0.985076972989973,0.9986713530227618,9,"[0.9934153225080108, 0.996399360019555, 0.9889640533489003]"
scanner-opt-3-disabled-4096,opt-3,scanner-diagnostic,fresh,927.2232904002965,896.9233769727404,1.004406239611775,0.9514583979477654,1.0942223165881944,9,"[0.9970136039398003, 1.004406239611775, 1.0468167560369077]"
scanner-opt-3-disabled-4096,opt-3,scanner-diagnostic,reuse,606.7127153081028,603.04349987946,1.005988235899566,0.9950456086326993,1.0076423603623776,9,"[1.003544087395581, 1.0034655409979634, 1.0071283152231456]"
scanner-opt-3-disabled-4096,opt-3,scanner-diagnostic,parse,390.35628707461757,386.70142862666256,1.0093689175148617,1.0079342977208858,1.0159001624806674,9,"[1.010521716127339, 1.0104282627608436, 1.009195136236035]"
scanner-opt-3-disabled-4096,opt-3,scanner-diagnostic,render,219.6104316704725,220.45595463763004,0.9955947406856077,0.8696032726988051,0.9984727380809493,9,"[0.9970793841445277, 0.9950662645365929, 0.9955947406856077]"
scanner-opt-4-plain-4096,opt-4,scanner-diagnostic,fresh,888.3648348721591,884.1422162305516,1.006957375573549,0.9485163577829362,1.1265509903922426,9,"[1.0015269799919078, 1.006957375573549, 1.1191345933628145]"
scanner-opt-4-plain-4096,opt-4,scanner-diagnostic,reuse,608.1970452334631,604.6496010638298,1.0057780448223659,1.003733622417661,1.0073300885014014,9,"[1.0062228639879907, 1.0045436228399, 1.0057780448223659]"
scanner-opt-4-plain-4096,opt-4,scanner-diagnostic,parse,390.5436387066542,386.1344676497838,1.0111952277705958,1.0088182962221053,1.015231994741976,9,"[1.0103159365558563, 1.0111952277705958, 1.01143982849377]"
scanner-opt-4-plain-4096,opt-4,scanner-diagnostic,render,219.6058591691551,220.54476098077262,0.9951269353653196,0.9768492112390957,0.9975073905887993,9,"[0.9970496844809538, 0.9945753998827664, 0.9951269353653196]"
scanner-opt-4-sparse-4096,opt-4,scanner-diagnostic,fresh,912.7546989051095,903.5884438222544,1.009569999409492,1.0015692587595015,1.0326919764810158,9,"[1.0036410418589963, 1.010531158337647, 1.0102515933963774]"
scanner-opt-4-sparse-4096,opt-4,scanner-diagnostic,reuse,635.7125699034062,629.6766112789527,1.009567918731387,1.002228204264222,1.0123742238949665,9,"[1.0112022453654026, 1.0090323839158157, 1.009567918731387]"
scanner-opt-4-sparse-4096,opt-4,scanner-diagnostic,parse,415.602227393617,403.75307856912144,1.0141256416532687,1.0112452898473059,1.0405750211890044,9,"[1.025441400057777, 1.013701685875459, 1.0139444991084332]"
scanner-opt-4-sparse-4096,opt-4,scanner-diagnostic,render,228.61063803035844,229.00780820663124,0.996805680178227,0.975033852838592,1.005523413246738,9,"[0.9988540016658021, 0.996805680178227, 0.9902444026048429]"
scanner-opt-4-disabled-4096,opt-4,scanner-diagnostic,fresh,896.6593862007169,882.8998103387438,1.0155845269200974,0.9475479180075739,1.1540718034852837,9,"[1.0155845269200974, 0.9496429315761844, 1.0611324492030398]"
scanner-opt-4-disabled-4096,opt-4,scanner-diagnostic,reuse,607.0047026699029,603.1510039797395,1.006142997319735,1.0047767119632727,1.0223987142290312,9,"[1.0064396248623741, 1.0059488043230953, 1.006142997319735]"
scanner-opt-4-disabled-4096,opt-4,scanner-diagnostic,parse,390.9119549077837,386.5311920401855,1.0116104901688092,1.0093106613796632,1.0211021260862716,9,"[1.0105427999805825, 1.0112852428114396, 1.0166623167259534]"
scanner-opt-4-disabled-4096,opt-4,scanner-diagnostic,render,219.39829764829764,220.07844960387325,0.9966544095084875,0.9587977686635245,0.9981693064618271,9,"[0.993665430043007, 0.9966544095084875, 0.9970040620480976]"
scanner-opt-5-plain-4096,opt-5,scanner-diagnostic,fresh,886.0377170446492,886.7686170212766,0.9962397046356687,0.8846907700591656,1.0500946696433129,9,"[1.001942667191849, 1.001899333453426, 0.9960789787045852]"
scanner-opt-5-plain-4096,opt-5,scanner-diagnostic,reuse,607.8368072435586,604.1434027777777,1.0062695653935352,1.0033159770827664,1.0095763483623457,9,"[1.0065892013783164, 1.005217548575089, 1.0062695653935352]"
scanner-opt-5-plain-4096,opt-5,scanner-diagnostic,parse,390.57821774445483,386.3823682787392,1.0111008460734365,1.0092119076282817,1.0134532539111032,9,"[1.011409365866076, 1.0111008460734365, 1.010898053726165]"
scanner-opt-5-plain-4096,opt-5,scanner-diagnostic,render,219.63535811522922,220.52469135802468,0.9964884947278178,0.9923165243016642,1.0073689257930662,9,"[0.9964884947278178, 0.996209590834765, 1.0034421309673738]"
scanner-opt-5-sparse-4096,opt-5,scanner-diagnostic,fresh,1022.4771821340964,1014.5341139497161,1.0061599004344004,0.9876603708964435,1.010427943338585,9,"[1.0063178158500727, 1.0061599004344004, 0.9957120199979473]"
scanner-opt-5-sparse-4096,opt-5,scanner-diagnostic,reuse,742.6081316805225,739.4308840922531,1.0042968824492229,0.9988829895190297,1.0058174328904526,9,"[1.000916524215781, 1.0048554697055694, 1.0051264751584896]"
scanner-opt-5-sparse-4096,opt-5,scanner-diagnostic,parse,493.4505228887135,488.8024946247068,1.0088870143903848,0.9605520856061386,1.0176016581405305,9,"[1.0083546048645395, 1.0088870143903848, 1.0114788259873977]"
scanner-opt-5-sparse-4096,opt-5,scanner-diagnostic,render,248.99770339573791,250.77837888666,0.9924802735078617,0.9684448803424002,0.9947430284402947,9,"[0.9738736790199823, 0.9916700281601227, 0.9936069811155834]"
scanner-opt-5-disabled-4096,opt-5,scanner-diagnostic,fresh,965.6973938223938,954.4459685114504,1.0129211342783537,1.0030652356750702,1.0886311829190038,9,"[1.0401011069833308, 1.0129211342783537, 1.003722279115921]"
scanner-opt-5-disabled-4096,opt-5,scanner-diagnostic,reuse,609.7629052901024,607.3513689898009,1.00397057852082,1.0021713233196743,1.0084921549059862,9,"[1.0047321317164295, 1.00397057852082, 1.003861877968613]"
scanner-opt-5-disabled-4096,opt-5,scanner-diagnostic,parse,391.688048245614,387.78456498138956,1.0106482931412464,1.0088920446859824,1.015107585054619,9,"[1.010652292496956, 1.0090238081962182, 1.0106482931412464]"
scanner-opt-5-disabled-4096,opt-5,scanner-diagnostic,render,219.45590107092696,220.3515597462108,0.9963424286872141,0.9829030964385419,0.9977146440091872,9,"[0.9940351153611465, 0.9963424286872141, 0.9964047723637541]"
scanner-opt-6-plain-4096,opt-6,scanner-diagnostic,fresh,888.6390369580668,879.6744901547116,1.004622731806019,0.9219010900362077,1.112065445809248,9,"[1.0025473831219112, 1.0475784047028323, 1.010700959935835]"
scanner-opt-6-plain-4096,opt-6,scanner-diagnostic,reuse,607.9266984686436,604.4316094731754,1.0058090242813342,1.0044098899550253,1.0086638637849963,9,"[1.0059101261379113, 1.0054486789793626, 1.0058090242813342]"
scanner-opt-6-plain-4096,opt-6,scanner-diagnostic,parse,390.901775945608,386.2497296879827,1.0118381255295203,1.010497580302325,1.0151533560830355,9,"[1.0118381255295203, 1.0128331705849256, 1.0116145768567015]"
scanner-opt-6-plain-4096,opt-6,scanner-diagnostic,render,219.4523543092856,220.48381834215166,0.9947704697098079,0.9797355408776762,0.9988221971926108,9,"[0.9947704697098079, 0.9943508640264989, 0.995975569904641]"
scanner-opt-6-sparse-4096,opt-6,scanner-diagnostic,fresh,1029.2834619341563,1022.1970996732026,1.0071724011143637,1.0024339342722648,1.0096694750919928,9,"[1.0039930550521696, 1.0087414962148256, 1.0066180787518582]"
scanner-opt-6-sparse-4096,opt-6,scanner-diagnostic,reuse,749.6424797661871,746.9112529868578,1.003568796311679,1.0008183428933901,1.0075967525313518,9,"[1.0045519778965595, 1.0033504943323412, 1.0019862240171955]"
scanner-opt-6-sparse-4096,opt-6,scanner-diagnostic,parse,460.193239326463,456.52211117196055,1.0080415122612092,0.9937168685500468,1.01755648576909,9,"[1.0080415122612092, 0.9975745384651309, 1.0084296841584448]"
scanner-opt-6-sparse-4096,opt-6,scanner-diagnostic,render,291.3247611835974,293.76664561795116,0.9921396346523293,0.9860490872530587,0.9957297512129003,9,"[0.9921396346523293, 0.9931659959561926, 0.9919462164200109]"
scanner-opt-6-disabled-4096,opt-6,scanner-diagnostic,fresh,897.9411566762383,915.6858071010249,1.0063771060058022,0.9186580911422778,1.0667618219231592,9,"[1.0063771060058022, 0.9606622940136693, 1.0129453709797862]"
scanner-opt-6-disabled-4096,opt-6,scanner-diagnostic,reuse,607.8349082401555,604.4618324069598,1.004993020127071,1.0022308406261349,1.0156083276535444,9,"[1.0082216000581559, 1.004993020127071, 1.0041734860280935]"
scanner-opt-6-disabled-4096,opt-6,scanner-diagnostic,parse,391.1652260638298,386.74895607794616,1.0101779160264883,1.006631303501219,1.0218589581253676,9,"[1.011012160467099, 1.0122881540459705, 1.010055790392753]"
scanner-opt-6-disabled-4096,opt-6,scanner-diagnostic,render,219.76662491209564,220.45572319696703,0.9967267933414092,0.9947765298862747,1.010287987048875,9,"[0.9962793611589631, 0.9967267933414092, 1.0001367913349006]"
scanner-opt-7-plain-4096,opt-7,scanner-diagnostic,fresh,930.930449553239,893.8871738741958,1.0363257612660972,0.9490105214357356,1.1576806795939154,9,"[1.1473081171828183, 0.9877413123935251, 0.9705529320258944]"
scanner-opt-7-plain-4096,opt-7,scanner-diagnostic,reuse,607.2691537153959,605.0527892061956,1.0046192358062984,0.999506187047707,1.0069593089384996,9,"[1.004344923508836, 1.0046192358062984, 1.0048135966637337]"
scanner-opt-7-plain-4096,opt-7,scanner-diagnostic,parse,390.67138671875,386.48007148377127,1.0111724148416237,1.0071098610493385,1.0132417620748078,9,"[1.0072522373599917, 1.0117785822640515, 1.0100358718420048]"
scanner-opt-7-plain-4096,opt-7,scanner-diagnostic,render,219.72255601933216,220.58881462855126,0.9972378425315988,0.9951666530855231,1.0326822540816314,9,"[1.0015898501579132, 0.9960179695726444, 0.9972378425315988]"
scanner-opt-7-sparse-4096,opt-7,scanner-diagnostic,fresh,1147.9572821100917,1153.610989391144,0.9977354352050469,0.9938469549637279,1.0027025263161806,9,"[0.997500859341155, 0.9977103013526454, 0.9985209820726826]"
scanner-opt-7-sparse-4096,opt-7,scanner-diagnostic,reuse,870.5609559846903,869.8324061196106,1.0006578446228187,0.9937835191906111,1.0049736495398658,9,"[1.0016629047157013, 1.0001155627636737, 1.0005289275521994]"
scanner-opt-7-sparse-4096,opt-7,scanner-diagnostic,parse,551.7214793780327,551.1674608858528,1.0031484926208751,0.9961857107599165,1.016040896409755,9,"[1.0001510729567382, 1.0053213979573983, 1.004309508526786]"
scanner-opt-7-sparse-4096,opt-7,scanner-diagnostic,render,318.74223330359416,321.5121045524691,0.9908463719015255,0.9867875487776668,0.9979934185080627,9,"[0.9902069320515751, 0.9911219109265221, 0.9908463719015255]"
scanner-opt-7-disabled-4096,opt-7,scanner-diagnostic,fresh,885.2222443382873,884.1440505657708,1.0020876915744183,0.9574934466642387,1.0422367808050004,9,"[1.007900208935838, 0.9746483073577512, 1.0023052208533865]"
scanner-opt-7-disabled-4096,opt-7,scanner-diagnostic,reuse,606.5535086123241,603.1893240472745,1.005032788265757,0.9899270437437887,1.0090269875559699,9,"[1.005032788265757, 1.0050157805192423, 1.0056570639886941]"
scanner-opt-7-disabled-4096,opt-7,scanner-diagnostic,parse,390.5680451421431,387.2365186590276,1.0093280886096143,1.0078671192629658,1.0267306886079417,9,"[1.0083051814901605, 1.0091058486897428, 1.0213890439741387]"
scanner-opt-7-disabled-4096,opt-7,scanner-diagnostic,render,219.64443517217146,220.3285627753304,0.9965296663843602,0.9957658314438097,1.0233963381640494,9,"[0.9976840142858192, 0.9970267549053795, 0.9959849371305298]"
scanner-opt-0-plain-16000,opt-0,scanner-diagnostic,fresh,2559.78668200409,2520.452683971774,1.0085041464346187,0.9613832887440251,1.0323080986541793,9,"[1.0235940076529229, 1.0085041464346187, 0.9973586359953751]"
scanner-opt-0-plain-16000,opt-0,scanner-diagnostic,reuse,2152.720256024096,2136.867640784983,1.0045295399752778,0.9853165076150574,1.035436214172365,9,"[1.0048789701320742, 1.0132852622981654, 1.0025335737043743]"
scanner-opt-0-plain-16000,opt-0,scanner-diagnostic,parse,1382.707458563536,1378.9880788313121,1.0025783771403354,0.9995183026098239,1.0037463451641184,9,"[1.0024656739481554, 1.0025783771403354, 1.0031295206082007]"
scanner-opt-0-plain-16000,opt-0,scanner-diagnostic,render,759.7988494835965,755.6803814199395,1.0038584131262065,0.9887007686166772,1.022809462870825,9,"[1.0063450602608652, 0.9959151432344666, 1.0038584131262065]"
scanner-opt-0-sparse-16000,opt-0,scanner-diagnostic,fresh,2488.459865805169,2477.5191212871287,1.005540524318706,0.9830022512085347,1.0287156357541347,9,"[0.9991885258194332, 1.0030904794643367, 1.0286862855975436]"
scanner-opt-0-sparse-16000,opt-0,scanner-diagnostic,reuse,2119.376747881356,2116.48244500846,0.9998490336617706,0.991170086002763,1.019413359595409,9,"[0.9998490336617706, 0.9993198982232558, 1.0055990171439584]"
scanner-opt-0-sparse-16000,opt-0,scanner-diagnostic,parse,1373.264853183315,1370.0384036144578,1.0027045850681935,0.9954619768921329,1.0041472762479817,9,"[1.0001571974954433, 1.002996083747181, 1.0027045850681935]"
scanner-opt-0-sparse-16000,opt-0,scanner-diagnostic,render,752.9663418121613,754.6889144538322,1.0017149381446981,0.9623618353296538,1.0172707254847093,9,"[1.0017149381446981, 1.003937204791936, 0.9703986583842711]"
scanner-opt-0-disabled-16000,opt-0,scanner-diagnostic,fresh,2503.0260625,2485.8556784294233,1.0035310930486443,0.9965277347690272,1.0165457378332783,9,"[1.0010290935215205, 1.0076152543939454, 1.011904067869277]"
scanner-opt-0-disabled-16000,opt-0,scanner-diagnostic,reuse,2140.119764957265,2130.8715928449747,1.004114336647566,1.0017847278011387,1.0134916237072964,9,"[1.0018752934866764, 1.0068662954254515, 1.0059477171058324]"
scanner-opt-0-disabled-16000,opt-0,scanner-diagnostic,parse,1383.6810356747787,1379.8979028697572,1.002741603416567,1.000296814093748,1.0058918200145048,9,"[1.0035981594087118, 1.0025702364596736, 1.002741603416567]"
scanner-opt-0-disabled-16000,opt-0,scanner-diagnostic,render,755.9892684401451,758.0707057307459,0.9987631006219638,0.953537258488584,1.0142362407530516,9,"[0.9987631006219638, 1.000909972066197, 0.9950151573979108]"
scanner-opt-1-plain-16000,opt-1,scanner-diagnostic,fresh,2536.1546019269776,2548.243380855397,1.0050292198683828,0.9774330208188333,1.0480874834533405,9,"[1.0050292198683828, 1.007020281532033, 0.9914640193632972]"
scanner-opt-1-plain-16000,opt-1,scanner-diagnostic,reuse,2147.976643041237,2140.10860042735,1.0024359884969456,0.9924006547289872,1.0103229252414503,9,"[1.0057122231259614, 0.9962979062810883, 1.0024359884969456]"
scanner-opt-1-plain-16000,opt-1,scanner-diagnostic,parse,1382.7002762430939,1379.9151490066224,1.002622095720682,0.9957428617041656,1.0058276000965956,9,"[1.0007102851626086, 1.002622095720682, 1.003831161821586]"
scanner-opt-1-plain-16000,opt-1,scanner-diagnostic,render,756.4347965819721,756.4072141560798,0.9994044058409821,0.8870322890264886,1.0279078021120232,9,"[1.014674775806378, 0.9994044058409821, 0.9941037560633228]"
scanner-opt-1-sparse-16000,opt-1,scanner-diagnostic,fresh,2823.6162528216705,2833.9166430995474,0.9961995237732383,0.9903340858914057,0.999870895468481,9,"[0.9961995237732383, 0.9942185077979212, 0.9977135712733403]"
scanner-opt-1-sparse-16000,opt-1,scanner-diagnostic,reuse,2462.5445989173227,2474.511610671937,0.9961915751190588,0.9727387576547822,1.0124198927232118,9,"[0.9983082008633889, 0.9941228099953622, 0.9967738415086642]"
scanner-opt-1-sparse-16000,opt-1,scanner-diagnostic,parse,1636.037908496732,1635.803022875817,1.0005749345615869,0.9957332007655638,1.0248161580944906,9,"[1.0027934895145145, 1.0005749345615869, 0.9991574599217848]"
scanner-opt-1-sparse-16000,opt-1,scanner-diagnostic,render,823.9759963768116,837.2299824297189,0.9841692410316661,0.9820123867580198,0.988968469219807,9,"[0.984161886829687, 0.9841692410316661, 0.9859598982241284]"
scanner-opt-1-disabled-16000,opt-1,scanner-diagnostic,fresh,2504.1823125,2525.6786616161617,1.002654750605021,0.9501382954923508,1.0095890692611296,9,"[0.995038898556715, 1.0047077077254474, 0.9874933777876443]"
scanner-opt-1-disabled-16000,opt-1,scanner-diagnostic,reuse,2134.214537116041,2133.752399744027,1.000181199313047,0.9953733306975089,1.0099330186325597,9,"[1.000181199313047, 1.0006485122542284, 0.9999479157880269]"
scanner-opt-1-disabled-16000,opt-1,scanner-diagnostic,parse,1383.073216261062,1380.6294495033112,1.0014790811020022,0.9962747090785384,1.003698926940516,9,"[1.0017553111440531, 1.0004830199403991, 1.0018237395408427]"
scanner-opt-1-disabled-16000,opt-1,scanner-diagnostic,render,758.8396351638349,762.0520071602681,0.9964436174675805,0.9835171901364974,1.0310538118479775,9,"[0.9964436174675805, 1.003453622519151, 0.9852507165971558]"
scanner-opt-2-plain-16000,opt-2,scanner-diagnostic,fresh,2488.9594930417493,2488.9155069582507,1.0005763089845057,0.9961440288173377,1.0045579734123977,9,"[0.9980438876712694, 1.0022516574395706, 1.0016703193395458]"
scanner-opt-2-plain-16000,opt-2,scanner-diagnostic,reuse,2132.8768632879046,2131.7521827086885,1.0015897208559674,0.9979869586026363,1.0241633182862255,9,"[1.0215520437026777, 1.0005172796189319, 0.9999562967984806]"
scanner-opt-2-plain-16000,opt-2,scanner-diagnostic,parse,1382.2182665745856,1380.0689500551875,1.0016661424031506,0.995348029748459,1.0175104942683484,9,"[1.001677686877252, 1.0016661424031506, 1.0015521669443967]"
scanner-opt-2-plain-16000,opt-2,scanner-diagnostic,render,755.1595901268116,758.7037317961165,0.997668050971213,0.9777721179077746,1.0190722514287276,9,"[0.9835747547434578, 1.0000895566210117, 1.0001446822559386]"
scanner-opt-2-sparse-16000,opt-2,scanner-diagnostic,fresh,2994.991028708134,2991.0972637559807,0.9998419627833083,0.9830471301921974,1.005366920296046,9,"[0.9973942641649324, 1.0016589801718452, 0.9876953223663166]"
scanner-opt-2-sparse-16000,opt-2,scanner-diagnostic,reuse,2628.268907563025,2630.5830488445376,0.9985695031994619,0.9966240934109002,1.0010271870332892,9,"[0.9992531262820646, 0.9980676793800678, 0.9971761502930522]"
scanner-opt-2-sparse-16000,opt-2,scanner-diagnostic,parse,1623.0392752918287,1618.1627991591204,1.0030135880859716,1.0013818333564,1.0069297110964261,9,"[1.0030135880859716, 1.0039526876824139, 1.0023842713224775]"
scanner-opt-2-sparse-16000,opt-2,scanner-diagnostic,render,1004.0514897672552,1014.2774989862124,0.9899179374193174,0.9858635044930323,0.9996772165566791,9,"[0.9899254295270848, 0.9896676576820356, 0.9899179374193174]"
scanner-opt-2-disabled-16000,opt-2,scanner-diagnostic,fresh,2569.3660164271046,2530.7544281376518,1.015142805682782,0.9795236452719621,1.0353745881429766,9,"[1.0152569478334832, 1.0119365520620303, 1.015142805682782]"
scanner-opt-2-disabled-16000,opt-2,scanner-diagnostic,reuse,2138.9133547008546,2138.5216346153848,1.0009764799575258,0.9801882590170937,1.0140945828714492,9,"[0.999414252101288, 0.9987465401545401, 1.011560847823784]"
scanner-opt-2-disabled-16000,opt-2,scanner-diagnostic,parse,1386.278443736142,1382.8384264380531,1.0028152516689384,1.0004960599333685,1.0064162394501606,9,"[1.0021723986520272, 1.0034715791300957, 1.0019371840153315]"
scanner-opt-2-disabled-16000,opt-2,scanner-diagnostic,render,765.3652080783354,759.2537188828172,1.0033355470144962,0.9001112516438101,1.043260589379601,9,"[0.9867405879068863, 1.0033355470144962, 1.0185238131767798]"
scanner-opt-3-plain-16000,opt-3,scanner-diagnostic,fresh,2504.3020625,2487.5176441351887,1.0023969412315643,0.9243554788526306,1.0226672112611375,9,"[0.9951668798012658, 1.000812589668662, 1.0067474570097559]"
scanner-opt-3-plain-16000,opt-3,scanner-diagnostic,reuse,2135.4788822525597,2135.2033383105804,1.001568401468251,0.9974935718682287,1.0065518871561665,9,"[1.0045630890747004, 1.001568401468251, 0.9978946467500097]"
scanner-opt-3-plain-16000,opt-3,scanner-diagnostic,parse,1383.7746474004425,1380.1364859271523,1.0030872846497734,0.9985141966483266,1.0060218373372622,9,"[1.0037678366210356, 1.0030872846497734, 1.0019081352206318]"
scanner-opt-3-plain-16000,opt-3,scanner-diagnostic,render,751.0815503003003,757.4465475469412,0.9910100481232496,0.9410068770529908,1.0064519702701735,9,"[0.9910100481232496, 0.9947616495427063, 0.961056867582749]"
scanner-opt-3-sparse-16000,opt-3,scanner-diagnostic,fresh,3164.9765625,3171.2882911392403,0.9989008900943842,0.9927638551830139,1.0040552745060856,9,"[0.9963207299631741, 1.0005098350203883, 0.9976709832507664]"
scanner-opt-3-sparse-16000,opt-3,scanner-diagnostic,reuse,2795.2444893973216,2808.695908071749,0.9955305168994508,0.9902815454045267,0.9972845538992822,9,"[0.9943773258984919, 0.996790862160698, 0.995834018898868]"
scanner-opt-3-sparse-16000,opt-3,scanner-diagnostic,parse,1764.9197813822284,1770.9421476628895,0.9967756607125606,0.9939007482011736,1.0050321191363387,9,"[0.9961874957116138, 0.997027427639378, 0.9981315879546617]"
scanner-opt-3-sparse-16000,opt-3,scanner-diagnostic,render,1033.1165617258464,1039.9684382793018,0.9953407127245294,0.9849844503517127,1.0002934959425747,9,"[0.9917113853857561, 0.9961974646855185, 0.9953407127245294]"
scanner-opt-3-disabled-16000,opt-3,scanner-diagnostic,fresh,2499.456836327345,2482.7965029761904,1.005667705943679,1.000966169419914,1.014098393091533,9,"[1.0049502208040717, 1.005667705943679, 1.00825451825015]"
scanner-opt-3-disabled-16000,opt-3,scanner-diagnostic,reuse,2141.8735552226026,2142.975010702055,0.9958352838128604,0.9736091380270979,1.0500388374607452,9,"[0.9938764728021872, 0.9958352838128604, 1.0022266358126184]"
scanner-opt-3-disabled-16000,opt-3,scanner-diagnostic,parse,1382.75783839779,1380.176738410596,1.0022019449938402,0.9925915309468231,1.0030146380305736,9,"[1.0022019449938402, 1.0008009281988441, 1.0024957629384939]"
scanner-opt-3-disabled-16000,opt-3,scanner-diagnostic,render,759.580517162819,760.5956508515815,0.992728033284095,0.9726666039205828,1.0471608356232598,9,"[0.9830631060337904, 1.0045747286818516, 0.9856279403528344]"
scanner-opt-4-plain-16000,opt-4,scanner-diagnostic,fresh,2490.2175074552683,2482.039496527778,1.0038527838584688,0.9999875258965506,1.0174978027325376,9,"[1.001728438924455, 1.0015980178550783, 1.0136492989511605]"
scanner-opt-4-plain-16000,opt-4,scanner-diagnostic,reuse,2141.160102739726,2139.438675213675,1.0007419063086311,0.9952666267825308,1.018631544431672,9,"[0.9991821190130267, 0.9993407340304796, 1.0074436045486164]"
scanner-opt-4-plain-16000,opt-4,scanner-diagnostic,parse,1381.9334254143646,1379.4000826901874,1.0017958504906757,0.9998708329666561,1.0030272816639751,9,"[1.0025134505200168, 1.0015649962798996, 1.001563392048806]"
scanner-opt-4-plain-16000,opt-4,scanner-diagnostic,render,763.7804482284668,756.764225181598,0.9951158177439539,0.9115067063300223,1.1673778887723043,9,"[1.095085110412821, 0.9951158177439539, 0.9464545963541129]"
scanner-opt-4-sparse-16000,opt-4,scanner-diagnostic,fresh,2928.9861680327867,2924.923335280374,1.003210002213141,0.997595862977867,1.0044912156600394,9,"[1.0035921750250862, 1.003210002213141, 1.0013890390573343]"
scanner-opt-4-sparse-16000,opt-4,scanner-diagnostic,reuse,2563.618019979508,2562.262551229508,1.0003510943305645,0.9817267752962916,1.0106782117897848,9,"[1.0007962023682393, 1.0003510943305645, 1.0001343047686788]"
scanner-opt-4-sparse-16000,opt-4,scanner-diagnostic,parse,1656.5828642384106,1651.3886873350923,1.0018768243907652,0.9995525581580741,1.004903747724568,9,"[1.0031756197278097, 1.0018768243907652, 1.001414829526844]"
scanner-opt-4-sparse-16000,opt-4,scanner-diagnostic,render,906.725888324873,915.1844116032211,0.9896747233304455,0.9767845988997697,0.9933449212531026,9,"[0.9896747233304455, 0.9902363617527448, 0.9892612583867952]"
scanner-opt-4-disabled-16000,opt-4,scanner-diagnostic,fresh,2523.7603956653224,2552.686543367347,1.0016272364371266,0.9743152865113999,1.0165781666083946,9,"[1.0016272364371266, 0.9959614736362787, 1.0088893798311278]"
scanner-opt-4-disabled-16000,opt-4,scanner-diagnostic,reuse,2139.1136752136754,2138.321314102564,0.9998658169086573,0.9931461739622732,1.00358165253054,9,"[1.0027479043501206, 0.9986533138725558, 0.9979214999479638]"
scanner-opt-4-disabled-16000,opt-4,scanner-diagnostic,parse,1382.9090154867256,1381.1712541390727,1.0015177410445957,0.9984821231534293,1.0040657364816266,9,"[1.002673582682325, 1.0006340308197046, 1.0012206368084293]"
scanner-opt-4-disabled-16000,opt-4,scanner-diagnostic,render,772.0767554012345,760.6503193430657,1.0189583478190256,0.96751306248041,1.194619380872101,9,"[0.9982127455578473, 1.026967817696936, 0.9997907692802734]"
scanner-opt-5-plain-16000,opt-5,scanner-diagnostic,fresh,2499.916853792415,2485.684828528827,1.007095756415019,1.0008621506350088,1.0332505097452034,9,"[1.029098510261555, 1.0063469530153668, 1.002403485547758]"
scanner-opt-5-plain-16000,opt-5,scanner-diagnostic,reuse,2136.3298848122868,2140.8501712328766,1.0007910388663195,0.9817218919470514,1.014063906471419,9,"[1.0063196167268529, 0.9995294705571343, 0.9978885554527215]"
scanner-opt-5-plain-16000,opt-5,scanner-diagnostic,parse,1382.5837361878453,1379.8145695364237,1.0015009855404442,0.9981452926021049,1.0117574313948365,9,"[1.0015009855404442, 1.0008778423637237, 1.0028420625240984]"
scanner-opt-5-plain-16000,opt-5,scanner-diagnostic,render,760.8023874695864,771.1496223797781,1.0013736964976803,0.9430200693806609,1.028671708007079,9,"[1.0074271645787438, 0.9865820657756922, 1.0013736964976803]"
scanner-opt-5-sparse-16000,opt-5,scanner-diagnostic,fresh,3070.1911764705883,3083.676493226601,0.9959963643159951,0.9709577303932005,0.9988536463737241,9,"[0.9924281830872145, 0.9972023932826322, 0.9961425528147532]"
scanner-opt-5-sparse-16000,opt-5,scanner-diagnostic,reuse,2709.0830627705627,2715.448142624729,0.9981607531190457,0.9874465342491838,1.006628778480283,9,"[0.9969737626426359, 0.9980835724156876, 1.0055455643372493]"
scanner-opt-5-sparse-16000,opt-5,scanner-diagnostic,parse,1792.9818230659025,1792.8866851719197,0.9998428389892688,0.9761798518207532,1.0174881572900236,9,"[0.9998428389892688, 0.9988437770473935, 1.0010317075855226]"
scanner-opt-5-sparse-16000,opt-5,scanner-diagnostic,render,919.159765625,927.0611332468495,0.99421853732781,0.9881538614484212,1.0003406865563587,9,"[0.99421853732781, 0.9990542969851601, 0.9891372900027543]"
scanner-opt-5-disabled-16000,opt-5,scanner-diagnostic,fresh,2504.5599375,2529.2771464646466,1.0029203792205366,0.9806240873847045,1.0176928028861452,9,"[1.0021533975760502, 1.0036833200795494, 0.9961025375367892]"
scanner-opt-5-disabled-16000,opt-5,scanner-diagnostic,reuse,2143.962703339041,2141.070954623288,1.0014105401627267,0.9954381547342319,1.0109304378998156,9,"[0.9985778306706425, 1.00868469121555, 1.0014105401627267]"
scanner-opt-5-disabled-16000,opt-5,scanner-diagnostic,parse,1385.9912001108648,1383.2849142699115,1.0018723482413447,0.993860295234135,1.0786033066354774,9,"[1.0018723482413447, 1.0011260011809948, 1.0027929816212797]"
scanner-opt-5-disabled-16000,opt-5,scanner-diagnostic,render,760.500608272506,763.2855425824176,0.9885087861026622,0.9575956148801229,1.0221423090492658,9,"[0.9726996378806302, 1.0086460543207385, 0.9885087861026622]"
scanner-opt-6-plain-16000,opt-6,scanner-diagnostic,fresh,2522.7759576612902,2494.1665836653387,1.0072432879238677,0.9702073254537861,1.052506222787383,9,"[1.0072432879238677, 1.0294640296765674, 0.9750270960908667]"
scanner-opt-6-plain-16000,opt-6,scanner-diagnostic,reuse,2135.1700085324233,2132.2490949744465,1.0022712876550584,0.9942242311227697,1.0130828658054742,9,"[0.9969331816652761, 1.0038600825330801, 1.008624871184169]"
scanner-opt-6-plain-16000,opt-6,scanner-diagnostic,parse,1382.1823204419888,1379.2981670341785,1.0023977628592418,0.9975990002681807,1.0072740365394097,9,"[1.0023977628592418, 1.00408815570924, 0.9981758209228159]"
scanner-opt-6-plain-16000,opt-6,scanner-diagnostic,render,758.8933555825242,758.7140094053398,0.9919564142036532,0.9756143208347102,1.040138623198646,9,"[0.9985664526213937, 0.9824857663596832, 0.9919564142036532]"
scanner-opt-6-sparse-16000,opt-6,scanner-diagnostic,fresh,3212.39983974359,3201.6664002557545,1.0033524540492345,0.9974883796773036,1.0118807051762264,9,"[1.0033524540492345, 0.9985750321942944, 1.0069251614657024]"
scanner-opt-6-sparse-16000,opt-6,scanner-diagnostic,reuse,2847.2360795454547,2847.1265625,0.9997316695519022,0.9854871400265786,1.0101870959342962,9,"[1.0000853122278985, 0.9997316695519022, 0.9900585150015246]"
scanner-opt-6-sparse-16000,opt-6,scanner-diagnostic,parse,1755.9727440308989,1746.601126047486,1.0049224971526962,0.9788390489985631,1.0087663370359814,9,"[1.005480371329797, 0.994916360642149, 1.0049224971526962]"
scanner-opt-6-sparse-16000,opt-6,scanner-diagnostic,render,1087.9750598346388,1100.6249174735915,0.9899657189843655,0.9745246672870266,0.9944620783827272,9,"[0.9918675034273019, 0.9899657189843655, 0.9860358416999276]"
scanner-opt-6-disabled-16000,opt-6,scanner-diagnostic,fresh,2560.1141998977505,2506.9435746492986,1.0178837610941738,0.9994684835138893,1.027583114360503,9,"[1.0201747927147977, 1.0106995103173528, 1.0113043848091219]"
scanner-opt-6-disabled-16000,opt-6,scanner-diagnostic,reuse,2137.192841880342,2133.6235068259384,1.0020084398753952,0.9967976129529421,1.0043672465761055,9,"[0.9990820207400463, 1.0029959701908433, 1.0020084398753952]"
scanner-opt-6-disabled-16000,opt-6,scanner-diagnostic,parse,1383.382881637168,1379.3943288313121,1.0030229144873821,1.0014969497941903,1.0060550918514206,9,"[1.002616011339321, 1.0031534818604904, 1.0057533678549468]"
scanner-opt-6-disabled-16000,opt-6,scanner-diagnostic,render,756.248903508772,763.0978874313606,0.995701128717019,0.9584822622406871,1.0232418398307697,9,"[0.9804043404965798, 0.9915076347600726, 1.015896192403942]"
scanner-opt-7-plain-16000,opt-7,scanner-diagnostic,fresh,2594.6928163900416,2522.2404233870966,1.006197497561826,0.9973874221179699,1.039130976902127,9,"[1.0257562071289412, 1.0025710013979743, 1.000049994063205]"
scanner-opt-7-plain-16000,opt-7,scanner-diagnostic,reuse,2136.9631505972698,2133.776823805461,1.001493280251365,0.9659023176199701,1.07109933424639,9,"[1.0594059203226254, 1.001493280251365, 0.9830533458476975]"
scanner-opt-7-plain-16000,opt-7,scanner-diagnostic,parse,1381.934841160221,1381.2773480662984,1.0004132221721227,0.9947039997854215,1.0073230343452249,9,"[1.0002456921726692, 1.0011350102920338, 1.0002197901534011]"
scanner-opt-7-plain-16000,opt-7,scanner-diagnostic,render,760.5370475973236,756.4899425287356,1.0014752368892093,0.9680015788893068,1.0360444467328338,9,"[1.0063168449852258, 0.9869746224733219, 1.032459264901729]"
scanner-opt-7-sparse-16000,opt-7,scanner-diagnostic,fresh,3610.650846541787,3617.75198699422,0.9976562179637053,0.9846748843735398,1.0052078804559517,9,"[0.9976562179637053, 0.9999344209053662, 0.9976112235740842]"
scanner-opt-7-sparse-16000,opt-7,scanner-diagnostic,reuse,3242.221259715026,3251.0586038961037,0.997174814001793,0.9940234081164958,1.0022363881558665,9,"[0.9951582667185782, 0.9979165165611382, 0.9987866777945468]"
scanner-opt-7-sparse-16000,opt-7,scanner-diagnostic,parse,2041.2099816476345,2036.6703990228013,1.0028817065512128,0.978574616812995,1.007583573760825,9,"[1.000675874695001, 1.0055252630665956, 1.0028817065512128]"
scanner-opt-7-sparse-16000,opt-7,scanner-diagnostic,render,1206.2578049662488,1220.1117682926829,0.9917788303905797,0.9822453940760177,0.9998927552980496,9,"[0.992328175891558, 0.9872953669752949, 0.9917788303905797]"
scanner-opt-7-disabled-16000,opt-7,scanner-diagnostic,fresh,2522.523941532258,2539.279094827586,0.9942941662301765,0.979604195873586,1.0156393998669837,9,"[0.9934016101934373, 0.9834828132358029, 1.001916748051334]"
scanner-opt-7-disabled-16000,opt-7,scanner-diagnostic,reuse,2140.6026862157532,2132.9167908858603,1.001907527455727,0.999701511411123,1.005194565176362,9,"[1.0007607862818457, 1.004266691423244, 1.0021807653703683]"
scanner-opt-7-disabled-16000,opt-7,scanner-diagnostic,parse,1384.0713841261063,1381.2014003863135,1.0009898395571364,0.9973657281410151,1.0082472526331827,9,"[1.003838936722762, 1.000311272999387, 1.0030553816878833]"
scanner-opt-7-disabled-16000,opt-7,scanner-diagnostic,render,762.3602705792683,768.4924708051628,0.9826869901755705,0.9334802249999055,1.010908126129016,9,"[0.9816602762260699, 0.9999854096967157, 0.9795934984887674]"
autolink-broad--comment-ack,autolink,comments,fresh,391.5062343407454,380.204763986014,1.029512748627203,1.0232039725254034,1.0425191664373732,9,"[1.029512748627203, 1.0236323746501763, 1.0422875670197278]"
autolink-broad--comment-ack,autolink,comments,reuse,112.08386934110264,105.13882347994281,1.065934964063678,1.0463969981705736,1.0698553880419428,9,"[1.0622335419671676, 1.0678744893157806, 1.0652951851593413]"
autolink-broad--comment-ack,autolink,comments,parse,44.26788259614703,39.62917445951943,1.1139019548614306,1.1074700997051594,1.122427907662807,9,"[1.1093602517356935, 1.1189417142377465, 1.1139019548614306]"
autolink-broad--comment-ack,autolink,comments,render,70.46825147970688,66.99487735116017,1.0520807657727693,1.0497753125176132,1.0605522415163506,9,"[1.0576526722000343, 1.0530373875114232, 1.0498620145992725]"
autolink-broad--comment-question,autolink,comments,fresh,400.8938762423854,397.2082175190597,1.010290199917788,0.9934814487901931,1.036027842526378,9,"[0.9959276650813074, 1.010290199917788, 1.0202919714221326]"
autolink-broad--comment-question,autolink,comments,reuse,126.5213604392268,124.49568643561398,1.0147556647969376,0.9898419187850763,1.0210069094611158,9,"[1.0019045622637002, 1.01880815960777, 1.0172971119317762]"
autolink-broad--comment-question,autolink,comments,parse,52.2973325211244,49.13804857316929,1.065730766607755,1.0537440333146992,1.0725566313100405,9,"[1.0666019300747016, 1.066118811299264, 1.0636111239387547]"
autolink-broad--comment-question,autolink,comments,render,75.42138671875,76.37509928514694,0.9860747527187943,0.9797773545402746,0.988672919042233,9,"[0.9842006139990275, 0.986769452187097, 0.9880753651331012]"
autolink-broad--comment-review,autolink,comments,fresh,463.98035714285714,458.6395130227439,1.0154326838982215,1.0002572900814672,1.0190094188187346,9,"[1.0172084018034488, 1.0098086000150548, 1.0101688327329112]"
autolink-broad--comment-review,autolink,comments,reuse,188.23161321890996,184.03729482555573,1.0207152347926625,1.0174624737970213,1.0287010108752659,9,"[1.0284475454831774, 1.0203592712609626, 1.0248887491740974]"
autolink-broad--comment-review,autolink,comments,parse,88.15036225497109,83.13158747838808,1.0605615543573474,1.0254152308180575,1.066434435122535,9,"[1.05820016538847, 1.061328737450795, 1.0608980181624765]"
autolink-broad--comment-review,autolink,comments,render,101.74082258523883,103.16361765555372,0.9876130767110469,0.9751873031401255,0.9890996840577634,9,"[0.9885745177090958, 0.9876130767110469, 0.9862083639305345]"
autolink-broad--comment-links,autolink,comments,fresh,754.382162243667,663.5692970822281,1.1381760202072648,1.125121863920759,1.1450773122658084,9,"[1.1381760202072648, 1.1428052745271946, 1.12889236219291]"
autolink-broad--comment-links,autolink,comments,reuse,464.6976147342995,376.9986712153197,1.2317413690516168,1.229980826159473,1.23945399792453,9,"[1.2343344769373383, 1.2314176529849405, 1.2310229176799286]"
autolink-broad--comment-links,autolink,comments,parse,266.79901856197995,220.12475242077466,1.2124443415983996,1.209238778008483,1.2170675125425061,9,"[1.2132161626949722, 1.2124443415983996, 1.2114309221553763]"
autolink-broad--comment-links,autolink,comments,render,194.53412848140655,151.93029225908373,1.282219024628387,1.2741609637767781,1.28521703759047,9,"[1.282219024628387, 1.282150044785918, 1.2825426504156752]"
autolink-broad--comment-checklist,autolink,comments,fresh,1071.667014781491,1035.2058412665563,1.0319676740619443,1.0103062498871387,1.037725037664219,9,"[1.018311984945289, 1.0362486602175223, 1.0366480166967955]"
autolink-broad--comment-checklist,autolink,comments,reuse,765.7310548071035,724.7909057971015,1.0587175467514265,1.0299468275229988,1.07059495132596,9,"[1.0558879322230708, 1.0499617218855948, 1.0619435585272736]"
autolink-broad--comment-checklist,autolink,comments,parse,520.6647455245628,498.0790338645418,1.0368404838642726,1.0249898282718595,1.0527028880546607,9,"[1.0368404838642726, 1.049918675663954, 1.0255566514510923]"
autolink-broad--comment-checklist,autolink,comments,render,248.14700337368527,233.02583294501397,1.0664867889249594,1.059632274060833,1.0961267380669562,9,"[1.0664867889249594, 1.0924566145855206, 1.0615532789451014]"
autolink-broad--comment-quote,autolink,comments,fresh,553.2603844026548,541.8539725953207,1.020256219560252,1.0128714934409582,1.0237555126158313,9,"[1.016733734532487, 1.023743357772767, 1.013955705412527]"
autolink-broad--comment-quote,autolink,comments,reuse,260.39009787588503,247.2645157702195,1.053183660946298,1.0342136495358683,1.0723483864095755,9,"[1.0539662203696551, 1.053183660946298, 1.0518389206625303]"
autolink-broad--comment-quote,autolink,comments,parse,148.21107085704125,139.33394628329432,1.0626689977624946,1.0569037578002363,1.0899303529548536,9,"[1.0626689977624946, 1.078835560232033, 1.059672550370658]"
autolink-broad--comment-quote,autolink,comments,render,113.44040664700545,109.71666026766125,1.0349432185116667,1.029157827007218,1.042398871963381,9,"[1.0299404540966939, 1.0349432185116667, 1.0355773265845345]"
autolink-broad--comment-unicode,autolink,comments,fresh,716.4316260744986,709.1199127906976,1.0093130703912636,1.0013894441707398,1.0161256371110954,9,"[1.007727285694332, 1.0152132125416036, 1.007579992848742]"
autolink-broad--comment-unicode,autolink,comments,reuse,425.53616405718174,420.25953781512607,1.0126252146147454,1.0048468980121887,1.0178035571594075,9,"[1.0101463864659703, 1.0126252146147454, 1.0127448409752409]"
autolink-broad--comment-unicode,autolink,comments,parse,244.43197091886609,240.99133216075558,1.0143570333651895,1.008149030504867,1.0183810217915683,9,"[1.0154187041473017, 1.0175402375616796, 1.0129412029127474]"
autolink-broad--comment-unicode,autolink,comments,render,181.51113349303137,178.52988897615307,1.017028405073194,1.0136456277240835,1.0219253289344585,9,"[1.020036585386393, 1.014388062610378, 1.0175894996874482]"
autolink-broad--comment-inline-code,autolink,comments,fresh,547.4827194614711,533.8769614645602,1.0256298547769636,1.0005804453998293,1.0280028266675936,9,"[1.0262649463561846, 1.0260129822019641, 1.0020464282372112]"
autolink-broad--comment-inline-code,autolink,comments,reuse,267.64404704560053,259.9277806652807,1.0288904588598122,1.022595196601801,1.0377410546256325,9,"[1.0288904588598122, 1.0262370527576947, 1.0322597388426158]"
autolink-broad--comment-inline-code,autolink,comments,parse,112.57398694281855,108.02959730383685,1.0405631612740713,1.0308547968327098,1.0466781785195143,9,"[1.0452878999883104, 1.0367581348859929, 1.0405631612740713]"
autolink-broad--comment-inline-code,autolink,comments,render,156.61621852292657,152.78499251497007,1.025473547004756,1.0051038899493996,1.0332102627788187,9,"[1.030831862383768, 1.0235542295075075, 1.017683421092496]"
autolink-broad--comment-reproduction,autolink,comments,fresh,582.2270425977654,557.9685547746542,1.045489375063765,1.0408916944440965,1.0483545827825078,9,"[1.0458356847280152, 1.0450771032243615, 1.0446068226872274]"
autolink-broad--comment-reproduction,autolink,comments,reuse,302.39381801692866,283.17584229898074,1.067927813241733,1.0634993881253354,1.0712649095878433,9,"[1.0684687117651053, 1.0678658728863508, 1.067927813241733]"
autolink-broad--comment-reproduction,autolink,comments,parse,158.8983540925267,150.22702349477225,1.0584327056674536,1.0458983666875497,1.068390957672425,9,"[1.0547557640679897, 1.0588608059626219, 1.0584327056674536]"
autolink-broad--comment-reproduction,autolink,comments,render,144.83961157455684,135.8222579856584,1.0637841181235947,1.0371170434267574,1.086528934022812,9,"[1.058236032073551, 1.0759447368829633, 1.0687137320144828]"
autolink-broad--comment-table,autolink,comments,fresh,560.2528561827957,547.8217668637757,1.023594186422381,1.0162930887953574,1.0278368934602,9,"[1.0230552048943606, 1.0226918499244502, 1.0264654971668794]"
autolink-broad--comment-table,autolink,comments,reuse,285.82425983081845,274.56317248572685,1.040126409584031,1.0365188041520306,1.0499423686935099,9,"[1.042652720096883, 1.039274328537378, 1.0396604642588105]"
autolink-broad--comment-table,autolink,comments,parse,162.39759921408157,154.32532090841767,1.0529327241124682,1.0469151585460792,1.0633799449057175,9,"[1.0567509259109484, 1.0525155343730197, 1.0511513736602933]"
autolink-broad--comment-table,autolink,comments,render,123.70436022063916,120.78005156008501,1.0236813150627226,1.013806356084556,1.0275597774725442,9,"[1.0222267803066303, 1.0248304103563186, 1.0251985872351004]"
autolink-broad--comment-review-long,autolink,comments,fresh,1039.380714879468,970.6879609860248,1.0708933438654225,1.0535182158496927,1.0773659275709957,9,"[1.0708933438654225, 1.0759634312889192, 1.0674950722834862]"
autolink-broad--comment-review-long,autolink,comments,reuse,765.6600964482548,698.3594186208821,1.0952394714784675,1.0754365311531855,1.125620951897802,9,"[1.113918025044194, 1.095313300597083, 1.094439292510834]"
autolink-broad--comment-review-long,autolink,comments,parse,491.36275785854616,440.6024268851304,1.1164200238028135,1.1115659065989492,1.1511163899878254,9,"[1.1166645293034139, 1.1158430942348603, 1.1153450192556897]"
autolink-broad--comment-review-long,autolink,comments,render,266.1611334362359,254.310434041904,1.0473260680671506,1.041851260137913,1.0505014858071893,9,"[1.048738196501495, 1.0472563235646637, 1.0484316856395235]"
autolink-broad--comment-incident,autolink,comments,fresh,1678.1637483243967,1647.759881422925,1.0179079096528767,1.013553955743727,1.0271974678851226,9,"[1.0253967523748855, 1.0164703780204192, 1.0179079096528767]"
autolink-broad--comment-incident,autolink,comments,reuse,1366.7122267759562,1329.910505319149,1.0273888057090892,1.0244354978496988,1.0290431552896784,9,"[1.0282793438130955, 1.0269611352252945, 1.027867151872915]"
autolink-broad--comment-incident,autolink,comments,parse,891.4862571275837,868.2436414930555,1.0235533689867142,1.0156854324864963,1.0608962137759417,9,"[1.0345473671014374, 1.0194454678112705, 1.0282375920587128]"
autolink-broad--comment-incident,autolink,comments,render,458.8259747706422,451.07793335137086,1.018773951106426,1.0143500633568887,1.0290722564041381,9,"[1.0220383805328614, 1.0189375199916295, 1.015659235682074]"
autolink-broad--guard-angle-link,autolink,syntax-guard,fresh,530.6719147920204,500.134375,1.059581609075943,1.0534490383911201,1.0942864435619273,9,"[1.0619079816195014, 1.060312513307149, 1.0555239999385242]"
autolink-broad--guard-angle-link,autolink,syntax-guard,reuse,246.8194718657453,227.32139934533552,1.0868301823613942,1.0549429236178063,1.096735729687487,9,"[1.0933772106701083, 1.0868301823613942, 1.0823451684334995]"
autolink-broad--guard-angle-link,autolink,syntax-guard,parse,163.89777382669115,154.11282132289483,1.0637478564977119,1.0586658367463475,1.092886259177934,9,"[1.072841198109201, 1.0618121634583533, 1.0637478564977119]"
autolink-broad--guard-angle-link,autolink,syntax-guard,render,84.41676232275489,73.53186757440301,1.1487836736777155,1.1453125553294963,1.1543305972564233,9,"[1.1468822925975615, 1.149399153205218, 1.1487836736777155]"
autolink-broad--legacy-contributing,autolink,technical-docs,fresh,11963.789583333333,11011.364583333334,1.0868404760936246,1.0801864580668135,1.090154763604875,9,"[1.081417050134492, 1.0873244788807643, 1.0888127416304243]"
autolink-broad--legacy-contributing,autolink,technical-docs,reuse,11557.590309633028,10656.172934322034,1.0858728341141217,1.0813782515585324,1.1269003244294105,9,"[1.0851315917746873, 1.082582791675694, 1.0968369398833475]"
autolink-broad--legacy-contributing,autolink,technical-docs,parse,7340.247258771929,6736.5522513440865,1.0904001692909395,1.0882787841231563,1.09662921606626,9,"[1.0927230821193672, 1.0896420092164336, 1.0883123965592396]"
autolink-broad--legacy-contributing,autolink,technical-docs,render,4110.933299180328,3782.9178625377644,1.087777308503084,1.0829964431120078,1.0891678653005648,9,"[1.0882621082679558, 1.0891172666554483, 1.0830228136726654]"
autolink-broad--legacy-node-ferromark-readme,autolink,readme,fresh,11359.304617117117,9965.257192460318,1.1396366834407836,1.135496974475106,1.1468801867506726,9,"[1.141389872277974, 1.1437643727211575, 1.1365830145739022]"
autolink-broad--legacy-node-ferromark-readme,autolink,readme,reuse,10923.154347826086,9557.679150763359,1.1456085184947284,1.1076855806882429,1.152240041390887,9,"[1.1485126821619758, 1.1373167487593034, 1.1415909534352158]"
autolink-broad--legacy-node-ferromark-readme,autolink,readme,parse,5877.481807511737,4957.406867588933,1.1922749321244162,1.1790241665179346,1.2086055652559269,9,"[1.1827936961759955, 1.1922749321244162, 1.1936539347074766]"
autolink-broad--legacy-node-ferromark-readme,autolink,readme,render,5005.06775,4522.314079422383,1.1070271456510952,1.0962580498253451,1.1109916681624945,9,"[1.110430185408245, 1.1070271456510952, 1.1059597418067284]"
autolink-broad--legacy-docs-migration-0-2,autolink,technical-docs,fresh,2901.0870069605567,2834.063914027149,1.023723669579866,1.0136478274845717,1.063490622058869,9,"[1.0145112394753928, 1.0539978715403977, 1.023723669579866]"
autolink-broad--legacy-docs-migration-0-2,autolink,technical-docs,reuse,2597.396913900415,2508.0812875751503,1.035963336100051,1.029859033377582,1.0385059624889514,9,"[1.035264135914262, 1.035963336100051, 1.0373983628127412]"
autolink-broad--legacy-docs-migration-0-2,autolink,technical-docs,parse,1207.1871078667953,1191.1916964285715,1.0140906848996094,1.0020289178035902,1.0216900767800945,9,"[1.0106677862412183, 1.0135599463248712, 1.0203433807726323]"
autolink-broad--legacy-docs-migration-0-2,autolink,technical-docs,render,1364.478257906216,1312.6106702518364,1.0368641473889186,1.030887931089286,1.0493845898932634,9,"[1.0343814255478836, 1.0469892842818338, 1.0368641473889186]"
autolink-broad--legacy-docs-migration-0-3,autolink,technical-docs,fresh,3575.93375,3405.492781929348,1.0502203605073028,1.0411961487238826,1.058893101567496,9,"[1.0502203605073028, 1.0520918677049724, 1.0472553437124656]"
autolink-broad--legacy-docs-migration-0-3,autolink,technical-docs,reuse,3254.5556006493507,3098.76817759901,1.0504367419818925,1.0477875410142352,1.053310796026553,9,"[1.0507777135208234, 1.0504367419818925, 1.0496868038709648]"
autolink-broad--legacy-docs-migration-0-3,autolink,technical-docs,parse,1691.9683271312585,1592.50099522293,1.0658551733166934,1.0510840139357172,1.0867671851583922,9,"[1.0532822372349566, 1.066930115928886, 1.063402084372258]"
autolink-broad--legacy-docs-migration-0-3,autolink,technical-docs,render,1549.9309557001238,1491.9606205250598,1.040105059104001,1.0359021227445233,1.0451054820137948,9,"[1.039053412282825, 1.0408748635714908, 1.0395451273088052]"
autolink-broad--legacy-docs-migration-0-4,autolink,technical-docs,fresh,8658.962068965517,7938.134691455696,1.0899786871370996,1.0840172037734637,1.0973363556433495,9,"[1.0899786871370996, 1.0866884469850793, 1.0906298050915963]"
autolink-broad--legacy-docs-migration-0-4,autolink,technical-docs,reuse,8088.264516129032,7345.935307017544,1.1053924177230703,1.0943562031543428,1.1217013521421368,9,"[1.1053924177230703, 1.097554183797457, 1.1058473330356065]"
autolink-broad--legacy-docs-migration-0-4,autolink,technical-docs,parse,4502.515175359712,3928.352762539185,1.1435675656205138,1.1401014874484572,1.161608368707661,9,"[1.1438753638033534, 1.1429205157241782, 1.1424155103281661]"
autolink-broad--legacy-docs-migration-0-4,autolink,technical-docs,render,3552.9821555397725,3358.296330428954,1.0573131493331704,1.0280823912966985,1.0603230424424053,9,"[1.0541620786882595, 1.0573131493331704, 1.0580167823924782]"
autolink-broad--legacy-docs-migration-0-8,autolink,technical-docs,fresh,3543.2196352691217,3427.36875,1.032749502753525,1.0251378644232465,1.0417782661244583,9,"[1.0346504382990194, 1.0276959938444956, 1.0380089090928508]"
autolink-broad--legacy-docs-migration-0-8,autolink,technical-docs,reuse,3233.2176195090437,3099.9800433168316,1.042589198427588,1.0207176109589975,1.050599702784902,9,"[1.0416437590623417, 1.0504097517008828, 1.0399876390757252]"
autolink-broad--legacy-docs-migration-0-8,autolink,technical-docs,parse,1624.9797077922078,1536.1816262285013,1.0580187684393099,1.044540563661807,1.0677515862693623,9,"[1.0649816102417353, 1.0530483191736857, 1.0519120489297131]"
autolink-broad--legacy-docs-migration-0-8,autolink,technical-docs,render,1585.6585868187578,1553.3967391304348,1.0193962665731595,0.94816889141508,1.0230626637294093,9,"[1.0131677623113193, 1.0190584140734074, 1.0217678620462518]"
autolink-broad--legacy-docs-releasing,autolink,technical-docs,fresh,5888.907276995305,5633.821368243243,1.0448098943957598,1.0420059203799192,1.0510719241713264,9,"[1.0451727198380338, 1.0427707653741451, 1.0484380135303257]"
autolink-broad--legacy-docs-releasing,autolink,technical-docs,reuse,5504.797149122807,5226.334635416667,1.0534257348473284,1.0444360971674778,1.0580183254841313,9,"[1.0465278257372401, 1.0535207396366852, 1.0574998235427737]"
autolink-broad--legacy-docs-releasing,autolink,technical-docs,parse,3068.9115349264707,2959.386081560284,1.0371724282933859,1.0283571566025436,1.0434108466612506,9,"[1.0314305991675188, 1.0371724282933859, 1.0416672714205275]"
autolink-broad--legacy-docs-releasing,autolink,technical-docs,render,2382.403273809524,2211.0042513250883,1.0786828776823412,1.0719755772064514,1.0812169291952929,9,"[1.0786828776823412, 1.078874496541517, 1.073750112715751]"
autolink-broad--legacy-docs-readme-theme,autolink,technical-docs,fresh,3100.7954053217823,2809.1789325842697,1.1048751069031535,1.0905685867766004,1.111252052688852,9,"[1.0920773953889304, 1.1092037375265003, 1.1070828400975647]"
autolink-broad--legacy-docs-readme-theme,autolink,technical-docs,reuse,2773.587652439024,2479.9247524752477,1.1153511572258021,1.0996627894889635,1.1268734871466342,9,"[1.1133949319248464, 1.1071163814110692, 1.119976112573916]"
autolink-broad--legacy-docs-readme-theme,autolink,technical-docs,parse,1611.1653511597938,1392.9014824610244,1.1595280795734648,1.143942081779123,1.1732431870575069,9,"[1.1595280795734648, 1.1669748414364034, 1.158730798718055]"
autolink-broad--legacy-docs-readme-theme,autolink,technical-docs,render,1156.929347826087,1058.7161303979678,1.0946117038352674,1.0869709388069908,1.1006615578892438,9,"[1.0946117038352674, 1.0980039339955763, 1.0885032457159949]"
autolink-broad--legacy-docs-markdown-extensions,autolink,technical-docs,fresh,4498.35128147482,4227.433488175676,1.063964983814296,1.0510644023342732,1.0676236872544265,9,"[1.0663726331879753, 1.063964983814296, 1.058603269402583]"
autolink-broad--legacy-docs-markdown-extensions,autolink,technical-docs,reuse,4194.506793478261,3914.9169921875,1.0709415741348964,1.0424136355493059,1.0770423181093483,9,"[1.0739138288875238, 1.0767226037035962, 1.0427541021691558]"
autolink-broad--legacy-docs-markdown-extensions,autolink,technical-docs,parse,2321.8151089981448,2133.776823805461,1.087886467216457,1.0813580815791495,1.0973012351807585,9,"[1.0932107123045003, 1.0855759167129946, 1.087886467216457]"
autolink-broad--legacy-docs-markdown-extensions,autolink,technical-docs,render,1829.9563230994152,1742.334188108484,1.0512866963393372,1.0461705293494916,1.0733188658221355,9,"[1.04840551087482, 1.0506418490908715, 1.0619754091895692]"
autolink-broad--legacy-docs-mdx,autolink,technical-docs,fresh,7484.499069940476,6818.387567934783,1.0969783586005215,1.0719832717473954,1.1060883496002218,9,"[1.0969783586005215, 1.0993054944288823, 1.0954884171737411]"
autolink-broad--legacy-docs-mdx,autolink,technical-docs,reuse,7069.326624293785,6335.891571969697,1.1165132752198403,1.1125152069204594,1.1196693357590894,9,"[1.1148159976643122, 1.1172210674984753, 1.1165132752198403]"
autolink-broad--legacy-docs-mdx,autolink,technical-docs,parse,3960.9745846518986,3417.637892759563,1.1549106625894228,1.1463757650486621,1.1878518228810062,9,"[1.18094525178017, 1.1549106625894228, 1.149529006181351]"
autolink-broad--legacy-docs-mdx,autolink,technical-docs,render,3070.070006127451,2905.833091647332,1.0581617281279039,1.045571938067637,1.0603965148956325,9,"[1.0536887990087243, 1.0581617281279039, 1.0582527254612575]"
autolink-broad--legacy-docs-readme,autolink,readme,fresh,3545.8790722379604,2980.043973214286,1.1896989341699078,1.1717757611886512,1.1975777751870573,9,"[1.1813349124736174, 1.1896989341699078, 1.1932985094224624]"
autolink-broad--legacy-docs-readme,autolink,readme,reuse,3215.0512532133675,2651.4361758474574,1.2129077771219963,1.2060864106562765,1.2318179412398451,9,"[1.20871146313243, 1.2099077936980613, 1.2157479773917135]"
autolink-broad--legacy-docs-readme,autolink,readme,parse,1824.4161352040817,1439.2246116225547,1.2705847718909509,1.2566885947190827,1.2767124660480713,9,"[1.272808799918216, 1.2705847718909509, 1.268608179471429]"
autolink-broad--legacy-docs-readme,autolink,readme,render,1371.143708881579,1189.252614068441,1.1532436975437859,1.147594180401096,1.1623946450171017,9,"[1.1565273862439431, 1.150235494412232, 1.1573201734088743]"
autolink-broad--legacy-docs-adr-readme-theme-composition,autolink,technical-docs,fresh,1978.7216673259493,1889.4252265861028,1.0444835715760792,1.0252592710689752,1.0516431015611385,9,"[1.0404216894983118, 1.0453046964761656, 1.0444835715760792]"
autolink-broad--legacy-docs-adr-readme-theme-composition,autolink,technical-docs,reuse,1661.2715803452854,1577.2563839848676,1.0515544408302577,1.0414429706923127,1.0623269886318891,9,"[1.0466794550127594, 1.0600145869280417, 1.0493776469886167]"
autolink-broad--legacy-docs-adr-readme-theme-composition,autolink,technical-docs,parse,831.7472780917553,778.0097814250156,1.0695753199066427,1.058381974915351,1.0812632345904893,9,"[1.0625514131043392, 1.0695753199066427, 1.0704031131850256]"
autolink-broad--legacy-docs-adr-readme-theme-composition,autolink,technical-docs,render,818.9277177472168,787.0671609502832,1.0404800992566707,1.0225554405645494,1.0474260683872212,9,"[1.0404800992566707, 1.0374632869389984, 1.0467664051428693]"
autolink-broad--rust-book-ch03-04-comments,autolink,technical-docs,fresh,1094.8947296409808,876.1068237561317,1.2409270550336484,1.2355734880591929,1.3367695130339634,9,"[1.291356892652975, 1.2370877190865912, 1.2409270550336484]"
autolink-broad--rust-book-ch03-04-comments,autolink,technical-docs,reuse,772.7872759579728,567.5824302088062,1.3617228576778644,1.3367861989345213,1.362924627461953,9,"[1.3621887217813562, 1.3437977795329774, 1.361887673399574]"
autolink-broad--rust-book-ch03-04-comments,autolink,technical-docs,parse,467.8624555742611,309.375904564572,1.5122782630171197,1.4659446869601318,1.518319979108177,9,"[1.46937158808277, 1.5122782630171197, 1.5165488758317227]"
autolink-broad--rust-book-ch03-04-comments,autolink,technical-docs,render,295.8696314481779,244.1693603515625,1.2111575120553664,1.200758024812608,1.2223452457221387,9,"[1.2092700378145504, 1.2204638251550557, 1.2111575120553664]"
autolink-broad--rust-book-appendix-02-operators,autolink,reference,fresh,22141.561951754386,21709.029094827587,1.0186735016499915,1.0048863383616593,1.0385486140381326,9,"[1.0199240995549568, 1.0061118498045367, 1.0297858998706941]"
autolink-broad--rust-book-appendix-02-operators,autolink,reference,reuse,21299.92055084746,21078.5375,1.0108983522475925,1.0046013234340172,1.019405198637926,9,"[1.0108983522475925, 1.008753849813493, 1.0117624099269962]"
autolink-broad--rust-book-appendix-02-operators,autolink,reference,parse,12299.938725490196,12282.424325980392,1.0018326646359357,0.9857814120395273,1.0325718108561086,9,"[1.0066988569284179, 0.9953527598618621, 1.0018326646359357]"
autolink-broad--rust-book-appendix-02-operators,autolink,reference,render,8906.342420212766,8724.527994791666,1.0210601318625816,1.0061561831099914,1.0263216273021911,9,"[1.014235053510444, 1.0210601318625816, 1.0250167881522843]"
autolink-broad--rust-book-ch00-00-introduction,autolink,technical-docs,fresh,13914.264930555555,13327.737034574468,1.041047471755514,1.0284545810068024,1.0627489908391434,9,"[1.0288587036622148, 1.045655610323765, 1.053490527570816]"
autolink-broad--rust-book-ch00-00-introduction,autolink,technical-docs,reuse,13242.310855263158,12823.992984693878,1.0328235274411297,1.024763210177092,1.0371656727452887,9,"[1.0360398207860329, 1.0277282632745295, 1.0328235274411297]"
autolink-broad--rust-book-ch00-00-introduction,autolink,technical-docs,parse,9647.946875,9303.221527777778,1.0362411651014738,1.0348058635166848,1.0442336593424844,9,"[1.0362411651014738, 1.042916036713596, 1.0356582807451347]"
autolink-broad--rust-book-ch00-00-introduction,autolink,technical-docs,render,3597.9779992816093,3477.5245659722223,1.0329893270088,1.019140563570895,1.037439138660795,9,"[1.0320463977697174, 1.0357674897987048, 1.0349335701976008]"
autolink-broad--rust-book-ch17-00-async-await,autolink,technical-docs,fresh,8154.153206168831,8035.206330128205,1.0181955775726454,1.0081525949781025,1.04362272637101,9,"[1.0181955775726454, 1.0112636583392711, 1.0202557870037787]"
autolink-broad--rust-book-ch17-00-async-await,autolink,technical-docs,reuse,7506.954902694611,7382.406617647059,1.0162956342948974,1.0068991947555683,1.0209327609264092,9,"[1.0188878953065372, 1.0162956342948974, 1.0079768420940718]"
autolink-broad--rust-book-ch17-00-async-await,autolink,technical-docs,parse,5465.890010917031,5355.67467948718,1.0202013412776696,1.014465052903564,1.0313589796628335,9,"[1.015393448844874, 1.024937448772346, 1.0202013412776696]"
autolink-broad--rust-book-ch17-00-async-await,autolink,technical-docs,render,2009.2755317014446,2004.4112079326924,1.0022290535473202,0.9964443729232516,1.0048221219599784,9,"[1.001237067832834, 0.9972963666312764, 1.003477494997132]"
autolink-broad--vue-docs-ways-of-using-vue,autolink,technical-docs,fresh,7054.680301966292,5955.915178571428,1.1859494043003385,1.1774501862798374,1.196608881361192,9,"[1.1840991654633264, 1.1913583841515325, 1.1859494043003385]"
autolink-broad--vue-docs-ways-of-using-vue,autolink,technical-docs,reuse,6653.34807180851,5543.055171460177,1.1994262324240779,1.1858673501118342,1.2068293887467676,9,"[1.1994262324240779, 1.2041005522705612, 1.1931939621069612]"
autolink-broad--vue-docs-ways-of-using-vue,autolink,technical-docs,parse,3657.628289473684,2912.2093023255816,1.2516131082353645,1.2469905427857535,1.261590077958283,9,"[1.251599071379971, 1.2600687177110712, 1.2512428268814644]"
autolink-broad--vue-docs-ways-of-using-vue,autolink,technical-docs,render,2935.5407863849764,2585.800297004132,1.1368901863194023,1.1293334554190977,1.1710989615232987,9,"[1.1409496217815596, 1.1367708086376795, 1.130886427394386]"
autolink-broad--vue-docs-suspense,autolink,technical-docs,fresh,11096.561670353982,10242.99212398374,1.0812430179343697,1.0659048963746243,1.0970721194517532,9,"[1.0925825137966991, 1.077067845464616, 1.081368573398532]"
autolink-broad--vue-docs-suspense,autolink,technical-docs,reuse,10501.030729166667,9664.773557692308,1.0890512897208688,1.0732619041538343,1.0992309526260509,9,"[1.0943068254377883, 1.0863085118940816, 1.0902360328649463]"
autolink-broad--vue-docs-suspense,autolink,technical-docs,parse,5045.5151209677415,4449.329959964412,1.132537175799256,1.124976586101882,1.1385140181994533,9,"[1.1296894279457503, 1.134266984019576, 1.1336699637237233]"
autolink-broad--vue-docs-suspense,autolink,technical-docs,render,5361.94577991453,5129.8828125,1.0459796380442654,1.0332791428033368,1.053862638523401,9,"[1.0532191897249605, 1.04443540940592, 1.0485711825621844]"
autolink-broad--vue-docs-slots,autolink,technical-docs,fresh,36158.66875,23203.486689814814,1.5592916201605278,1.531357344174606,1.5918339498799996,9,"[1.562840785176509, 1.5488346887462354, 1.5592916201605278]"
autolink-broad--vue-docs-slots,autolink,technical-docs,reuse,35519.783854166664,22561.05859375,1.571374205006586,1.5473741946578674,1.5810297514582292,9,"[1.571374205006586, 1.5657736293805427, 1.576545191871528]"
autolink-broad--vue-docs-slots,autolink,technical-docs,parse,21227.467690677968,11694.63113317757,1.8151464076926564,1.8029842701699303,1.8537012999700908,9,"[1.8151464076926564, 1.8150623208213388, 1.8389281898067382]"
autolink-broad--vue-docs-slots,autolink,technical-docs,render,13982.291666666666,10824.746228448275,1.2897535078323823,1.2851232645028323,1.3070331663742,9,"[1.3036885470659256, 1.2886640161481668, 1.2897535078323823]"
autolink-broad--vue-docs-reactivity-in-depth,autolink,technical-docs,fresh,29876.05431547619,22395.624441964286,1.334918404212459,1.3295182146923181,1.349678555101155,9,"[1.3299787331660269, 1.3379825591875043, 1.3356701746896273]"
autolink-broad--vue-docs-reactivity-in-depth,autolink,technical-docs,reuse,29131.117005813954,21761.269396551725,1.3383148630861819,1.2829804093042212,1.3827863601602566,9,"[1.2888003284409975, 1.3383148630861819, 1.3389252265968086]"
autolink-broad--vue-docs-reactivity-in-depth,autolink,technical-docs,parse,17887.183928571427,12223.743628640777,1.4638991360362603,1.4483753299895683,1.4780539324616913,9,"[1.4519261900344502, 1.4627580320615827, 1.4728078060398688]"
autolink-broad--vue-docs-reactivity-in-depth,autolink,technical-docs,render,11156.51521017699,9245.730009191177,1.2031054396461034,1.1865186496312348,1.2321585009546665,9,"[1.2090453370700271, 1.2064144428241868, 1.1867950380890693]"
autolink-broad--vite-docs-philosophy,autolink,technical-docs,fresh,4423.03445229682,3537.072563559322,1.2499929222786264,1.2413361256844955,1.2539015090312313,9,"[1.2538169883379453, 1.247382889112275, 1.2499929222786264]"
autolink-broad--vite-docs-philosophy,autolink,technical-docs,reuse,4090.826695261438,3232.9585755813955,1.2655237059563214,1.2577266490864538,1.2753428745272906,9,"[1.2584783211925776, 1.2655237059563214, 1.2730332811046605]"
autolink-broad--vite-docs-philosophy,autolink,technical-docs,parse,2192.1633099824867,1562.7243289637952,1.4042311657075321,1.3643025266542141,1.4130526453644743,9,"[1.3779500068146024, 1.4123125678008281, 1.4023319270818069]"
autolink-broad--vite-docs-philosophy,autolink,technical-docs,render,1858.411497028232,1613.7667741935484,1.15179279618809,1.14669440275641,1.1535151470155856,9,"[1.152256725776076, 1.1520074484524478, 1.1475989646709528]"
autolink-broad--vite-docs-performance,autolink,technical-docs,fresh,10255.272540983606,9043.465152877698,1.1339981265610675,1.1241279885932132,1.1421396102085184,9,"[1.1339981265610675, 1.1353748041369855, 1.1256770383318424]"
autolink-broad--vite-docs-performance,autolink,technical-docs,reuse,9752.119670542636,8627.657974137932,1.1306906357231452,1.1276223348205308,1.1392879161498655,9,"[1.1276960939617096, 1.1303616568447397, 1.1370275600358108]"
autolink-broad--vite-docs-performance,autolink,technical-docs,parse,5690.116051136363,4908.563112745098,1.1580633793683672,1.1556161193103138,1.1646309114927345,9,"[1.1564956713346852, 1.1593163673586229, 1.161643917696797]"
autolink-broad--vite-docs-performance,autolink,technical-docs,render,4015.2577123397436,3642.2109375,1.1024231658300938,1.0756464784311293,1.1106448454599673,9,"[1.1049883807271847, 1.1010063316428231, 1.1024231658300938]"
autolink-broad--vite-docs-api-plugin,autolink,reference,fresh,75511.79595588235,63592.5140625,1.187432154068761,1.152022696535428,1.2161916810587994,9,"[1.1885616554670255, 1.186820142542699, 1.1975317628311366]"
autolink-broad--vite-docs-api-plugin,autolink,reference,reuse,75399.96875,62999.609375,1.1972469528965726,1.130223122227721,1.2537809634236323,9,"[1.176196419824349, 1.1970061325354064, 1.2056723288766462]"
autolink-broad--vite-docs-api-plugin,autolink,reference,parse,50812.5525,43607.30926724138,1.1657218232993656,1.1605632940819708,1.1943685178555974,9,"[1.164333355747292, 1.1869410637886009, 1.1657218232993656]"
autolink-broad--vite-docs-api-plugin,autolink,reference,render,17389.069444444445,15635.872265625,1.1145214858245511,1.0845353903774306,1.1235239727107476,9,"[1.1103835934723005, 1.1229172568712813, 1.1145214858245511]"
autolink-broad--vite-docs-features,autolink,technical-docs,fresh,73854.93198529411,58667.96875,1.2490885526876392,1.0586019345874123,1.4253545509021905,9,"[1.2490885526876392, 1.2346731100391228, 1.2673453347931496]"
autolink-broad--vite-docs-features,autolink,technical-docs,reuse,72554.76041666667,57016.69034090909,1.2612130609608705,1.154128487191762,1.2757797795665553,9,"[1.2749050433961715, 1.2223023550476284, 1.2585463062453397]"
autolink-broad--vite-docs-features,autolink,technical-docs,parse,39519.8974609375,30603.372713414636,1.294480824066035,1.2335148612595772,1.3263828139599492,9,"[1.3217036268668272, 1.2757252546457536, 1.2818737795829684]"
autolink-broad--vite-docs-features,autolink,technical-docs,render,27473.957880434784,22260.896381578947,1.2298558236348534,1.1750856623364403,1.3657843111636938,9,"[1.19414664845949, 1.3529452880341715, 1.1879850818590414]"
autolink-broad--typescript-handbook-the-handbook,autolink,technical-docs,fresh,6522.88818359375,5620.235426008969,1.160607641702613,1.1322297043002383,1.1817168641091664,9,"[1.160607641702613, 1.1581163474002798, 1.1652190478286766]"
autolink-broad--typescript-handbook-the-handbook,autolink,technical-docs,reuse,5901.569870283019,5028.10203313253,1.1741068704073523,1.1712686462936883,1.200089671923722,9,"[1.1750626342416897, 1.1775931046276777, 1.1734443089795443]"
autolink-broad--typescript-handbook-the-handbook,autolink,technical-docs,parse,3934.6337460691825,3261.2711588541665,1.2031057876132003,1.1913572147886378,1.2145560596797267,9,"[1.1963906712697439, 1.212727618264316, 1.2057116149473492]"
autolink-broad--typescript-handbook-the-handbook,autolink,technical-docs,render,1915.9647779479326,1725.0556896551725,1.1114586556423371,1.1092343805696459,1.115872287751789,9,"[1.1106683624404738, 1.1116204159455305, 1.112600115125127]"
autolink-broad--typescript-handbook-advanced-types,autolink,reference,fresh,60946.80059523809,51170.99,1.1910420454096764,1.1092316823157853,1.381714135078794,9,"[1.3269735415072108, 1.1910420454096764, 1.1828112734346774]"
autolink-broad--typescript-handbook-advanced-types,autolink,reference,reuse,60006.75744047619,50887.91625,1.184306381308422,1.0661475537381324,1.4277904056662218,9,"[1.184306381308422, 1.1106158658164114, 1.2299390573767293]"
autolink-broad--typescript-handbook-advanced-types,autolink,reference,parse,32975.84292763158,26782.52460106383,1.2328427701329252,1.1429575742941325,1.306439143432246,9,"[1.228019679949688, 1.2520936907691254, 1.2239405997739308]"
autolink-broad--typescript-handbook-advanced-types,autolink,reference,render,21244.283898305086,20189.284778225807,1.0520643351552257,0.9692547596176664,1.0862835817189536,9,"[1.0520643351552257, 0.9744748565350149, 1.0666239021830872]"
autolink-broad--typescript-handbook-compiler-options,autolink,reference,fresh,26484.076171875,26176.7578125,1.0098595462989768,1.005310752050598,1.0204380739751258,9,"[1.0098595462989768, 1.0126087097457892, 1.008954243918882]"
autolink-broad--typescript-handbook-compiler-options,autolink,reference,reuse,25790.338010204083,25507.63,1.0125518553920716,1.0026121449589689,1.0342868566537757,9,"[1.0162858113621156, 1.013360482902481, 1.0061649065308025]"
autolink-broad--typescript-handbook-compiler-options,autolink,reference,parse,22624.51171875,22389.997209821428,1.0121398173061837,1.00366553513763,1.0147181134144265,9,"[1.0138435796149505, 1.0052185158626148, 1.0133015907253256]"
autolink-broad--typescript-handbook-compiler-options,autolink,reference,render,3048.9691301703165,2976.7578125,1.024080627696039,1.010416536530567,1.0327407914171913,9,"[1.0275256729061115, 1.0304196757429276, 1.011264386209971]"
autolink-broad--typescript-handbook-typescript-5-0,autolink,technical-docs,fresh,71420.86284722222,57149.50284090909,1.2434298239667367,1.1834099520429728,1.3909558775300574,9,"[1.2434298239667367, 1.238970665911068, 1.249719757773594]"
autolink-broad--typescript-handbook-typescript-5-0,autolink,technical-docs,reuse,70337.52777777778,56203.69157608696,1.2501568284575877,1.229085708918051,1.3110940495097065,9,"[1.260635791919453, 1.2501568284575877, 1.2362500586226985]"
autolink-broad--typescript-handbook-typescript-5-0,autolink,technical-docs,parse,36653.013392857145,28055.439583333333,1.2900902614887861,1.1642261005310595,1.4043745770492895,9,"[1.2900902614887861, 1.3949829097823072, 1.2743231551448075]"
autolink-broad--typescript-handbook-typescript-5-0,autolink,technical-docs,render,25807.637117346938,22640.88058035714,1.1348958077772575,1.1114813713349492,1.3044669741074986,9,"[1.2039200226834301, 1.243063601920574, 1.1164516342588857]"
autolink-broad--wiki-rainbow-first-paragraph,autolink,encyclopedia,fresh,1895.8964962121213,1245.7915836653387,1.522058604569124,1.494423180178421,1.533531144928216,9,"[1.528530627179487, 1.522058604569124, 1.497931365754369]"
autolink-broad--wiki-rainbow-first-paragraph,autolink,encyclopedia,reuse,1583.7289161392405,947.2449100378788,1.6724460632103841,1.6601682563360245,1.6811375750257733,9,"[1.6724460632103841, 1.661382627197504, 1.6768748066684451]"
autolink-broad--wiki-rainbow-first-paragraph,autolink,encyclopedia,parse,975.6981766770671,499.86672830867656,1.9556234087703328,1.9456050671243867,2.022777728556307,9,"[1.9667695003203518, 1.9494955527915716, 1.9579018088223548]"
autolink-broad--wiki-rainbow-first-paragraph,autolink,encyclopedia,render,596.5927063454199,438.73218201754383,1.3614560536800702,1.3426887167593202,1.3675090209201008,9,"[1.3479746923685718, 1.3631060959427637, 1.3603020894832363]"
autolink-broad--wiki-rainbow-lead,autolink,encyclopedia,fresh,2825.2239700902933,1855.177021513353,1.5265934763878763,1.5175719213619598,1.5340973994588873,9,"[1.5288768064162361, 1.5272018096402122, 1.5199844912581257]"
autolink-broad--wiki-rainbow-lead,autolink,encyclopedia,reuse,2512.3776355421687,1538.7918204182042,1.6326949508084654,1.5844970066070416,1.6439585247332051,9,"[1.6431397630647762, 1.632018570614503, 1.6326949508084654]"
autolink-broad--wiki-rainbow-lead,autolink,encyclopedia,parse,1564.0673828125,826.406394580304,1.8882292946754802,1.8667583540714527,1.926468400233797,9,"[1.8851025423704708, 1.8981369686353382, 1.912934505914714]"
autolink-broad--wiki-rainbow-lead,autolink,encyclopedia,render,942.315844009043,698.6760824022347,1.3488383112490376,1.342076521842147,1.396126482136578,9,"[1.3477041553316367, 1.3488383112490376, 1.3505472975204413]"
autolink-broad--wiki-rainbow-article-body,autolink,encyclopedia,fresh,54936.198369565216,35945.08928571428,1.5249441624804054,1.4488033000924156,1.5413235444055882,9,"[1.5249441624804054, 1.5345610661331566, 1.5230707191759452]"
autolink-broad--wiki-rainbow-article-body,autolink,encyclopedia,reuse,54488.506793478264,35426.97482638889,1.5362680305640297,1.4859339580040676,1.5477223091084165,9,"[1.5397097630984422, 1.5362680305640297, 1.5347887559485016]"
autolink-broad--wiki-rainbow-article-body,autolink,encyclopedia,parse,32767.027243589742,19173.669981060608,1.7086719115221878,1.6467508304340868,1.7217788290523608,9,"[1.7020107270020894, 1.7197556608313043, 1.6910972851960715]"
autolink-broad--wiki-rainbow-article-body,autolink,encyclopedia,render,19865.679067460318,14542.40879360465,1.3692328457193474,1.348494722470339,1.4341505300872814,9,"[1.3750492137569188, 1.3518929210491806, 1.3692328457193474]"
autolink-broad--wiki-rainbow-plain-prose,autolink,plain-prose,fresh,11691.321261682244,11588.095775462964,1.0214186650264527,1.0003692346095043,1.0315031039867084,9,"[1.0302989637260063, 1.0049059557997253, 1.0214186650264527]"
autolink-broad--wiki-rainbow-plain-prose,autolink,plain-prose,reuse,11109.628318584071,10828.955549568966,1.025230995948355,1.017930473286617,1.0388947981086738,9,"[1.0272774407784888, 1.0362435689674299, 1.021718839239487]"
autolink-broad--wiki-rainbow-plain-prose,autolink,plain-prose,parse,5902.147110849057,5674.797228506787,1.040226236694292,1.029667014505266,1.0566853908676965,9,"[1.040226236694292, 1.0330207195848822, 1.0511320140344376]"
autolink-broad--wiki-rainbow-plain-prose,autolink,plain-prose,render,5166.12861570248,5159.690072016461,1.0011457692522092,0.9955909676025274,1.0212178439014208,9,"[0.9987741466310746, 1.002558361498762, 1.0011457692522092]"
autolink-broad--wiki-tea-first-paragraph,autolink,encyclopedia,fresh,3286.4548884514434,1942.37674689441,1.6958345894059166,1.6865777620662887,1.7109420029469722,9,"[1.7015753187888076, 1.6950157920303122, 1.6958345894059166]"
autolink-broad--wiki-tea-first-paragraph,autolink,encyclopedia,reuse,2975.2201603325416,1625.3601866883116,1.830498977826314,1.8210145643627316,1.8362463345726936,9,"[1.8294165248804668, 1.8327036130332326, 1.82781587688371]"
autolink-broad--wiki-tea-first-paragraph,autolink,encyclopedia,parse,1919.6023773006134,909.6666590909091,2.1024692445835824,2.0851779153880403,2.116138502279364,9,"[2.095785878811337, 2.1102261560503943, 2.1017767691996116]"
autolink-broad--wiki-tea-first-paragraph,autolink,encyclopedia,render,1051.7230603448277,698.7110160614525,1.5036812235600168,1.4894932305198298,1.532927336720219,9,"[1.501182317795159, 1.5021902250752737, 1.5175240231583647]"
autolink-broad--wiki-tea-lead,autolink,encyclopedia,fresh,15088.620105421687,7941.537974683544,1.8988162631614522,1.8597736572539663,1.9263587214316535,9,"[1.8988162631614522, 1.9089027283004574, 1.8612742698304126]"
autolink-broad--wiki-tea-lead,autolink,encyclopedia,reuse,14571.962936046511,7580.405681818182,1.9257829235704442,1.8973856702495278,1.960320173644876,9,"[1.9257829235704442, 1.9230986235372032, 1.9360337355930763]"
autolink-broad--wiki-tea-lead,autolink,encyclopedia,parse,9517.814867424242,4247.965148305085,2.238647540869977,2.209331017229401,2.2914960092241485,9,"[2.2512577773091498, 2.231260914140502, 2.2385821471543377]"
autolink-broad--wiki-tea-lead,autolink,encyclopedia,render,5053.553427419355,3194.7146045918366,1.5766476840499029,1.5536330738604205,1.5941066147608836,9,"[1.5835309907424169, 1.58916587799804, 1.5692840929640877]"
autolink-broad--wiki-tea-article-body,autolink,encyclopedia,fresh,96612.57932692308,59824.77678571428,1.615000022467746,1.44930578817121,1.6290130724613927,9,"[1.6166156413847375, 1.6255580136117391, 1.5637757209655327]"
autolink-broad--wiki-tea-article-body,autolink,encyclopedia,reuse,95950.79910714286,58615.58948863636,1.6365912101145483,1.6095482518873794,1.652149159596543,9,"[1.642452292655124, 1.6147173118579254, 1.6355342139829356]"
autolink-broad--wiki-tea-article-body,autolink,encyclopedia,parse,57290.12784090909,31303.5484375,1.8371248274724838,1.7246874226542437,1.884726644629881,9,"[1.8722647689149507, 1.8117197884261076, 1.7854573772077325]"
autolink-broad--wiki-tea-article-body,autolink,encyclopedia,render,35024.4140625,23653.54716981132,1.4908410002910037,1.359997378233274,1.5760532722516802,9,"[1.4781361876103076, 1.503808783034872, 1.4786770982295252]"
autolink-broad--wiki-tea-plain-prose,autolink,plain-prose,fresh,14920.510788690477,14490.855603448275,1.0295956818254102,1.0132902397981969,1.0496636889306636,9,"[1.0295956818254102, 1.0145753082094349, 1.0361526399301644]"
autolink-broad--wiki-tea-plain-prose,autolink,plain-prose,reuse,14257.916193181818,14080.904845505618,1.012490038117495,1.0006319583475185,1.0204071404537847,9,"[1.0172124820768649, 1.0092150005150364, 1.0140368800758772]"
autolink-broad--wiki-tea-plain-prose,autolink,plain-prose,parse,8223.107230392157,7995.596138535032,1.0297191606173846,1.0195393760813372,1.0314155279249917,9,"[1.0298845026765153, 1.0283607280992386, 1.0294367026664386]"
autolink-broad--wiki-tea-plain-prose,autolink,plain-prose,render,6070.938258495145,6059.480676328502,1.0024851629899976,0.9920912900125447,1.0183774157108634,9,"[1.0138059378269109, 1.0006577710089504, 1.0021940419822342]"
autolink-broad--wiki-chess-first-paragraph,autolink,encyclopedia,fresh,2643.9173493657504,1635.7468545751633,1.6184686595684852,1.613384822554493,1.6636183511127607,9,"[1.6180997015557548, 1.6184686595684852, 1.621067977879336]"
autolink-broad--wiki-chess-first-paragraph,autolink,encyclopedia,reuse,2361.3895047169813,1334.6423759338313,1.7693050567682962,1.7480824109371735,1.8001499702752564,9,"[1.7693050567682962, 1.7753782419597737, 1.7529223700873138]"
autolink-broad--wiki-chess-first-paragraph,autolink,encyclopedia,parse,1442.3539143598616,719.5681098964327,1.9990663081984876,1.9633438982983287,2.032545883352605,9,"[1.9990663081984876, 1.9982939003273767, 2.0036445872614057]"
autolink-broad--wiki-chess-first-paragraph,autolink,encyclopedia,render,879.6680731364276,598.7749940134099,1.4697821279595464,1.4434921086214598,1.5049165581517285,9,"[1.4711134240777222, 1.4678045681978165, 1.4717265231031964]"
autolink-broad--wiki-chess-lead,autolink,encyclopedia,fresh,7806.6203416149065,4218.885942760943,1.850829958489894,1.8429020550325563,1.877795155321595,9,"[1.8543628181979064, 1.8447971909954086, 1.851579955280752]"
autolink-broad--wiki-chess-lead,autolink,encyclopedia,reuse,7426.073964497042,3805.4908814589667,1.9414646009282759,1.910067925844456,1.9577740167635937,9,"[1.949818403699837, 1.9414646009282759, 1.9317436396568775]"
autolink-broad--wiki-chess-lead,autolink,encyclopedia,parse,4744.969223484848,2097.6409395973155,2.2602753290769346,2.24350957592216,2.2665108958492235,9,"[2.2602753290769346, 2.2624029470323173, 2.2579777760240756]"
autolink-broad--wiki-chess-lead,autolink,encyclopedia,render,2659.454087048832,1692.6660605548038,1.5784664598826936,1.558629400492288,1.5886347841794208,9,"[1.576992766995021, 1.5784664598826936, 1.5867671734629094]"
autolink-broad--wiki-chess-article-body,autolink,encyclopedia,fresh,193840.21875,126600.390625,1.5589651392937334,1.4199567359467653,1.576865963792162,9,"[1.567423284776044, 1.5599264718712347, 1.5109061987596655]"
autolink-broad--wiki-chess-article-body,autolink,encyclopedia,reuse,193497.95089285713,123225.14204545454,1.5725305589934282,1.5576221787809128,1.579924242651058,9,"[1.577423407102259, 1.564464031119312, 1.5725305589934282]"
autolink-broad--wiki-chess-article-body,autolink,encyclopedia,parse,113211.58854166667,63846.159375,1.7731934019197482,1.553871920279233,1.8156735662271148,9,"[1.7884722563968298, 1.7731934019197482, 1.7555812659652685]"
autolink-broad--wiki-chess-article-body,autolink,encyclopedia,render,64548.9578125,43707.300646551725,1.480411701931789,1.309300854526644,1.509505849385995,9,"[1.5020612377885527, 1.426553459927939, 1.492198844926731]"
autolink-broad--wiki-chess-plain-prose,autolink,plain-prose,fresh,32914.09703947369,32135.316506410258,1.025969773797308,0.9819649377586064,1.0474964213518154,9,"[1.0307003743530896, 1.018775620542527, 1.025969773797308]"
autolink-broad--wiki-chess-plain-prose,autolink,plain-prose,reuse,32112.11217948718,31380.82734375,1.018212867348902,0.9842107954270007,1.081283712841569,9,"[1.018212867348902, 1.0079485977065696, 1.0644840516212242]"
autolink-broad--wiki-chess-plain-prose,autolink,plain-prose,parse,18738.72807835821,18150.588768115944,1.0321586488303878,1.0263132691151684,1.0449983455311145,9,"[1.0321586488303878, 1.0409589466444407, 1.028000688813915]"
autolink-broad--wiki-chess-plain-prose,autolink,plain-prose,render,12885.987882653062,12768.707270408164,1.0074987557567716,0.9982702448006596,1.0343447272279909,9,"[1.0215349771867248, 1.0074987557567716, 1.0039510040185682]"
autolink-broad--wiki-volcano-first-paragraph,autolink,encyclopedia,fresh,4658.321677509293,2519.691084004024,1.8476451075648068,1.8361025403450177,1.8782134519279376,9,"[1.8387254330361777, 1.8476451075648068, 1.8514071403389651]"
autolink-broad--wiki-volcano-first-paragraph,autolink,encyclopedia,reuse,4362.360191637631,2211.9313162544167,1.9678484372738807,1.9531811403007058,1.9927194347411805,9,"[1.9904647938288023, 1.9678484372738807, 1.957309482123012]"
autolink-broad--wiki-volcano-first-paragraph,autolink,encyclopedia,parse,2772.089246119734,1186.5178783206832,2.334194605633698,2.272545045556793,2.3409729937424912,9,"[2.3334049819356535, 2.340956376895902, 2.3266987565021777]"
autolink-broad--wiki-volcano-first-paragraph,autolink,encyclopedia,render,1567.5582315162908,1015.4558898133117,1.5365481560078946,1.5170954439997038,1.5499190637730997,9,"[1.5365481560078946, 1.528593576791639, 1.5414031345026735]"
autolink-broad--wiki-volcano-lead,autolink,encyclopedia,fresh,6160.149784482759,3400.1853770380435,1.8109424707818274,1.8054416558506268,1.8269175188626303,9,"[1.8192306549238704, 1.8123834759698423, 1.8081295207583314]"
autolink-broad--wiki-volcano-lead,autolink,encyclopedia,reuse,5758.666714449541,3000.5744904076737,1.9164308898639235,1.9068969977211092,1.9246857180079544,9,"[1.9235180127617015, 1.9111914235317042, 1.9200132391877924]"
autolink-broad--wiki-volcano-lead,autolink,encyclopedia,parse,3638.705941133721,1603.8094150641025,2.2729954931505287,2.254182559351553,2.2837207557112564,9,"[2.2687464073418515, 2.254653392193799, 2.2730594356509344]"
autolink-broad--wiki-volcano-lead,autolink,encyclopedia,render,2109.8383220910623,1383.9359789823009,1.524040784346175,1.5205298024852232,1.541965262417661,9,"[1.5213481031055536, 1.53803128560153, 1.524040784346175]"
autolink-broad--wiki-volcano-article-body,autolink,encyclopedia,fresh,114512.42897727272,68573.74013157895,1.6767046956663207,1.5508039382389651,1.708098196094191,9,"[1.7018154349940915, 1.623481088729886, 1.683387149837034]"
autolink-broad--wiki-volcano-article-body,autolink,encyclopedia,reuse,113291.9921875,67073.87664473684,1.6692234216695436,1.5554006936500835,1.740101081916706,9,"[1.6879104354632717, 1.6815525203632782, 1.5556093832134572]"
autolink-broad--wiki-volcano-article-body,autolink,encyclopedia,parse,66036.18421052632,33735.98519736842,1.9579352871958395,1.933671809081454,1.9794444369418707,9,"[1.9584450161196123, 1.9524797790583508, 1.9731956998737423]"
autolink-broad--wiki-volcano-article-body,autolink,encyclopedia,render,40406.54435483871,26636.414228723403,1.513672459604085,1.4739983937175163,1.5389850043460644,9,"[1.498908076165463, 1.5158375373444768, 1.5274085432269178]"
autolink-broad--wiki-volcano-plain-prose,autolink,plain-prose,fresh,18616.594209558825,18196.143115942028,1.0231066051161375,1.0036917242179488,1.0508656866024992,9,"[1.0241387716692203, 1.0497797136286335, 1.0096681065406137]"
autolink-broad--wiki-volcano-plain-prose,autolink,plain-prose,reuse,17997.54464285714,17729.056778169015,1.015874748811414,0.9588743503666248,1.0215894821778522,9,"[1.015874748811414, 1.0142259103226263, 1.0170881762072026]"
autolink-broad--wiki-volcano-plain-prose,autolink,plain-prose,parse,10600.172139830509,10285.26306352459,1.0307320423886746,1.022123921809771,1.034139044156461,9,"[1.0261145007763113, 1.032507152208462, 1.0325722295208335]"
autolink-broad--wiki-volcano-plain-prose,autolink,plain-prose,render,7360.47794117647,7368.964522058824,1.00284275513907,0.9930962402299245,1.0235506520916813,9,"[1.010774660666333, 1.0158125597295178, 0.9963235980218345]"
