case,profile,category,mode,baseline_ns_per_document,candidate_ns_per_document,baseline_over_candidate_median,baseline_over_candidate_min,baseline_over_candidate_max,pairs,round_medians
feature--parser.line_comments-plain-300,/private/tmp/ferromark-v2-paragraph-A-feature-run.feature-scan-replay/configs/runtime-85adaf6f20609bb1f898fcfaa050e313ebaf9d72e313e8a4e4a3ef2a94f6222b.json,feature-line_comments,fresh,490.4521624065954,479.3664532035789,1.0271405222517882,1.016198732354597,1.041668020382555,6,"[1.0324562308574103, 1.0229895064755865]"
feature--parser.line_comments-plain-300,/private/tmp/ferromark-v2-paragraph-A-feature-run.feature-scan-replay/configs/runtime-85adaf6f20609bb1f898fcfaa050e313ebaf9d72e313e8a4e4a3ef2a94f6222b.json,feature-line_comments,reuse,165.3899076714589,154.15728226427444,1.074864831636253,1.051390612367315,1.0878304815898916,6,"[1.0787944536774263, 1.0709352095950797]"
feature--parser.line_comments-plain-300,/private/tmp/ferromark-v2-paragraph-A-feature-run.feature-scan-replay/configs/runtime-85adaf6f20609bb1f898fcfaa050e313ebaf9d72e313e8a4e4a3ef2a94f6222b.json,feature-line_comments,parse,112.42218529845974,100.43778122144798,1.1181651871840543,1.1021435922791885,1.1334122189567202,6,"[1.1202465360288139, 1.1169952759894328]"
feature--parser.line_comments-plain-300,/private/tmp/ferromark-v2-paragraph-A-feature-run.feature-scan-replay/configs/runtime-85adaf6f20609bb1f898fcfaa050e313ebaf9d72e313e8a4e4a3ef2a94f6222b.json,feature-line_comments,render,51.86605032815662,51.88551270788295,1.003755408623578,0.9861178732485337,1.021627807068572,6,"[1.0009062448508816, 1.0066045723962744]"
feature--parser.line_comments-active-300,/private/tmp/ferromark-v2-paragraph-A-feature-run.feature-scan-replay/configs/runtime-85adaf6f20609bb1f898fcfaa050e313ebaf9d72e313e8a4e4a3ef2a94f6222b.json,feature-line_comments,fresh,1245.1010188866799,1259.1656501509055,0.9892633262383324,0.9791425301328666,0.9927347202271557,6,"[0.9917345633092302, 0.9871715384616968]"
feature--parser.line_comments-active-300,/private/tmp/ferromark-v2-paragraph-A-feature-run.feature-scan-replay/configs/runtime-85adaf6f20609bb1f898fcfaa050e313ebaf9d72e313e8a4e4a3ef2a94f6222b.json,feature-line_comments,reuse,911.4361965683881,924.1012047636632,0.9859417425250585,0.968857008218587,1.0000250324259854,6,"[0.985554617379177, 0.9863288676709401]"
feature--parser.line_comments-active-300,/private/tmp/ferromark-v2-paragraph-A-feature-run.feature-scan-replay/configs/runtime-85adaf6f20609bb1f898fcfaa050e313ebaf9d72e313e8a4e4a3ef2a94f6222b.json,feature-line_comments,parse,784.4022607736798,793.0514652012442,0.9836706022046822,0.9808306629102123,0.9940771585999435,6,"[0.9842932379619315, 0.9830479664474328]"
feature--parser.line_comments-active-300,/private/tmp/ferromark-v2-paragraph-A-feature-run.feature-scan-replay/configs/runtime-85adaf6f20609bb1f898fcfaa050e313ebaf9d72e313e8a4e4a3ef2a94f6222b.json,feature-line_comments,render,124.05483208424143,121.65650959099557,1.0186127525985436,1.0017034139215997,1.0242576341817267,6,"[1.0155261918185632, 1.0224965441183886]"
feature--parser.line_comments-plain-4096,/private/tmp/ferromark-v2-paragraph-A-feature-run.feature-scan-replay/configs/runtime-85adaf6f20609bb1f898fcfaa050e313ebaf9d72e313e8a4e4a3ef2a94f6222b.json,feature-line_comments,fresh,2106.448600589226,1964.3080425142493,1.073842291884945,1.0602987256934902,1.0860063565781226,6,"[1.0675274904183054, 1.081417400039236]"
feature--parser.line_comments-plain-4096,/private/tmp/ferromark-v2-paragraph-A-feature-run.feature-scan-replay/configs/runtime-85adaf6f20609bb1f898fcfaa050e313ebaf9d72e313e8a4e4a3ef2a94f6222b.json,feature-line_comments,reuse,1698.9093771862804,1528.526199665305,1.1012923994353638,1.0946161421300242,1.115543260373844,6,"[1.0957354391784946, 1.101647774437901]"
feature--parser.line_comments-plain-4096,/private/tmp/ferromark-v2-paragraph-A-feature-run.feature-scan-replay/configs/runtime-85adaf6f20609bb1f898fcfaa050e313ebaf9d72e313e8a4e4a3ef2a94f6222b.json,feature-line_comments,parse,1164.0189031217983,1013.1014385421474,1.1460023016589576,1.1223877889595766,1.1659794438815076,6,"[1.1433425688234942, 1.1486620344944207]"
feature--parser.line_comments-plain-4096,/private/tmp/ferromark-v2-paragraph-A-feature-run.feature-scan-replay/configs/runtime-85adaf6f20609bb1f898fcfaa050e313ebaf9d72e313e8a4e4a3ef2a94f6222b.json,feature-line_comments,render,532.3606060427571,531.5727572278912,1.004417538373422,0.9785143219495652,1.0131772305156814,6,"[1.0083875505436974, 1.0037649976739416]"
feature--parser.line_comments-active-4096,/private/tmp/ferromark-v2-paragraph-A-feature-run.feature-scan-replay/configs/runtime-85adaf6f20609bb1f898fcfaa050e313ebaf9d72e313e8a4e4a3ef2a94f6222b.json,feature-line_comments,fresh,10788.963188559323,10924.459760662432,0.9886656725450065,0.9747180792481073,0.9963437368769079,6,"[0.995472194191466, 0.9823462531446141]"
feature--parser.line_comments-active-4096,/private/tmp/ferromark-v2-paragraph-A-feature-run.feature-scan-replay/configs/runtime-85adaf6f20609bb1f898fcfaa050e313ebaf9d72e313e8a4e4a3ef2a94f6222b.json,feature-line_comments,reuse,10374.519723360656,10453.319697745901,0.9923891751181944,0.9791142752712559,1.0012633026488542,6,"[0.9910010559053165, 0.9976607654449837]"
feature--parser.line_comments-active-4096,/private/tmp/ferromark-v2-paragraph-A-feature-run.feature-scan-replay/configs/runtime-85adaf6f20609bb1f898fcfaa050e313ebaf9d72e313e8a4e4a3ef2a94f6222b.json,feature-line_comments,parse,9037.992857142857,9266.142233455881,0.9766548582745729,0.9524169104476824,0.9916801795573538,6,"[0.9760393659677299, 0.9816895687839329]"
feature--parser.line_comments-active-4096,/private/tmp/ferromark-v2-paragraph-A-feature-run.feature-scan-replay/configs/runtime-85adaf6f20609bb1f898fcfaa050e313ebaf9d72e313e8a4e4a3ef2a94f6222b.json,feature-line_comments,render,1297.9905862473797,1274.6339964865256,1.0186497736297673,1.0034784722010297,1.0298624566356211,6,"[1.0193575541232014, 1.0179419931363332]"
feature--parser.line_comments-plain-65536,/private/tmp/ferromark-v2-paragraph-A-feature-run.feature-scan-replay/configs/runtime-85adaf6f20609bb1f898fcfaa050e313ebaf9d72e313e8a4e4a3ef2a94f6222b.json,feature-line_comments,fresh,27177.001302083336,24693.23377403846,1.0976023115712845,1.0856667726305642,1.1170703759125744,6,"[1.096248016317341, 1.098956606825228]"
feature--parser.line_comments-plain-65536,/private/tmp/ferromark-v2-paragraph-A-feature-run.feature-scan-replay/configs/runtime-85adaf6f20609bb1f898fcfaa050e313ebaf9d72e313e8a4e4a3ef2a94f6222b.json,feature-line_comments,reuse,26424.072265625,23939.839120370372,1.0990313478758955,1.0920596232418016,1.1270142587933896,6,"[1.1052991563121444, 1.0927338351506057]"
feature--parser.line_comments-plain-65536,/private/tmp/ferromark-v2-paragraph-A-feature-run.feature-scan-replay/configs/runtime-85adaf6f20609bb1f898fcfaa050e313ebaf9d72e313e8a4e4a3ef2a94f6222b.json,feature-line_comments,parse,18031.008482142857,15647.933727134146,1.1526676597678867,1.1270705753584473,1.1567033373345796,6,"[1.1401595155068711, 1.1547312261501685]"
feature--parser.line_comments-plain-65536,/private/tmp/ferromark-v2-paragraph-A-feature-run.feature-scan-replay/configs/runtime-85adaf6f20609bb1f898fcfaa050e313ebaf9d72e313e8a4e4a3ef2a94f6222b.json,feature-line_comments,render,8437.041407657656,8415.876875,1.0038250120109888,0.9826900924752652,1.017025059628106,6,"[0.9948802177409377, 1.0082798786870286]"
feature--parser.line_comments-active-65536,/private/tmp/ferromark-v2-paragraph-A-feature-run.feature-scan-replay/configs/runtime-85adaf6f20609bb1f898fcfaa050e313ebaf9d72e313e8a4e4a3ef2a94f6222b.json,feature-line_comments,fresh,169598.6328125,170762.69921875,0.9954655488077353,0.9885933724898646,0.9997672582915965,6,"[0.9975440048478134, 0.994612273033456]"
feature--parser.line_comments-active-65536,/private/tmp/ferromark-v2-paragraph-A-feature-run.feature-scan-replay/configs/runtime-85adaf6f20609bb1f898fcfaa050e313ebaf9d72e313e8a4e4a3ef2a94f6222b.json,feature-line_comments,reuse,168602.0546875,169201.3359375,0.9985074310396935,0.9851698274329481,1.00134588489259,6,"[0.9987233135162071, 0.9982915485631798]"
feature--parser.line_comments-active-65536,/private/tmp/ferromark-v2-paragraph-A-feature-run.feature-scan-replay/configs/runtime-85adaf6f20609bb1f898fcfaa050e313ebaf9d72e313e8a4e4a3ef2a94f6222b.json,feature-line_comments,parse,143749.609375,146166.146875,0.9840093176120744,0.9799396309667666,0.99040410120374,6,"[0.9857430797637039, 0.982275555460445]"
feature--parser.line_comments-active-65536,/private/tmp/ferromark-v2-paragraph-A-feature-run.feature-scan-replay/configs/runtime-85adaf6f20609bb1f898fcfaa050e313ebaf9d72e313e8a4e4a3ef2a94f6222b.json,feature-line_comments,render,22863.444196428572,22378.580357142855,1.0205472431193616,1.0113163310459565,1.0444766391048983,6,"[1.0162104212417649, 1.0299463469281822]"
feature--parser.definition_lists-plain-300,/private/tmp/ferromark-v2-paragraph-A-feature-run.feature-scan-replay/configs/runtime-952bd53aaa996fe4bc57828684b54cc7445e89a8940d8603c3d1f1597976555d.json,feature-definition_lists,fresh,503.6402139651915,492.86956789538885,1.0192904759288406,0.9991442891491108,1.0428865639258071,6,"[1.026385954245952, 1.0088657259385154]"
feature--parser.definition_lists-plain-300,/private/tmp/ferromark-v2-paragraph-A-feature-run.feature-scan-replay/configs/runtime-952bd53aaa996fe4bc57828684b54cc7445e89a8940d8603c3d1f1597976555d.json,feature-definition_lists,reuse,175.06909641828133,163.0190930897034,1.0716239395128002,1.0660224628426052,1.0843291817624625,6,"[1.0787916101291388, 1.0685565093777512]"
feature--parser.definition_lists-plain-300,/private/tmp/ferromark-v2-paragraph-A-feature-run.feature-scan-replay/configs/runtime-952bd53aaa996fe4bc57828684b54cc7445e89a8940d8603c3d1f1597976555d.json,feature-definition_lists,parse,122.89620782720877,111.7945545271472,1.100213745682502,1.0845145526392788,1.1125976314205004,6,"[1.092968615816558, 1.1077133438623228]"
feature--parser.definition_lists-plain-300,/private/tmp/ferromark-v2-paragraph-A-feature-run.feature-scan-replay/configs/runtime-952bd53aaa996fe4bc57828684b54cc7445e89a8940d8603c3d1f1597976555d.json,feature-definition_lists,render,52.027030991956245,52.127878224790905,1.0018757705527723,0.9793131142619805,1.0092681026128254,6,"[0.9901150745587052, 1.0060509081151996]"
feature--parser.definition_lists-active-300,/private/tmp/ferromark-v2-paragraph-A-feature-run.feature-scan-replay/configs/runtime-952bd53aaa996fe4bc57828684b54cc7445e89a8940d8603c3d1f1597976555d.json,feature-definition_lists,fresh,4200.638020833334,4187.609645845371,1.0111016679585911,0.9916392355285257,1.0142720598148884,6,"[1.0137657345057633, 1.0093725096457575]"
feature--parser.definition_lists-active-300,/private/tmp/ferromark-v2-paragraph-A-feature-run.feature-scan-replay/configs/runtime-952bd53aaa996fe4bc57828684b54cc7445e89a8940d8603c3d1f1597976555d.json,feature-definition_lists,reuse,3783.254141566265,3760.313302611644,1.0096364019379462,0.9926241600841413,1.0298772355932257,6,"[1.0027824304904718, 1.0103089620659123]"
feature--parser.definition_lists-active-300,/private/tmp/ferromark-v2-paragraph-A-feature-run.feature-scan-replay/configs/runtime-952bd53aaa996fe4bc57828684b54cc7445e89a8940d8603c3d1f1597976555d.json,feature-definition_lists,parse,3479.430642361111,3455.203220288772,1.0119799531763158,0.9651233068604496,1.0172465414435203,6,"[1.0105875034952765, 1.0133724028573554]"
feature--parser.definition_lists-active-300,/private/tmp/ferromark-v2-paragraph-A-feature-run.feature-scan-replay/configs/runtime-952bd53aaa996fe4bc57828684b54cc7445e89a8940d8603c3d1f1597976555d.json,feature-definition_lists,render,354.7034199762651,358.0427713149719,0.9943086868253541,0.974693653856206,1.0080969005260751,6,"[0.9987473597830067, 0.9898700138677016]"
feature--parser.definition_lists-plain-4096,/private/tmp/ferromark-v2-paragraph-A-feature-run.feature-scan-replay/configs/runtime-952bd53aaa996fe4bc57828684b54cc7445e89a8940d8603c3d1f1597976555d.json,feature-definition_lists,fresh,2183.663752913753,2045.604830473856,1.0675127497774963,1.0629879981935875,1.0771175491760034,6,"[1.066944401761454, 1.0680810977935384]"
feature--parser.definition_lists-plain-4096,/private/tmp/ferromark-v2-paragraph-A-feature-run.feature-scan-replay/configs/runtime-952bd53aaa996fe4bc57828684b54cc7445e89a8940d8603c3d1f1597976555d.json,feature-definition_lists,reuse,1779.9839302205562,1648.0668242691986,1.080405700227375,1.0708256131803455,1.1091201846585432,6,"[1.090162536887205, 1.0743927526808401]"
feature--parser.definition_lists-plain-4096,/private/tmp/ferromark-v2-paragraph-A-feature-run.feature-scan-replay/configs/runtime-952bd53aaa996fe4bc57828684b54cc7445e89a8940d8603c3d1f1597976555d.json,feature-definition_lists,parse,1256.0340652029274,1116.0276478893938,1.1242342108871979,1.1163927538343483,1.1441389088923417,6,"[1.1209751458259574, 1.1275168156423259]"
feature--parser.definition_lists-plain-4096,/private/tmp/ferromark-v2-paragraph-A-feature-run.feature-scan-replay/configs/runtime-952bd53aaa996fe4bc57828684b54cc7445e89a8940d8603c3d1f1597976555d.json,feature-definition_lists,render,531.0462636072416,534.7052093898553,0.9956152770152976,0.9836529421789836,1.0027747208008189,6,"[0.995403222232075, 1.0009915101129752]"
feature--parser.definition_lists-active-4096,/private/tmp/ferromark-v2-paragraph-A-feature-run.feature-scan-replay/configs/runtime-952bd53aaa996fe4bc57828684b54cc7445e89a8940d8603c3d1f1597976555d.json,feature-definition_lists,fresh,48677.38341346154,48531.449519230766,1.0033863714961444,0.9958722105172636,1.011327070672371,6,"[1.0044883787121872, 1.0022843642801018]"
feature--parser.definition_lists-active-4096,/private/tmp/ferromark-v2-paragraph-A-feature-run.feature-scan-replay/configs/runtime-952bd53aaa996fe4bc57828684b54cc7445e89a8940d8603c3d1f1597976555d.json,feature-definition_lists,reuse,47254.697544642855,47251.90625,0.9963145634441894,0.9813793632019558,1.0258335961212883,6,"[1.0005476237416733, 0.9955946188468926]"
feature--parser.definition_lists-active-4096,/private/tmp/ferromark-v2-paragraph-A-feature-run.feature-scan-replay/configs/runtime-952bd53aaa996fe4bc57828684b54cc7445e89a8940d8603c3d1f1597976555d.json,feature-definition_lists,parse,43281.769791666666,43198.871875,1.0030840805642978,0.9983137447272643,1.0070572344635225,6,"[1.00521462019653, 1.0029205071345932]"
feature--parser.definition_lists-active-4096,/private/tmp/ferromark-v2-paragraph-A-feature-run.feature-scan-replay/configs/runtime-952bd53aaa996fe4bc57828684b54cc7445e89a8940d8603c3d1f1597976555d.json,feature-definition_lists,render,4158.819639900662,4188.360524356638,0.9949066754831997,0.9845815299502705,1.006984470817111,6,"[0.9915142591595735, 0.9987309216513036]"
feature--parser.definition_lists-plain-65536,/private/tmp/ferromark-v2-paragraph-A-feature-run.feature-scan-replay/configs/runtime-952bd53aaa996fe4bc57828684b54cc7445e89a8940d8603c3d1f1597976555d.json,feature-definition_lists,fresh,28870.620028409092,26529.811848958336,1.0863175736939288,1.07519639160464,1.107143080469461,6,"[1.0910183572864995, 1.081616790101358]"
feature--parser.definition_lists-plain-65536,/private/tmp/ferromark-v2-paragraph-A-feature-run.feature-scan-replay/configs/runtime-952bd53aaa996fe4bc57828684b54cc7445e89a8940d8603c3d1f1597976555d.json,feature-definition_lists,reuse,28299.762228260868,25993.203125,1.0880539617717204,1.072372983060284,1.096144774176511,6,"[1.093354966339259, 1.0858786810988061]"
feature--parser.definition_lists-plain-65536,/private/tmp/ferromark-v2-paragraph-A-feature-run.feature-scan-replay/configs/runtime-952bd53aaa996fe4bc57828684b54cc7445e89a8940d8603c3d1f1597976555d.json,feature-definition_lists,parse,19710.53076171875,17223.74704391892,1.1466630535296716,1.121250830575061,1.1511626103892856,6,"[1.1461442994538984, 1.1480079278974706]"
feature--parser.definition_lists-plain-65536,/private/tmp/ferromark-v2-paragraph-A-feature-run.feature-scan-replay/configs/runtime-952bd53aaa996fe4bc57828684b54cc7445e89a8940d8603c3d1f1597976555d.json,feature-definition_lists,render,8468.028716216217,8437.335,1.0029348197654793,0.9965618394153931,1.021680463766859,6,"[1.0051466660626733, 0.9996299927848593]"
feature--parser.definition_lists-active-65536,/private/tmp/ferromark-v2-paragraph-A-feature-run.feature-scan-replay/configs/runtime-952bd53aaa996fe4bc57828684b54cc7445e89a8940d8603c3d1f1597976555d.json,feature-definition_lists,fresh,769544.28125,767097.015625,1.0045818545283787,0.9837436625210034,1.0215010519865182,6,"[1.0052477450780426, 0.996613747179511]"
feature--parser.definition_lists-active-65536,/private/tmp/ferromark-v2-paragraph-A-feature-run.feature-scan-replay/configs/runtime-952bd53aaa996fe4bc57828684b54cc7445e89a8940d8603c3d1f1597976555d.json,feature-definition_lists,reuse,761994.796875,762889.3125,0.9973383906728004,0.9913347950736349,1.0055646386256534,6,"[0.99510157170824, 0.9995752096373607]"
feature--parser.definition_lists-active-65536,/private/tmp/ferromark-v2-paragraph-A-feature-run.feature-scan-replay/configs/runtime-952bd53aaa996fe4bc57828684b54cc7445e89a8940d8603c3d1f1597976555d.json,feature-definition_lists,parse,694528.65625,691082.03125,1.0022443467462654,0.9957481042522431,1.008400299020966,6,"[1.0003154268099188, 1.004173266682612]"
feature--parser.definition_lists-active-65536,/private/tmp/ferromark-v2-paragraph-A-feature-run.feature-scan-replay/configs/runtime-952bd53aaa996fe4bc57828684b54cc7445e89a8940d8603c3d1f1597976555d.json,feature-definition_lists,render,67782.421875,68521.159375,0.9964800772361118,0.9757654138816944,1.0745657498881978,6,"[0.9922724720225534, 1.00068768244967]"
mixed--deflists--comment-ack,/private/tmp/ferromark-v2-paragraph-A-feature-run.feature-scan-replay/configs/runtime-32091b4ab7e57b3d2d7c6a1c30555da0833951bc37fd6b40279af705ee9e38c4.json,mixed-docs-definition-lists,fresh,421.17270396943326,418.94379289437967,1.0023406834084032,0.9890554676314641,1.0242467212379267,6,"[1.0085705861443792, 0.9938461157526488]"
mixed--deflists--comment-ack,/private/tmp/ferromark-v2-paragraph-A-feature-run.feature-scan-replay/configs/runtime-32091b4ab7e57b3d2d7c6a1c30555da0833951bc37fd6b40279af705ee9e38c4.json,mixed-docs-definition-lists,reuse,94.5284325598154,88.36238540095997,1.0665451178227725,1.0548690496454438,1.0789505096721335,6,"[1.076466170008892, 1.060985253942576]"
mixed--deflists--comment-ack,/private/tmp/ferromark-v2-paragraph-A-feature-run.feature-scan-replay/configs/runtime-32091b4ab7e57b3d2d7c6a1c30555da0833951bc37fd6b40279af705ee9e38c4.json,mixed-docs-definition-lists,parse,64.27847031370729,58.52019105144552,1.1039690105633124,1.0767714419648753,1.1158475646223491,6,"[1.1017058215116233, 1.1059494445176437]"
mixed--deflists--comment-ack,/private/tmp/ferromark-v2-paragraph-A-feature-run.feature-scan-replay/configs/runtime-32091b4ab7e57b3d2d7c6a1c30555da0833951bc37fd6b40279af705ee9e38c4.json,mixed-docs-definition-lists,render,30.360898548140426,30.489913126349293,0.992281233085463,0.9897535823305386,1.0031802877988873,6,"[0.9925169626626796, 0.9920455035082464]"
mixed--control--comment-ack,/private/tmp/ferromark-v2-paragraph-A-feature-run.feature-scan-replay/configs/runtime-92d3aa20c19f6e36ddf6454cd4eea55f84dfaec2d4e7ab1ef73254252b27b2c8.json,mixed-docs-control,fresh,407.07169547431283,406.3752222476594,0.9953707153498725,0.9867744483697831,1.0099050021318174,6,"[0.9946216497140893, 0.9961197809856557]"
mixed--control--comment-ack,/private/tmp/ferromark-v2-paragraph-A-feature-run.feature-scan-replay/configs/runtime-92d3aa20c19f6e36ddf6454cd4eea55f84dfaec2d4e7ab1ef73254252b27b2c8.json,mixed-docs-control,reuse,80.6153799132583,74.15363223866781,1.0916237366164996,1.081623328355524,1.0967647107739493,6,"[1.0938208530843436, 1.0876217693438488]"
mixed--control--comment-ack,/private/tmp/ferromark-v2-paragraph-A-feature-run.feature-scan-replay/configs/runtime-92d3aa20c19f6e36ddf6454cd4eea55f84dfaec2d4e7ab1ef73254252b27b2c8.json,mixed-docs-control,parse,51.76053381992004,46.198560208284185,1.1197895287216455,1.1022846439858478,1.1326318595156792,6,"[1.1165398269141857, 1.1278480036406542]"
mixed--control--comment-ack,/private/tmp/ferromark-v2-paragraph-A-feature-run.feature-scan-replay/configs/runtime-92d3aa20c19f6e36ddf6454cd4eea55f84dfaec2d4e7ab1ef73254252b27b2c8.json,mixed-docs-control,render,29.687817891995547,29.852241401421175,0.9954041350451968,0.979898544540843,1.0112434490908737,6,"[0.994572529298923, 0.9962357407914704]"
mixed--deflists--comment-review,/private/tmp/ferromark-v2-paragraph-A-feature-run.feature-scan-replay/configs/runtime-32091b4ab7e57b3d2d7c6a1c30555da0833951bc37fd6b40279af705ee9e38c4.json,mixed-docs-definition-lists,fresh,529.5739794615203,521.3254530571044,1.0153420347129198,1.000872274783527,1.0245162086121486,6,"[1.01848738363324, 1.0123710592247088]"
mixed--deflists--comment-review,/private/tmp/ferromark-v2-paragraph-A-feature-run.feature-scan-replay/configs/runtime-32091b4ab7e57b3d2d7c6a1c30555da0833951bc37fd6b40279af705ee9e38c4.json,mixed-docs-definition-lists,reuse,197.2112408291224,186.28524728637714,1.0614611612337002,1.0301325934775827,1.089220084549247,6,"[1.063681349237454, 1.0500841212890255]"
mixed--deflists--comment-review,/private/tmp/ferromark-v2-paragraph-A-feature-run.feature-scan-replay/configs/runtime-32091b4ab7e57b3d2d7c6a1c30555da0833951bc37fd6b40279af705ee9e38c4.json,mixed-docs-definition-lists,parse,151.04859986435582,137.83349548850987,1.0972782709610436,1.0875097102846298,1.1017165826847268,6,"[1.1006804352818067, 1.0942731950406355]"
mixed--deflists--comment-review,/private/tmp/ferromark-v2-paragraph-A-feature-run.feature-scan-replay/configs/runtime-32091b4ab7e57b3d2d7c6a1c30555da0833951bc37fd6b40279af705ee9e38c4.json,mixed-docs-definition-lists,render,50.81325620361562,51.21533678867101,0.9945963999114213,0.9837323407469635,1.0124859352121132,6,"[0.993943449254681, 0.9952493505681617]"
mixed--control--comment-review,/private/tmp/ferromark-v2-paragraph-A-feature-run.feature-scan-replay/configs/runtime-92d3aa20c19f6e36ddf6454cd4eea55f84dfaec2d4e7ab1ef73254252b27b2c8.json,mixed-docs-control,fresh,483.65755144156924,473.02534822474865,1.022963023023361,1.0115996043599857,1.0329630528232558,6,"[1.0234560422245724, 1.0224700038221497]"
mixed--control--comment-review,/private/tmp/ferromark-v2-paragraph-A-feature-run.feature-scan-replay/configs/runtime-92d3aa20c19f6e36ddf6454cd4eea55f84dfaec2d4e7ab1ef73254252b27b2c8.json,mixed-docs-control,reuse,154.15449530799418,141.6920354448922,1.0879602115385771,1.076929185502303,1.1009271272579026,6,"[1.0852303051783931, 1.0906901178987611]"
mixed--control--comment-review,/private/tmp/ferromark-v2-paragraph-A-feature-run.feature-scan-replay/configs/runtime-92d3aa20c19f6e36ddf6454cd4eea55f84dfaec2d4e7ab1ef73254252b27b2c8.json,mixed-docs-control,parse,104.74925982881403,92.19960342180596,1.136530862930368,1.1269723981231112,1.1497245066264972,6,"[1.1373905274172786, 1.1316082463669028]"
mixed--control--comment-review,/private/tmp/ferromark-v2-paragraph-A-feature-run.feature-scan-replay/configs/runtime-92d3aa20c19f6e36ddf6454cd4eea55f84dfaec2d4e7ab1ef73254252b27b2c8.json,mixed-docs-control,render,49.920321295951084,50.50121292799995,0.9921811550107047,0.9721929052657108,1.0027591210327917,6,"[0.9909464914982803, 0.9934158185231291]"
mixed--deflists--comment-table,/private/tmp/ferromark-v2-paragraph-A-feature-run.feature-scan-replay/configs/runtime-32091b4ab7e57b3d2d7c6a1c30555da0833951bc37fd6b40279af705ee9e38c4.json,mixed-docs-definition-lists,fresh,1531.742637320821,1523.1708221530396,1.0019763145613456,0.9980223023970831,1.0108379986300422,6,"[1.002646091943028, 0.9995838271661288]"
mixed--deflists--comment-table,/private/tmp/ferromark-v2-paragraph-A-feature-run.feature-scan-replay/configs/runtime-32091b4ab7e57b3d2d7c6a1c30555da0833951bc37fd6b40279af705ee9e38c4.json,mixed-docs-definition-lists,reuse,1177.864347928437,1175.879141212406,1.0048854688105364,0.987577410919305,1.01760442080138,6,"[1.011383236999167, 0.9940834522135532]"
mixed--deflists--comment-table,/private/tmp/ferromark-v2-paragraph-A-feature-run.feature-scan-replay/configs/runtime-32091b4ab7e57b3d2d7c6a1c30555da0833951bc37fd6b40279af705ee9e38c4.json,mixed-docs-definition-lists,parse,976.3225376755088,972.8223298334979,1.0050583931775012,0.979530913595663,1.0130423761611098,6,"[0.991450301257686, 1.010357796416711]"
mixed--deflists--comment-table,/private/tmp/ferromark-v2-paragraph-A-feature-run.feature-scan-replay/configs/runtime-32091b4ab7e57b3d2d7c6a1c30555da0833951bc37fd6b40279af705ee9e38c4.json,mixed-docs-definition-lists,render,201.99880568714997,204.30168591642854,0.9830721201344867,0.9752390404172978,1.0158327351412701,6,"[0.9817406296288809, 0.9985795012504507]"
mixed--control--comment-table,/private/tmp/ferromark-v2-paragraph-A-feature-run.feature-scan-replay/configs/runtime-92d3aa20c19f6e36ddf6454cd4eea55f84dfaec2d4e7ab1ef73254252b27b2c8.json,mixed-docs-control,fresh,580.8307638051131,558.8229545132344,1.0288464188067443,1.0244910830917928,1.057426598877743,6,"[1.0251930186936917, 1.042900525126057]"
mixed--control--comment-table,/private/tmp/ferromark-v2-paragraph-A-feature-run.feature-scan-replay/configs/runtime-92d3aa20c19f6e36ddf6454cd4eea55f84dfaec2d4e7ab1ef73254252b27b2c8.json,mixed-docs-control,reuse,248.41256601374565,230.76072172150936,1.0747292498749907,1.05855614281644,1.094296872672051,6,"[1.0855576214049183, 1.0715694679300136]"
mixed--control--comment-table,/private/tmp/ferromark-v2-paragraph-A-feature-run.feature-scan-replay/configs/runtime-92d3aa20c19f6e36ddf6454cd4eea55f84dfaec2d4e7ab1ef73254252b27b2c8.json,mixed-docs-control,parse,181.52066234332324,164.61215843824152,1.1027886897752115,1.0823959927623492,1.1278282126430172,6,"[1.109786649351539, 1.0909235984680308]"
mixed--control--comment-table,/private/tmp/ferromark-v2-paragraph-A-feature-run.feature-scan-replay/configs/runtime-92d3aa20c19f6e36ddf6454cd4eea55f84dfaec2d4e7ab1ef73254252b27b2c8.json,mixed-docs-control,render,66.13230825139797,66.27357779582988,0.9998498108442302,0.9868285566170668,1.008119270773682,6,"[0.9945603143358932, 1.006581059274683]"
mixed--deflists--comment-incident,/private/tmp/ferromark-v2-paragraph-A-feature-run.feature-scan-replay/configs/runtime-32091b4ab7e57b3d2d7c6a1c30555da0833951bc37fd6b40279af705ee9e38c4.json,mixed-docs-definition-lists,fresh,2008.6669776909998,1975.0546887439295,1.0178205518813028,0.9970106927730652,1.0360014502881756,6,"[1.0025251888699165, 1.020005052431715]"
mixed--deflists--comment-incident,/private/tmp/ferromark-v2-paragraph-A-feature-run.feature-scan-replay/configs/runtime-32091b4ab7e57b3d2d7c6a1c30555da0833951bc37fd6b40279af705ee9e38c4.json,mixed-docs-definition-lists,reuse,1642.7797326115488,1600.7209249084249,1.0196404611539247,1.0113806755302817,1.0764395353972949,6,"[1.0236348283805528, 1.0156460939272969]"
mixed--deflists--comment-incident,/private/tmp/ferromark-v2-paragraph-A-feature-run.feature-scan-replay/configs/runtime-32091b4ab7e57b3d2d7c6a1c30555da0833951bc37fd6b40279af705ee9e38c4.json,mixed-docs-definition-lists,parse,1256.7705509538152,1222.9588303537985,1.0291147470780577,1.0232554081185348,1.0368068252412899,6,"[1.0263242038910154, 1.0339737697012927]"
mixed--deflists--comment-incident,/private/tmp/ferromark-v2-paragraph-A-feature-run.feature-scan-replay/configs/runtime-32091b4ab7e57b3d2d7c6a1c30555da0833951bc37fd6b40279af705ee9e38c4.json,mixed-docs-definition-lists,render,365.11014492972913,365.0152490867901,1.0040881792364926,0.9844462032214046,1.0071804111533544,6,"[1.0046882197571292, 1.0034881387158558]"
mixed--control--comment-incident,/private/tmp/ferromark-v2-paragraph-A-feature-run.feature-scan-replay/configs/runtime-92d3aa20c19f6e36ddf6454cd4eea55f84dfaec2d4e7ab1ef73254252b27b2c8.json,mixed-docs-control,fresh,1591.4754691475828,1565.2232327617266,1.011311694626256,1.0025173961996718,1.0278913126613336,6,"[1.0096626727629303, 1.0209167244872124]"
mixed--control--comment-incident,/private/tmp/ferromark-v2-paragraph-A-feature-run.feature-scan-replay/configs/runtime-92d3aa20c19f6e36ddf6454cd4eea55f84dfaec2d4e7ab1ef73254252b27b2c8.json,mixed-docs-control,reuse,1222.9201143760558,1191.862992451402,1.0308907382036439,1.0093398353274852,1.0416136801261684,6,"[1.0288979626920773, 1.0328835137152106]"
mixed--control--comment-incident,/private/tmp/ferromark-v2-paragraph-A-feature-run.feature-scan-replay/configs/runtime-92d3aa20c19f6e36ddf6454cd4eea55f84dfaec2d4e7ab1ef73254252b27b2c8.json,mixed-docs-control,parse,981.3834870486656,946.8940128717238,1.0382257871341634,1.0213391233554254,1.0467997271230856,6,"[1.0402187781087113, 1.033404828664735]"
mixed--control--comment-incident,/private/tmp/ferromark-v2-paragraph-A-feature-run.feature-scan-replay/configs/runtime-92d3aa20c19f6e36ddf6454cd4eea55f84dfaec2d4e7ab1ef73254252b27b2c8.json,mixed-docs-control,render,242.28599553826822,241.19286074063754,1.0044849399074336,0.9897234772889594,1.0124555175314507,6,"[1.0089303352522445, 0.9991289492252103]"
mixed--deflists--legacy-node-ferromark-readme,/private/tmp/ferromark-v2-paragraph-A-feature-run.feature-scan-replay/configs/runtime-32091b4ab7e57b3d2d7c6a1c30555da0833951bc37fd6b40279af705ee9e38c4.json,mixed-docs-definition-lists,fresh,13718.056385869566,13600.909162523127,1.0066587877418083,0.9940562679663352,1.0180271210108118,6,"[1.0134714798564022, 0.9998460956272144]"
mixed--deflists--legacy-node-ferromark-readme,/private/tmp/ferromark-v2-paragraph-A-feature-run.feature-scan-replay/configs/runtime-32091b4ab7e57b3d2d7c6a1c30555da0833951bc37fd6b40279af705ee9e38c4.json,mixed-docs-definition-lists,reuse,13363.275875443262,13227.294921875,1.0116441551494577,1.007852467068788,1.0437581163869,6,"[1.0095625927819332, 1.0137257175169825]"
mixed--deflists--legacy-node-ferromark-readme,/private/tmp/ferromark-v2-paragraph-A-feature-run.feature-scan-replay/configs/runtime-32091b4ab7e57b3d2d7c6a1c30555da0833951bc37fd6b40279af705ee9e38c4.json,mixed-docs-definition-lists,parse,8602.359872500925,8427.126875,1.0234223453689832,1.0088082819732613,1.0468332129890574,6,"[1.0279120671632684, 1.0152185560592173]"
mixed--deflists--legacy-node-ferromark-readme,/private/tmp/ferromark-v2-paragraph-A-feature-run.feature-scan-replay/configs/runtime-32091b4ab7e57b3d2d7c6a1c30555da0833951bc37fd6b40279af705ee9e38c4.json,mixed-docs-definition-lists,render,4599.635231892711,4603.716681985294,0.997520261558795,0.9898970746877552,1.0082870103092785,6,"[0.9998033654067748, 0.9952371577108152]"
mixed--control--legacy-node-ferromark-readme,/private/tmp/ferromark-v2-paragraph-A-feature-run.feature-scan-replay/configs/runtime-92d3aa20c19f6e36ddf6454cd4eea55f84dfaec2d4e7ab1ef73254252b27b2c8.json,mixed-docs-control,fresh,10349.481301229509,10183.583417338708,1.018812251336715,0.9978732386004776,1.0279656801079424,6,"[1.001578877512475, 1.0226282281424395]"
mixed--control--legacy-node-ferromark-readme,/private/tmp/ferromark-v2-paragraph-A-feature-run.feature-scan-replay/configs/runtime-92d3aa20c19f6e36ddf6454cd4eea55f84dfaec2d4e7ab1ef73254252b27b2c8.json,mixed-docs-control,reuse,9863.535888671875,9618.243134469696,1.0254774590014373,0.9960159035740446,1.0352392561065191,6,"[1.0270751807917944, 1.02387973721108]"
mixed--control--legacy-node-ferromark-readme,/private/tmp/ferromark-v2-paragraph-A-feature-run.feature-scan-replay/configs/runtime-92d3aa20c19f6e36ddf6454cd4eea55f84dfaec2d4e7ab1ef73254252b27b2c8.json,mixed-docs-control,parse,6280.1889062499995,6138.824711771845,1.0222039369025095,1.0145102051912278,1.0391529505671302,6,"[1.0320896692739123, 1.0195570584566516]"
mixed--control--legacy-node-ferromark-readme,/private/tmp/ferromark-v2-paragraph-A-feature-run.feature-scan-replay/configs/runtime-92d3aa20c19f6e36ddf6454cd4eea55f84dfaec2d4e7ab1ef73254252b27b2c8.json,mixed-docs-control,render,3541.041401836158,3513.2564187943317,1.008959320047877,0.9995316236127948,1.018592450810311,6,"[1.0109139356920578, 1.0059190158362201]"
mixed--deflists--legacy-docs-markdown-extensions,/private/tmp/ferromark-v2-paragraph-A-feature-run.feature-scan-replay/configs/runtime-32091b4ab7e57b3d2d7c6a1c30555da0833951bc37fd6b40279af705ee9e38c4.json,mixed-docs-definition-lists,fresh,6614.103618421053,6524.21728515625,1.0112896442950612,0.985155285324267,1.0239900508342603,6,"[1.0167075034306499, 1.0055340210300483]"
mixed--deflists--legacy-docs-markdown-extensions,/private/tmp/ferromark-v2-paragraph-A-feature-run.feature-scan-replay/configs/runtime-32091b4ab7e57b3d2d7c6a1c30555da0833951bc37fd6b40279af705ee9e38c4.json,mixed-docs-definition-lists,reuse,6157.213848039216,6098.837803106329,1.008472990004103,0.9966094047709476,1.023958411941451,6,"[1.0080405399515153, 1.0121541726790884]"
mixed--deflists--legacy-docs-markdown-extensions,/private/tmp/ferromark-v2-paragraph-A-feature-run.feature-scan-replay/configs/runtime-32091b4ab7e57b3d2d7c6a1c30555da0833951bc37fd6b40279af705ee9e38c4.json,mixed-docs-definition-lists,parse,4550.02638134058,4522.9083857913665,1.0043339735848282,0.9941484930396525,1.0165109555420409,6,"[0.9978838800511848, 1.0103261898456841]"
mixed--deflists--legacy-docs-markdown-extensions,/private/tmp/ferromark-v2-paragraph-A-feature-run.feature-scan-replay/configs/runtime-32091b4ab7e57b3d2d7c6a1c30555da0833951bc37fd6b40279af705ee9e38c4.json,mixed-docs-definition-lists,render,1571.8844613693468,1573.7673080094758,1.0012792296353314,0.9906826258052139,1.0087960184389215,6,"[1.0006842581442217, 1.0084666401643914]"
mixed--control--legacy-docs-markdown-extensions,/private/tmp/ferromark-v2-paragraph-A-feature-run.feature-scan-replay/configs/runtime-92d3aa20c19f6e36ddf6454cd4eea55f84dfaec2d4e7ab1ef73254252b27b2c8.json,mixed-docs-control,fresh,3916.3941406249996,3884.7372864906833,1.006578318554801,0.9952252292048793,1.0208032481045597,6,"[0.9992749134935452, 1.0135979805343183]"
mixed--control--legacy-docs-markdown-extensions,/private/tmp/ferromark-v2-paragraph-A-feature-run.feature-scan-replay/configs/runtime-92d3aa20c19f6e36ddf6454cd4eea55f84dfaec2d4e7ab1ef73254252b27b2c8.json,mixed-docs-control,reuse,3514.98498603352,3497.879712232309,1.0048898341496815,0.9952816266751903,1.0213670802896289,6,"[1.0032511659213355, 1.0065285023780275]"
mixed--control--legacy-docs-markdown-extensions,/private/tmp/ferromark-v2-paragraph-A-feature-run.feature-scan-replay/configs/runtime-92d3aa20c19f6e36ddf6454cd4eea55f84dfaec2d4e7ab1ef73254252b27b2c8.json,mixed-docs-control,parse,2401.502222406425,2384.038667779266,1.0086968652808133,0.9966787685377264,1.0133261757742018,6,"[1.0073503236367747, 1.011476750257021]"
mixed--control--legacy-docs-markdown-extensions,/private/tmp/ferromark-v2-paragraph-A-feature-run.feature-scan-replay/configs/runtime-92d3aa20c19f6e36ddf6454cd4eea55f84dfaec2d4e7ab1ef73254252b27b2c8.json,mixed-docs-control,render,1091.6911812827225,1079.6163982330993,1.0089206695908866,0.9877904940996587,1.0227216209233203,6,"[1.0146143254542652, 1.0032270137275077]"
mixed--deflists--rust-book-ch03-04-comments,/private/tmp/ferromark-v2-paragraph-A-feature-run.feature-scan-replay/configs/runtime-32091b4ab7e57b3d2d7c6a1c30555da0833951bc37fd6b40279af705ee9e38c4.json,mixed-docs-definition-lists,fresh,1228.775765207658,1207.0739925193052,1.0183532689553045,1.0045024226857344,1.0420635758474361,6,"[1.0163777037246988, 1.0209041285106306]"
mixed--deflists--rust-book-ch03-04-comments,/private/tmp/ferromark-v2-paragraph-A-feature-run.feature-scan-replay/configs/runtime-32091b4ab7e57b3d2d7c6a1c30555da0833951bc37fd6b40279af705ee9e38c4.json,mixed-docs-definition-lists,reuse,837.9522219422042,814.8551603381088,1.0273213909129244,1.0169012195224874,1.0462561522388512,6,"[1.0333051413239889, 1.0213376405018597]"
mixed--deflists--rust-book-ch03-04-comments,/private/tmp/ferromark-v2-paragraph-A-feature-run.feature-scan-replay/configs/runtime-32091b4ab7e57b3d2d7c6a1c30555da0833951bc37fd6b40279af705ee9e38c4.json,mixed-docs-definition-lists,parse,586.1754887293498,568.1646345780696,1.0298643199106499,1.0272471406416426,1.0379805206874333,6,"[1.0290663067697188, 1.030662333051581]"
mixed--deflists--rust-book-ch03-04-comments,/private/tmp/ferromark-v2-paragraph-A-feature-run.feature-scan-replay/configs/runtime-32091b4ab7e57b3d2d7c6a1c30555da0833951bc37fd6b40279af705ee9e38c4.json,mixed-docs-definition-lists,render,234.73310775570917,235.43830858758326,1.0027056194782982,0.9808449945030671,1.0119003903729977,6,"[1.0036885798109187, 1.0017226591456774]"
mixed--control--rust-book-ch03-04-comments,/private/tmp/ferromark-v2-paragraph-A-feature-run.feature-scan-replay/configs/runtime-92d3aa20c19f6e36ddf6454cd4eea55f84dfaec2d4e7ab1ef73254252b27b2c8.json,mixed-docs-control,fresh,1080.0366335574117,1060.677434192541,1.0185071294284818,0.9989054532215679,1.030581410575718,6,"[1.0279715106947738, 1.0171862315094435]"
mixed--control--rust-book-ch03-04-comments,/private/tmp/ferromark-v2-paragraph-A-feature-run.feature-scan-replay/configs/runtime-92d3aa20c19f6e36ddf6454cd4eea55f84dfaec2d4e7ab1ef73254252b27b2c8.json,mixed-docs-control,reuse,706.8433893023221,682.502860360763,1.033994096067425,1.0289918243584997,1.0424038816432541,6,"[1.0396947401752172, 1.0318927700102618]"
mixed--control--rust-book-ch03-04-comments,/private/tmp/ferromark-v2-paragraph-A-feature-run.feature-scan-replay/configs/runtime-92d3aa20c19f6e36ddf6454cd4eea55f84dfaec2d4e7ab1ef73254252b27b2c8.json,mixed-docs-control,parse,502.9299577634755,482.685945881703,1.0403849275206445,1.0300532858537024,1.0542781381508002,6,"[1.0346486015670948, 1.0437517818080704]"
mixed--control--rust-book-ch03-04-comments,/private/tmp/ferromark-v2-paragraph-A-feature-run.feature-scan-replay/configs/runtime-92d3aa20c19f6e36ddf6454cd4eea55f84dfaec2d4e7ab1ef73254252b27b2c8.json,mixed-docs-control,render,191.51217966366363,190.08142930079165,1.0092984035449,1.0011461710878957,1.0116807195459732,6,"[1.0095842643062278, 1.009012542783572]"
mixed--deflists--vite-docs-api-plugin,/private/tmp/ferromark-v2-paragraph-A-feature-run.feature-scan-replay/configs/runtime-32091b4ab7e57b3d2d7c6a1c30555da0833951bc37fd6b40279af705ee9e38c4.json,mixed-docs-definition-lists,fresh,99545.10714285713,96956.10044642858,1.0040095400389517,0.9924364305427783,1.0848992133133821,6,"[1.004546083847159, 1.0034729962307443]"
mixed--deflists--vite-docs-api-plugin,/private/tmp/ferromark-v2-paragraph-A-feature-run.feature-scan-replay/configs/runtime-32091b4ab7e57b3d2d7c6a1c30555da0833951bc37fd6b40279af705ee9e38c4.json,mixed-docs-definition-lists,reuse,95178.47767857143,96663.22544642858,0.984998399469472,0.9621747657742685,1.0948105487329614,6,"[0.9674830468270041, 1.0248164759179517]"
mixed--deflists--vite-docs-api-plugin,/private/tmp/ferromark-v2-paragraph-A-feature-run.feature-scan-replay/configs/runtime-32091b4ab7e57b3d2d7c6a1c30555da0833951bc37fd6b40279af705ee9e38c4.json,mixed-docs-definition-lists,parse,68592.1875,67339.9078125,1.024306881304514,0.978569243455287,1.078978152356786,6,"[1.0244258610385195, 1.0241879015705082]"
mixed--deflists--vite-docs-api-plugin,/private/tmp/ferromark-v2-paragraph-A-feature-run.feature-scan-replay/configs/runtime-32091b4ab7e57b3d2d7c6a1c30555da0833951bc37fd6b40279af705ee9e38c4.json,mixed-docs-definition-lists,render,16278.962740384615,16003.858233173076,1.0164462871819135,0.9892151173854908,1.0365627673319981,6,"[1.023031884386231, 0.9935492978493567]"
mixed--control--vite-docs-api-plugin,/private/tmp/ferromark-v2-paragraph-A-feature-run.feature-scan-replay/configs/runtime-92d3aa20c19f6e36ddf6454cd4eea55f84dfaec2d4e7ab1ef73254252b27b2c8.json,mixed-docs-control,fresh,76996.3125,73807.79861111111,1.0330039754548705,0.9869054598128877,1.065137774737107,6,"[1.022816198630417, 1.0431917522793241]"
mixed--control--vite-docs-api-plugin,/private/tmp/ferromark-v2-paragraph-A-feature-run.feature-scan-replay/configs/runtime-92d3aa20c19f6e36ddf6454cd4eea55f84dfaec2d4e7ab1ef73254252b27b2c8.json,mixed-docs-control,reuse,75033.63715277778,73384.90972222222,1.0224550944715898,0.9936619346357667,1.0944869412448617,6,"[1.0307647080871676, 1.014145480856012]"
mixed--control--vite-docs-api-plugin,/private/tmp/ferromark-v2-paragraph-A-feature-run.feature-scan-replay/configs/runtime-92d3aa20c19f6e36ddf6454cd4eea55f84dfaec2d4e7ab1ef73254252b27b2c8.json,mixed-docs-control,parse,55154.67578125,54197.15625,1.0197143318233177,0.9798557863226505,1.0371684684226357,6,"[1.0157218502491814, 1.023706813397454]"
mixed--control--vite-docs-api-plugin,/private/tmp/ferromark-v2-paragraph-A-feature-run.feature-scan-replay/configs/runtime-92d3aa20c19f6e36ddf6454cd4eea55f84dfaec2d4e7ab1ef73254252b27b2c8.json,mixed-docs-control,render,13151.529622395832,13010.451331313776,1.0047791079672943,0.9981530524958891,1.0302162079227293,6,"[1.0038499211610183, 1.0057082947735703]"
mixed--deflists--typescript-handbook-compiler-options,/private/tmp/ferromark-v2-paragraph-A-feature-run.feature-scan-replay/configs/runtime-32091b4ab7e57b3d2d7c6a1c30555da0833951bc37fd6b40279af705ee9e38c4.json,mixed-docs-definition-lists,fresh,85520.427734375,85466.47265625,1.0013259418001035,0.9911685567486318,1.0119400574507111,6,"[1.0007356249875932, 1.0019162586126138]"
mixed--deflists--typescript-handbook-compiler-options,/private/tmp/ferromark-v2-paragraph-A-feature-run.feature-scan-replay/configs/runtime-32091b4ab7e57b3d2d7c6a1c30555da0833951bc37fd6b40279af705ee9e38c4.json,mixed-docs-definition-lists,reuse,84037.271484375,84101.23828125,1.0013790319907483,0.9703944636442043,1.01908863269251,6,"[0.9986309331321063, 1.0053730278392101]"
mixed--deflists--typescript-handbook-compiler-options,/private/tmp/ferromark-v2-paragraph-A-feature-run.feature-scan-replay/configs/runtime-32091b4ab7e57b3d2d7c6a1c30555da0833951bc37fd6b40279af705ee9e38c4.json,mixed-docs-definition-lists,parse,24954.427283653848,24935.952716346153,0.9957195538402183,0.9835954333638618,1.0159681532037605,6,"[0.9843421669143645, 1.0059781318230168]"
mixed--deflists--typescript-handbook-compiler-options,/private/tmp/ferromark-v2-paragraph-A-feature-run.feature-scan-replay/configs/runtime-32091b4ab7e57b3d2d7c6a1c30555da0833951bc37fd6b40279af705ee9e38c4.json,mixed-docs-definition-lists,render,58338.65909090909,57888.96875,0.9996170798539654,0.9932143969000847,1.0224851640095518,6,"[1.000449030935416, 0.9987851287725149]"
mixed--control--typescript-handbook-compiler-options,/private/tmp/ferromark-v2-paragraph-A-feature-run.feature-scan-replay/configs/runtime-92d3aa20c19f6e36ddf6454cd4eea55f84dfaec2d4e7ab1ef73254252b27b2c8.json,mixed-docs-control,fresh,27346.58016304348,26826.280598958332,1.0143130680372843,1.0012080599609352,1.0292230632624646,6,"[1.0075037142956595, 1.0176743465625069]"
mixed--control--typescript-handbook-compiler-options,/private/tmp/ferromark-v2-paragraph-A-feature-run.feature-scan-replay/configs/runtime-92d3aa20c19f6e36ddf6454cd4eea55f84dfaec2d4e7ab1ef73254252b27b2c8.json,mixed-docs-control,reuse,26306.09765625,25932.78625,1.016463450525255,0.9834938540656238,1.021969374777227,6,"[1.0189344843984343, 1.0139924166520757]"
mixed--control--typescript-handbook-compiler-options,/private/tmp/ferromark-v2-paragraph-A-feature-run.feature-scan-replay/configs/runtime-92d3aa20c19f6e36ddf6454cd4eea55f84dfaec2d4e7ab1ef73254252b27b2c8.json,mixed-docs-control,parse,23556.59259259259,23698.20601851852,0.9997904229928622,0.9866130259758711,1.0089653856014087,6,"[0.9956164411411751, 1.0038707903947972]"
mixed--control--typescript-handbook-compiler-options,/private/tmp/ferromark-v2-paragraph-A-feature-run.feature-scan-replay/configs/runtime-92d3aa20c19f6e36ddf6454cd4eea55f84dfaec2d4e7ab1ef73254252b27b2c8.json,mixed-docs-control,render,2351.4664558952395,2400.0551427396617,0.9844275873586947,0.9439823708330686,0.999045434426411,6,"[0.9876741320031527, 0.9789835674997147]"
mixed--deflists--wiki-rainbow-first-paragraph,/private/tmp/ferromark-v2-paragraph-A-feature-run.feature-scan-replay/configs/runtime-32091b4ab7e57b3d2d7c6a1c30555da0833951bc37fd6b40279af705ee9e38c4.json,mixed-docs-definition-lists,fresh,2147.7049057336535,2126.332997881356,1.0115971351459958,0.9960339520257544,1.0259083684308288,6,"[1.0118538669197088, 1.011340403372283]"
mixed--deflists--wiki-rainbow-first-paragraph,/private/tmp/ferromark-v2-paragraph-A-feature-run.feature-scan-replay/configs/runtime-32091b4ab7e57b3d2d7c6a1c30555da0833951bc37fd6b40279af705ee9e38c4.json,mixed-docs-definition-lists,reuse,1788.7884008945023,1783.1623486467238,1.0086406102663497,0.9976452155831278,1.0150259412426437,6,"[1.0086203535133422, 1.014930257606634]"
mixed--deflists--wiki-rainbow-first-paragraph,/private/tmp/ferromark-v2-paragraph-A-feature-run.feature-scan-replay/configs/runtime-32091b4ab7e57b3d2d7c6a1c30555da0833951bc37fd6b40279af705ee9e38c4.json,mixed-docs-definition-lists,parse,1247.1063029456732,1230.897845240167,1.01359928000213,1.0043363673585022,1.0248612422440515,6,"[1.0054208110423295, 1.0184217723929065]"
mixed--deflists--wiki-rainbow-first-paragraph,/private/tmp/ferromark-v2-paragraph-A-feature-run.feature-scan-replay/configs/runtime-32091b4ab7e57b3d2d7c6a1c30555da0833951bc37fd6b40279af705ee9e38c4.json,mixed-docs-definition-lists,render,508.01665450502594,515.0907755885773,0.9833768842748709,0.96795383343084,1.0082199744784155,6,"[0.9851347330709709, 0.9816190354787709]"
mixed--control--wiki-rainbow-first-paragraph,/private/tmp/ferromark-v2-paragraph-A-feature-run.feature-scan-replay/configs/runtime-92d3aa20c19f6e36ddf6454cd4eea55f84dfaec2d4e7ab1ef73254252b27b2c8.json,mixed-docs-control,fresh,2206.679950312789,1897.2112378013776,1.01997773544288,0.9730113893288082,1.5742625134016033,6,"[0.989116425918337, 1.053513015711864]"
mixed--control--wiki-rainbow-first-paragraph,/private/tmp/ferromark-v2-paragraph-A-feature-run.feature-scan-replay/configs/runtime-92d3aa20c19f6e36ddf6454cd4eea55f84dfaec2d4e7ab1ef73254252b27b2c8.json,mixed-docs-control,reuse,1504.7261461712233,1499.8552883177676,1.0014629169495888,0.9891240158334156,1.0114921890729915,6,"[1.0062602456030334, 0.9967061585605651]"
mixed--control--wiki-rainbow-first-paragraph,/private/tmp/ferromark-v2-paragraph-A-feature-run.feature-scan-replay/configs/runtime-92d3aa20c19f6e36ddf6454cd4eea55f84dfaec2d4e7ab1ef73254252b27b2c8.json,mixed-docs-control,parse,1030.4123249588138,1021.672735441948,1.012399373316553,1.0008537715664019,1.0185657574375382,6,"[1.013725782524281, 1.0038904888351659]"
mixed--control--wiki-rainbow-first-paragraph,/private/tmp/ferromark-v2-paragraph-A-feature-run.feature-scan-replay/configs/runtime-92d3aa20c19f6e36ddf6454cd4eea55f84dfaec2d4e7ab1ef73254252b27b2c8.json,mixed-docs-control,render,464.670825785783,469.2532870689519,0.9956630401981172,0.9760277670380816,1.011269283421104,6,"[0.9955810335228839, 0.9957956417561078]"
mixed--deflists--wiki-tea-lead,/private/tmp/ferromark-v2-paragraph-A-feature-run.feature-scan-replay/configs/runtime-32091b4ab7e57b3d2d7c6a1c30555da0833951bc37fd6b40279af705ee9e38c4.json,mixed-docs-definition-lists,fresh,17360.810024868617,17320.25971283784,1.000192413573001,0.98871808357076,1.0118632445877844,6,"[1.0034514706368183, 0.9913167925606372]"
mixed--deflists--wiki-tea-lead,/private/tmp/ferromark-v2-paragraph-A-feature-run.feature-scan-replay/configs/runtime-32091b4ab7e57b3d2d7c6a1c30555da0833951bc37fd6b40279af705ee9e38c4.json,mixed-docs-definition-lists,reuse,16669.30509868421,16655.872944078947,1.004495293610268,0.9906694356579064,1.0091815905187935,6,"[1.006914323900513, 1.0032726292491367]"
mixed--deflists--wiki-tea-lead,/private/tmp/ferromark-v2-paragraph-A-feature-run.feature-scan-replay/configs/runtime-32091b4ab7e57b3d2d7c6a1c30555da0833951bc37fd6b40279af705ee9e38c4.json,mixed-docs-definition-lists,parse,12141.651442307691,12183.16826923077,0.9982156923571002,0.9919843960162793,1.0035144191846477,6,"[1.0006876228914086, 0.9972615262886367]"
mixed--deflists--wiki-tea-lead,/private/tmp/ferromark-v2-paragraph-A-feature-run.feature-scan-replay/configs/runtime-32091b4ab7e57b3d2d7c6a1c30555da0833951bc37fd6b40279af705ee9e38c4.json,mixed-docs-definition-lists,render,4596.898072704218,4595.006372604927,1.0016050049298988,0.9913881521097665,1.0269601226927652,6,"[0.9929738909929119, 1.0056595864344502]"
mixed--control--wiki-tea-lead,/private/tmp/ferromark-v2-paragraph-A-feature-run.feature-scan-replay/configs/runtime-92d3aa20c19f6e36ddf6454cd4eea55f84dfaec2d4e7ab1ef73254252b27b2c8.json,mixed-docs-control,fresh,14964.131064853267,15044.580729166666,1.0002873947458268,0.9735319380641507,1.0142311701145428,6,"[0.9783155785988966, 1.0115892515558476]"
mixed--control--wiki-tea-lead,/private/tmp/ferromark-v2-paragraph-A-feature-run.feature-scan-replay/configs/runtime-92d3aa20c19f6e36ddf6454cd4eea55f84dfaec2d4e7ab1ef73254252b27b2c8.json,mixed-docs-control,reuse,14727.19840116279,14661.851744186046,1.007742385822138,0.9828664738734625,1.0148298036454162,6,"[1.0104102263660821, 1.0050745452781937]"
mixed--control--wiki-tea-lead,/private/tmp/ferromark-v2-paragraph-A-feature-run.feature-scan-replay/configs/runtime-92d3aa20c19f6e36ddf6454cd4eea55f84dfaec2d4e7ab1ef73254252b27b2c8.json,mixed-docs-control,parse,9939.836208767361,9927.568948412698,1.0014291634982306,0.9937112431395903,1.0056603655834795,6,"[1.0044244437229979, 1.0001744084359898]"
mixed--control--wiki-tea-lead,/private/tmp/ferromark-v2-paragraph-A-feature-run.feature-scan-replay/configs/runtime-92d3aa20c19f6e36ddf6454cd4eea55f84dfaec2d4e7ab1ef73254252b27b2c8.json,mixed-docs-control,render,4491.302437692702,4535.10703719633,0.9913497150537804,0.9723672192751028,1.0111584594861374,6,"[0.9862158354294164, 0.9964835946781446]"
mixed--deflists--wiki-tea-plain-prose,/private/tmp/ferromark-v2-paragraph-A-feature-run.feature-scan-replay/configs/runtime-32091b4ab7e57b3d2d7c6a1c30555da0833951bc37fd6b40279af705ee9e38c4.json,mixed-docs-definition-lists,fresh,19738.6474609375,19140.210700757576,1.0201842940656465,1.0141594407856334,1.0462850697665957,6,"[1.0193541991024115, 1.0210143890288812]"
mixed--deflists--wiki-tea-plain-prose,/private/tmp/ferromark-v2-paragraph-A-feature-run.feature-scan-replay/configs/runtime-32091b4ab7e57b3d2d7c6a1c30555da0833951bc37fd6b40279af705ee9e38c4.json,mixed-docs-definition-lists,reuse,18908.810494652404,18401.91632090336,1.0262956717918357,1.0147162666300062,1.0392948463789295,6,"[1.0176457200975313, 1.0331823145301129]"
mixed--deflists--wiki-tea-plain-prose,/private/tmp/ferromark-v2-paragraph-A-feature-run.feature-scan-replay/configs/runtime-32091b4ab7e57b3d2d7c6a1c30555da0833951bc37fd6b40279af705ee9e38c4.json,mixed-docs-definition-lists,parse,14974.795758928572,14460.256747159092,1.039258386006655,1.0229790723113195,1.0644936910840535,6,"[1.0402467162327895, 1.0382700557805207]"
mixed--deflists--wiki-tea-plain-prose,/private/tmp/ferromark-v2-paragraph-A-feature-run.feature-scan-replay/configs/runtime-32091b4ab7e57b3d2d7c6a1c30555da0833951bc37fd6b40279af705ee9e38c4.json,mixed-docs-definition-lists,render,4119.994027426092,4103.827705805707,1.000403931696176,0.9864932422877296,1.0198347355138302,6,"[0.9994368627792026, 1.0152685497757177]"
mixed--control--wiki-tea-plain-prose,/private/tmp/ferromark-v2-paragraph-A-feature-run.feature-scan-replay/configs/runtime-92d3aa20c19f6e36ddf6454cd4eea55f84dfaec2d4e7ab1ef73254252b27b2c8.json,mixed-docs-control,fresh,13992.664930555555,13322.807942708334,1.0441670083561254,1.0369659942116367,1.0528474382729913,6,"[1.0442917931326383, 1.0383119269635679]"
mixed--control--wiki-tea-plain-prose,/private/tmp/ferromark-v2-paragraph-A-feature-run.feature-scan-replay/configs/runtime-92d3aa20c19f6e36ddf6454cd4eea55f84dfaec2d4e7ab1ef73254252b27b2c8.json,mixed-docs-control,reuse,13307.643270722518,12796.224170918367,1.0416151625015826,1.0268925855695097,1.0510883524591763,6,"[1.0281241207836238, 1.049789243330459]"
mixed--control--wiki-tea-plain-prose,/private/tmp/ferromark-v2-paragraph-A-feature-run.feature-scan-replay/configs/runtime-92d3aa20c19f6e36ddf6454cd4eea55f84dfaec2d4e7ab1ef73254252b27b2c8.json,mixed-docs-control,parse,9251.340533088234,8559.159295746946,1.0797816778094842,1.0684390007443192,1.093009237650966,6,"[1.0751168407631944, 1.0824788435738637]"
mixed--control--wiki-tea-plain-prose,/private/tmp/ferromark-v2-paragraph-A-feature-run.feature-scan-replay/configs/runtime-92d3aa20c19f6e36ddf6454cd4eea55f84dfaec2d4e7ab1ef73254252b27b2c8.json,mixed-docs-control,render,4126.302973413176,4170.0694791666665,0.9949169366244102,0.97913868371098,1.0054181325665155,6,"[0.9852456516551343, 0.9982606905519118]"
mixed--deflists--wiki-chess-article-body,/private/tmp/ferromark-v2-paragraph-A-feature-run.feature-scan-replay/configs/runtime-32091b4ab7e57b3d2d7c6a1c30555da0833951bc37fd6b40279af705ee9e38c4.json,mixed-docs-definition-lists,fresh,242271.6979166667,241143.6614583333,0.9942062446885818,0.9848406359532865,1.0288147296591739,6,"[0.991745073795733, 1.027076129390429]"
mixed--deflists--wiki-chess-article-body,/private/tmp/ferromark-v2-paragraph-A-feature-run.feature-scan-replay/configs/runtime-32091b4ab7e57b3d2d7c6a1c30555da0833951bc37fd6b40279af705ee9e38c4.json,mixed-docs-definition-lists,reuse,245576.6041666667,241635.19791666666,1.012724343699921,0.9824158384841413,1.0610472410325857,6,"[1.0177929643497012, 1.0076557230501406]"
mixed--deflists--wiki-chess-article-body,/private/tmp/ferromark-v2-paragraph-A-feature-run.feature-scan-replay/configs/runtime-32091b4ab7e57b3d2d7c6a1c30555da0833951bc37fd6b40279af705ee9e38c4.json,mixed-docs-definition-lists,parse,172557.6171875,194931.4283854167,0.973272911430993,0.7161414112825029,1.458481723553619,6,"[0.818946236253776, 0.9738079448445771]"
mixed--deflists--wiki-chess-article-body,/private/tmp/ferromark-v2-paragraph-A-feature-run.feature-scan-replay/configs/runtime-32091b4ab7e57b3d2d7c6a1c30555da0833951bc37fd6b40279af705ee9e38c4.json,mixed-docs-definition-lists,render,61441.82102272728,58386.126420454544,1.052344664658214,1.0331007442453566,1.0972689455094333,6,"[1.0374081690643833, 1.0548866117800713]"
mixed--control--wiki-chess-article-body,/private/tmp/ferromark-v2-paragraph-A-feature-run.feature-scan-replay/configs/runtime-92d3aa20c19f6e36ddf6454cd4eea55f84dfaec2d4e7ab1ef73254252b27b2c8.json,mixed-docs-control,fresh,192864.41796875,192380.04296875,1.002767631133132,0.9796027597313638,1.0119359091440263,6,"[0.9821730487502643, 1.0037097322286883]"
mixed--control--wiki-chess-article-body,/private/tmp/ferromark-v2-paragraph-A-feature-run.feature-scan-replay/configs/runtime-92d3aa20c19f6e36ddf6454cd4eea55f84dfaec2d4e7ab1ef73254252b27b2c8.json,mixed-docs-control,reuse,191518.5546875,189351.07421875,1.0144969956917556,0.9983587717315087,1.0225591950870145,6,"[1.0146297523923264, 1.0143642389911847]"
mixed--control--wiki-chess-article-body,/private/tmp/ferromark-v2-paragraph-A-feature-run.feature-scan-replay/configs/runtime-92d3aa20c19f6e36ddf6454cd4eea55f84dfaec2d4e7ab1ef73254252b27b2c8.json,mixed-docs-control,parse,118706.70572916666,117526.90885416666,1.0118999165576255,0.9509241597827858,1.0419155391601076,6,"[1.0070758976211194, 1.0167239354941313]"
mixed--control--wiki-chess-article-body,/private/tmp/ferromark-v2-paragraph-A-feature-run.feature-scan-replay/configs/runtime-92d3aa20c19f6e36ddf6454cd4eea55f84dfaec2d4e7ab1ef73254252b27b2c8.json,mixed-docs-control,render,57304.88080018939,54211.42578125,1.0629219688649663,1.0231477980653454,1.0815188523047663,6,"[1.068773719525154, 1.0272774433491076]"
diagnostic--definition-near-miss-punctuation,/private/tmp/ferromark-v2-paragraph-A-feature-run.feature-scan-replay/configs/runtime-952bd53aaa996fe4bc57828684b54cc7445e89a8940d8603c3d1f1597976555d.json,diagnostic,fresh,423.6816960028717,423.8545051045196,1.0013017472793706,0.9773671459776243,1.020455668877015,6,"[0.9774044154114279, 1.0083521415894054]"
diagnostic--definition-near-miss-punctuation,/private/tmp/ferromark-v2-paragraph-A-feature-run.feature-scan-replay/configs/runtime-952bd53aaa996fe4bc57828684b54cc7445e89a8940d8603c3d1f1597976555d.json,diagnostic,reuse,101.20114383259921,95.24153611124314,1.0613543248026331,1.0519477377842925,1.072115991538709,6,"[1.0602073714379692, 1.0625012781672971]"
diagnostic--definition-near-miss-punctuation,/private/tmp/ferromark-v2-paragraph-A-feature-run.feature-scan-replay/configs/runtime-952bd53aaa996fe4bc57828684b54cc7445e89a8940d8603c3d1f1597976555d.json,diagnostic,parse,74.4077611535622,69.94344971544908,1.063149718294199,1.057182530727549,1.0795488152850465,6,"[1.059423927693925, 1.0774107369109274]"
diagnostic--definition-near-miss-punctuation,/private/tmp/ferromark-v2-paragraph-A-feature-run.feature-scan-replay/configs/runtime-952bd53aaa996fe4bc57828684b54cc7445e89a8940d8603c3d1f1597976555d.json,diagnostic,render,27.216042100821063,27.04984211238284,1.0052000219374206,0.9898731782541134,1.0279534663070848,6,"[1.0139251862866914, 1.0027761003355888]"
diagnostic--definition-near-miss-indented,/private/tmp/ferromark-v2-paragraph-A-feature-run.feature-scan-replay/configs/runtime-952bd53aaa996fe4bc57828684b54cc7445e89a8940d8603c3d1f1597976555d.json,diagnostic,fresh,650.075797029343,654.0653196753599,0.9909107065210166,0.9862581743607551,1.0358664455948312,6,"[0.9872274033176353, 1.0172340555995467]"
diagnostic--definition-near-miss-indented,/private/tmp/ferromark-v2-paragraph-A-feature-run.feature-scan-replay/configs/runtime-952bd53aaa996fe4bc57828684b54cc7445e89a8940d8603c3d1f1597976555d.json,diagnostic,reuse,262.72648066074635,256.9594733425424,1.0232585906590876,1.0205835738746971,1.0316073692120846,6,"[1.021711227402135, 1.0248059539160403]"
diagnostic--definition-near-miss-indented,/private/tmp/ferromark-v2-paragraph-A-feature-run.feature-scan-replay/configs/runtime-952bd53aaa996fe4bc57828684b54cc7445e89a8940d8603c3d1f1597976555d.json,diagnostic,parse,222.80788427105034,216.23857075347183,1.0324585806211979,1.019290952791906,1.0372236250418656,6,"[1.0293233221826044, 1.0355938390597916]"
diagnostic--definition-near-miss-indented,/private/tmp/ferromark-v2-paragraph-A-feature-run.feature-scan-replay/configs/runtime-952bd53aaa996fe4bc57828684b54cc7445e89a8940d8603c3d1f1597976555d.json,diagnostic,render,42.62474783758742,42.35097241175373,1.0031801505967413,0.9905345378800012,1.0112557042598402,6,"[1.0048707177308522, 1.0014895834626303]"
diagnostic--definition-near-miss-blank,/private/tmp/ferromark-v2-paragraph-A-feature-run.feature-scan-replay/configs/runtime-952bd53aaa996fe4bc57828684b54cc7445e89a8940d8603c3d1f1597976555d.json,diagnostic,fresh,651.104052734375,642.72257857563,1.0099745749139517,0.9799573071325509,1.0209511773824462,6,"[1.0119412954445144, 1.008007854383389]"
diagnostic--definition-near-miss-blank,/private/tmp/ferromark-v2-paragraph-A-feature-run.feature-scan-replay/configs/runtime-952bd53aaa996fe4bc57828684b54cc7445e89a8940d8603c3d1f1597976555d.json,diagnostic,reuse,264.1586927278467,256.6001994959171,1.0294668092763057,1.0141142195646926,1.0493796686704973,6,"[1.0329411023832058, 1.025992516169406]"
diagnostic--definition-near-miss-blank,/private/tmp/ferromark-v2-paragraph-A-feature-run.feature-scan-replay/configs/runtime-952bd53aaa996fe4bc57828684b54cc7445e89a8940d8603c3d1f1597976555d.json,diagnostic,parse,228.48302764569448,219.41571015216124,1.0403077577873807,1.0254297482631363,1.0534942987433016,6,"[1.0322540752204186, 1.048361440354343]"
diagnostic--definition-near-miss-blank,/private/tmp/ferromark-v2-paragraph-A-feature-run.feature-scan-replay/configs/runtime-952bd53aaa996fe4bc57828684b54cc7445e89a8940d8603c3d1f1597976555d.json,diagnostic,render,37.23418546506328,37.1201708891731,1.0030043105882416,0.9974581176287862,1.0060997391442288,6,"[1.001931738701552, 1.0056656348101731]"
diagnostic--definition-late-after-prose,/private/tmp/ferromark-v2-paragraph-A-feature-run.feature-scan-replay/configs/runtime-952bd53aaa996fe4bc57828684b54cc7445e89a8940d8603c3d1f1597976555d.json,diagnostic,fresh,1435.4818982387474,1380.987306843267,1.038222545535529,1.0333217391542149,1.0476473806660647,6,"[1.0391356326278351, 1.037309458443223]"
diagnostic--definition-late-after-prose,/private/tmp/ferromark-v2-paragraph-A-feature-run.feature-scan-replay/configs/runtime-952bd53aaa996fe4bc57828684b54cc7445e89a8940d8603c3d1f1597976555d.json,diagnostic,reuse,1101.1725538171845,1044.5261491244269,1.0586950274282234,1.028511094350253,1.0701475678434444,6,"[1.0592794659073919, 1.0581105889490547]"
diagnostic--definition-late-after-prose,/private/tmp/ferromark-v2-paragraph-A-feature-run.feature-scan-replay/configs/runtime-952bd53aaa996fe4bc57828684b54cc7445e89a8940d8603c3d1f1597976555d.json,diagnostic,parse,907.7345743938532,853.8167821323735,1.0556235260596871,1.0323268825340555,1.073276565272886,6,"[1.0467614083680166, 1.0562190615304905]"
diagnostic--definition-late-after-prose,/private/tmp/ferromark-v2-paragraph-A-feature-run.feature-scan-replay/configs/runtime-952bd53aaa996fe4bc57828684b54cc7445e89a8940d8603c3d1f1597976555d.json,diagnostic,render,187.71992301031128,185.30194216947888,1.0118682818408062,1.0042517150655295,1.0224033989547199,6,"[1.0114116507427688, 1.022140363968529]"
diagnostic--definition-late-after-list,/private/tmp/ferromark-v2-paragraph-A-feature-run.feature-scan-replay/configs/runtime-952bd53aaa996fe4bc57828684b54cc7445e89a8940d8603c3d1f1597976555d.json,diagnostic,fresh,2071.5398857042164,2091.813674226589,0.9884465961544713,0.9828566515988874,0.998276278320329,6,"[0.9854118228360486, 0.991481369472894]"
diagnostic--definition-late-after-list,/private/tmp/ferromark-v2-paragraph-A-feature-run.feature-scan-replay/configs/runtime-952bd53aaa996fe4bc57828684b54cc7445e89a8940d8603c3d1f1597976555d.json,diagnostic,reuse,1641.433275918635,1642.2141320353403,0.9978728204995433,0.9794798138906281,1.0152390511550333,6,"[0.9960507353202674, 0.999694905678819]"
diagnostic--definition-late-after-list,/private/tmp/ferromark-v2-paragraph-A-feature-run.feature-scan-replay/configs/runtime-952bd53aaa996fe4bc57828684b54cc7445e89a8940d8603c3d1f1597976555d.json,diagnostic,parse,1292.0447962633489,1289.0764927470746,0.9948811280846136,0.986725049305769,1.0161658548067396,6,"[0.9903041458706158, 0.9956052219356002]"
diagnostic--definition-late-after-list,/private/tmp/ferromark-v2-paragraph-A-feature-run.feature-scan-replay/configs/runtime-952bd53aaa996fe4bc57828684b54cc7445e89a8940d8603c3d1f1597976555d.json,diagnostic,render,351.37212028217573,350.47767525775214,1.0028469892323453,0.990994159939158,1.0110926086004415,6,"[1.0048111710133372, 1.0008828074513536]"
diagnostic--definition-nested-list,/private/tmp/ferromark-v2-paragraph-A-feature-run.feature-scan-replay/configs/runtime-952bd53aaa996fe4bc57828684b54cc7445e89a8940d8603c3d1f1597976555d.json,diagnostic,fresh,1257.081618834699,1239.4971825028483,1.0109813230123696,1.0042145397958182,1.0352070547380265,6,"[1.0313657921809218, 1.0082353747590065]"
diagnostic--definition-nested-list,/private/tmp/ferromark-v2-paragraph-A-feature-run.feature-scan-replay/configs/runtime-952bd53aaa996fe4bc57828684b54cc7445e89a8940d8603c3d1f1597976555d.json,diagnostic,reuse,863.6718804848408,850.5945038420266,1.012732031807202,0.9959915854438721,1.0270275513844747,6,"[1.0107645793025264, 1.0146994843118773]"
diagnostic--definition-nested-list,/private/tmp/ferromark-v2-paragraph-A-feature-run.feature-scan-replay/configs/runtime-952bd53aaa996fe4bc57828684b54cc7445e89a8940d8603c3d1f1597976555d.json,diagnostic,parse,770.1357758620691,755.9869067412334,1.0188700833989626,1.0078734628090489,1.0326378264521003,6,"[1.0234538815153924, 1.011670098483942]"
diagnostic--definition-nested-list,/private/tmp/ferromark-v2-paragraph-A-feature-run.feature-scan-replay/configs/runtime-952bd53aaa996fe4bc57828684b54cc7445e89a8940d8603c3d1f1597976555d.json,diagnostic,render,86.93577286724803,87.80948912550173,0.9880835339717724,0.9858376650804705,1.0045117083930348,6,"[0.9883155901973393, 0.9878514777462056]"
diagnostic--definition-nested-quote,/private/tmp/ferromark-v2-paragraph-A-feature-run.feature-scan-replay/configs/runtime-952bd53aaa996fe4bc57828684b54cc7445e89a8940d8603c3d1f1597976555d.json,diagnostic,fresh,762.8578694585815,743.6794424103743,1.0225517468271297,0.99829507882673,1.036505196052495,6,"[1.0338305157656182, 1.0112729778886411]"
diagnostic--definition-nested-quote,/private/tmp/ferromark-v2-paragraph-A-feature-run.feature-scan-replay/configs/runtime-952bd53aaa996fe4bc57828684b54cc7445e89a8940d8603c3d1f1597976555d.json,diagnostic,reuse,367.2671410757363,358.0750011525808,1.024398372502716,1.0128013475808688,1.0372597408626232,6,"[1.0183831954851217, 1.0271881587306635]"
diagnostic--definition-nested-quote,/private/tmp/ferromark-v2-paragraph-A-feature-run.feature-scan-replay/configs/runtime-952bd53aaa996fe4bc57828684b54cc7445e89a8940d8603c3d1f1597976555d.json,diagnostic,parse,321.6990676552282,308.96082848523037,1.0438926375928865,1.030595168515881,1.046793054564467,6,"[1.0357472656923674, 1.0460477208700318]"
diagnostic--definition-nested-quote,/private/tmp/ferromark-v2-paragraph-A-feature-run.feature-scan-replay/configs/runtime-952bd53aaa996fe4bc57828684b54cc7445e89a8940d8603c3d1f1597976555d.json,diagnostic,render,47.05208018418291,47.15275579007712,0.9947606471824941,0.978993857769237,1.0102611659017435,6,"[0.9976240623324878, 0.9918972320325005]"
diagnostic--definition-fenced-lookalike,/private/tmp/ferromark-v2-paragraph-A-feature-run.feature-scan-replay/configs/runtime-952bd53aaa996fe4bc57828684b54cc7445e89a8940d8603c3d1f1597976555d.json,diagnostic,fresh,713.6270934416654,719.2936696873801,0.9921213153535745,0.968450253377759,1.0034393477211445,6,"[0.9816648411085902, 1.0024914207552085]"
diagnostic--definition-fenced-lookalike,/private/tmp/ferromark-v2-paragraph-A-feature-run.feature-scan-replay/configs/runtime-952bd53aaa996fe4bc57828684b54cc7445e89a8940d8603c3d1f1597976555d.json,diagnostic,reuse,329.43142373243023,331.18992065072706,0.9934726977093411,0.9869026952452346,1.0081680418305485,6,"[1.000049984692188, 0.9900196287564041]"
diagnostic--definition-fenced-lookalike,/private/tmp/ferromark-v2-paragraph-A-feature-run.feature-scan-replay/configs/runtime-952bd53aaa996fe4bc57828684b54cc7445e89a8940d8603c3d1f1597976555d.json,diagnostic,parse,270.03611030603497,267.56788213963375,1.0128636947349225,0.9902956905829245,1.0205600963255463,6,"[1.0112065294552257, 1.0145208600146194]"
diagnostic--definition-fenced-lookalike,/private/tmp/ferromark-v2-paragraph-A-feature-run.feature-scan-replay/configs/runtime-952bd53aaa996fe4bc57828684b54cc7445e89a8940d8603c3d1f1597976555d.json,diagnostic,render,62.88438973219467,63.71392041526278,0.9850258342744167,0.9712511290894299,0.9894164642866939,6,"[0.9890001987211561, 0.9810690872657917]"
diagnostic--comment-inline-lookalike,/private/tmp/ferromark-v2-paragraph-A-feature-run.feature-scan-replay/configs/runtime-85adaf6f20609bb1f898fcfaa050e313ebaf9d72e313e8a4e4a3ef2a94f6222b.json,diagnostic,fresh,412.1412275973281,412.5815270341528,0.9984344803466147,0.9841826564891624,1.0206867574481788,6,"[1.0168562746183014, 0.9859957243168941]"
diagnostic--comment-inline-lookalike,/private/tmp/ferromark-v2-paragraph-A-feature-run.feature-scan-replay/configs/runtime-85adaf6f20609bb1f898fcfaa050e313ebaf9d72e313e8a4e4a3ef2a94f6222b.json,diagnostic,reuse,92.13863073081173,86.13688928184061,1.0686759081930273,1.0550336877064166,1.0869440834845148,6,"[1.0779004456195551, 1.0595595808233336]"
diagnostic--comment-inline-lookalike,/private/tmp/ferromark-v2-paragraph-A-feature-run.feature-scan-replay/configs/runtime-85adaf6f20609bb1f898fcfaa050e313ebaf9d72e313e8a4e4a3ef2a94f6222b.json,diagnostic,parse,64.28289909528044,59.05948348368027,1.0933476289537807,1.081610109277437,1.120864006121205,6,"[1.1013774159512637, 1.0841663192266664]"
diagnostic--comment-inline-lookalike,/private/tmp/ferromark-v2-paragraph-A-feature-run.feature-scan-replay/configs/runtime-85adaf6f20609bb1f898fcfaa050e313ebaf9d72e313e8a4e4a3ef2a94f6222b.json,diagnostic,render,28.576837967202273,28.562633675562896,1.0037638941659093,0.9942805339701686,1.0127540776200186,6,"[1.007035824029734, 0.9962938036843898]"
diagnostic--comment-indented,/private/tmp/ferromark-v2-paragraph-A-feature-run.feature-scan-replay/configs/runtime-85adaf6f20609bb1f898fcfaa050e313ebaf9d72e313e8a4e4a3ef2a94f6222b.json,diagnostic,fresh,481.2831745573518,492.30898129921263,0.9821302833114425,0.9729568817644308,0.9949908984404839,6,"[0.9733381489101331, 0.9872316722687949]"
diagnostic--comment-indented,/private/tmp/ferromark-v2-paragraph-A-feature-run.feature-scan-replay/configs/runtime-85adaf6f20609bb1f898fcfaa050e313ebaf9d72e313e8a4e4a3ef2a94f6222b.json,diagnostic,reuse,160.22768613276887,161.53371682702164,0.9904290478825963,0.9823983259549092,1.0113900743213757,6,"[0.9881629776361021, 0.9915448309565562]"
diagnostic--comment-indented,/private/tmp/ferromark-v2-paragraph-A-feature-run.feature-scan-replay/configs/runtime-85adaf6f20609bb1f898fcfaa050e313ebaf9d72e313e8a4e4a3ef2a94f6222b.json,diagnostic,parse,130.5129145445279,131.63274341195836,0.9905186076005207,0.9826191590591016,0.9996336652297617,6,"[0.9925761333746353, 0.988461081826406]"
diagnostic--comment-indented,/private/tmp/ferromark-v2-paragraph-A-feature-run.feature-scan-replay/configs/runtime-85adaf6f20609bb1f898fcfaa050e313ebaf9d72e313e8a4e4a3ef2a94f6222b.json,diagnostic,render,29.268383166687013,29.075395963874335,1.0072098067945956,0.9925606199121759,1.0187168249432383,6,"[1.012043404846229, 1.0062823200297777]"
diagnostic--comment-fenced,/private/tmp/ferromark-v2-paragraph-A-feature-run.feature-scan-replay/configs/runtime-85adaf6f20609bb1f898fcfaa050e313ebaf9d72e313e8a4e4a3ef2a94f6222b.json,diagnostic,fresh,495.3090239829375,507.87774728073475,0.9757044880413561,0.9525937324177437,0.9828855447895604,6,"[0.9826465182791061, 0.9620451750963366]"
diagnostic--comment-fenced,/private/tmp/ferromark-v2-paragraph-A-feature-run.feature-scan-replay/configs/runtime-85adaf6f20609bb1f898fcfaa050e313ebaf9d72e313e8a4e4a3ef2a94f6222b.json,diagnostic,reuse,171.10189262052205,171.08467869241497,0.9992568555138519,0.9776734508368093,1.0258488584998002,6,"[1.0136189791061994, 0.997751173982076]"
diagnostic--comment-fenced,/private/tmp/ferromark-v2-paragraph-A-feature-run.feature-scan-replay/configs/runtime-85adaf6f20609bb1f898fcfaa050e313ebaf9d72e313e8a4e4a3ef2a94f6222b.json,diagnostic,parse,113.16985786710121,116.98676513245366,0.9670179180816872,0.9582702076431586,0.9744602623061419,6,"[0.9658619921620891, 0.9681738440012854]"
diagnostic--comment-fenced,/private/tmp/ferromark-v2-paragraph-A-feature-run.feature-scan-replay/configs/runtime-85adaf6f20609bb1f898fcfaa050e313ebaf9d72e313e8a4e4a3ef2a94f6222b.json,diagnostic,render,52.617423139136676,52.8499715077382,0.9999159591809077,0.9825203631876132,1.0161294421236773,6,"[1.005712979471739, 0.9910859529558104]"
diagnostic--comment-quote,/private/tmp/ferromark-v2-paragraph-A-feature-run.feature-scan-replay/configs/runtime-85adaf6f20609bb1f898fcfaa050e313ebaf9d72e313e8a4e4a3ef2a94f6222b.json,diagnostic,fresh,523.4933092956019,519.341310963516,1.0079261425407415,0.9937207339756224,1.038734216991667,6,"[0.9973116290338266, 1.0236606588692292]"
diagnostic--comment-quote,/private/tmp/ferromark-v2-paragraph-A-feature-run.feature-scan-replay/configs/runtime-85adaf6f20609bb1f898fcfaa050e313ebaf9d72e313e8a4e4a3ef2a94f6222b.json,diagnostic,reuse,197.38755021803337,189.14343462922693,1.045963457620786,1.0362850265372443,1.0507426141549685,6,"[1.0449430154925547, 1.046983899749017]"
diagnostic--comment-quote,/private/tmp/ferromark-v2-paragraph-A-feature-run.feature-scan-replay/configs/runtime-85adaf6f20609bb1f898fcfaa050e313ebaf9d72e313e8a4e4a3ef2a94f6222b.json,diagnostic,parse,160.1082052781123,151.60634221955087,1.048254974696465,1.042280387168739,1.0688231251908624,6,"[1.0651181770992977, 1.0452275246385587]"
diagnostic--comment-quote,/private/tmp/ferromark-v2-paragraph-A-feature-run.feature-scan-replay/configs/runtime-85adaf6f20609bb1f898fcfaa050e313ebaf9d72e313e8a4e4a3ef2a94f6222b.json,diagnostic,render,36.04077496668576,35.36105122552709,1.0166331863088127,0.9959920330789314,1.0207934814615693,6,"[1.0147102414259048, 1.0185561311917206]"
diagnostic--comment-url-path,/private/tmp/ferromark-v2-paragraph-A-feature-run.feature-scan-replay/configs/runtime-9b571765aa93c17d75e0d9a9e5c25e62650d2a2b683df5d8a5741be1450c1809.json,diagnostic,fresh,616.1654837509429,608.9103994820925,1.002617654608069,0.9953135178229306,1.0279420368072643,6,"[1.020975803936237, 0.998809654254413]"
diagnostic--comment-url-path,/private/tmp/ferromark-v2-paragraph-A-feature-run.feature-scan-replay/configs/runtime-9b571765aa93c17d75e0d9a9e5c25e62650d2a2b683df5d8a5741be1450c1809.json,diagnostic,reuse,230.50583796064655,221.80423514446574,1.0356618255823022,1.0225803052833307,1.0572152945631859,6,"[1.0357890440874935, 1.0355346070771108]"
diagnostic--comment-url-path,/private/tmp/ferromark-v2-paragraph-A-feature-run.feature-scan-replay/configs/runtime-9b571765aa93c17d75e0d9a9e5c25e62650d2a2b683df5d8a5741be1450c1809.json,diagnostic,parse,170.5036044116531,160.84103583280722,1.0587971134166878,1.0445687699887027,1.066892454490383,6,"[1.0588049390852865, 1.058789287748089]"
diagnostic--comment-url-path,/private/tmp/ferromark-v2-paragraph-A-feature-run.feature-scan-replay/configs/runtime-9b571765aa93c17d75e0d9a9e5c25e62650d2a2b683df5d8a5741be1450c1809.json,diagnostic,render,68.56837599069286,68.57175207568916,0.9957512704205741,0.9816752787359962,1.008554001442705,6,"[0.9915274535564323, 0.9999750872847158]"
diagnostic--comment-url-query,/private/tmp/ferromark-v2-paragraph-A-feature-run.feature-scan-replay/configs/runtime-85adaf6f20609bb1f898fcfaa050e313ebaf9d72e313e8a4e4a3ef2a94f6222b.json,diagnostic,fresh,636.2206758453176,626.2837659171903,1.0166930741128053,0.9998396791584155,1.0370604734716484,6,"[1.027027889432082, 1.0112000258262501]"
diagnostic--comment-url-query,/private/tmp/ferromark-v2-paragraph-A-feature-run.feature-scan-replay/configs/runtime-85adaf6f20609bb1f898fcfaa050e313ebaf9d72e313e8a4e4a3ef2a94f6222b.json,diagnostic,reuse,303.9460921037045,296.81641721518406,1.0222133289493829,1.0034782632102681,1.037487344014241,6,"[1.0208967174572632, 1.0235299404415026]"
diagnostic--comment-url-query,/private/tmp/ferromark-v2-paragraph-A-feature-run.feature-scan-replay/configs/runtime-85adaf6f20609bb1f898fcfaa050e313ebaf9d72e313e8a4e4a3ef2a94f6222b.json,diagnostic,parse,236.72554017174525,235.11075634168472,1.0073415633698546,0.9964277635947555,1.0184066168232642,6,"[1.012929600053955, 0.9981158769382072]"
diagnostic--comment-url-query,/private/tmp/ferromark-v2-paragraph-A-feature-run.feature-scan-replay/configs/runtime-85adaf6f20609bb1f898fcfaa050e313ebaf9d72e313e8a4e4a3ef2a94f6222b.json,diagnostic,render,60.67380136478879,61.861203513287265,0.9870817944067158,0.9745587986694176,0.9958268693539835,6,"[0.9845950092638203, 0.9895685795496113]"
diagnostic--comment-email,/private/tmp/ferromark-v2-paragraph-A-feature-run.feature-scan-replay/configs/runtime-9b571765aa93c17d75e0d9a9e5c25e62650d2a2b683df5d8a5741be1450c1809.json,diagnostic,fresh,604.2180530460948,598.6689021656487,1.0123187238568072,0.9874658411435343,1.0266904963264423,6,"[1.017671090073319, 1.0112578807836108]"
diagnostic--comment-email,/private/tmp/ferromark-v2-paragraph-A-feature-run.feature-scan-replay/configs/runtime-9b571765aa93c17d75e0d9a9e5c25e62650d2a2b683df5d8a5741be1450c1809.json,diagnostic,reuse,218.2451408547097,211.4066157705231,1.0385106032600118,1.013686727406267,1.0850651963704647,6,"[1.059363533048786, 1.038479351424654]"
diagnostic--comment-email,/private/tmp/ferromark-v2-paragraph-A-feature-run.feature-scan-replay/configs/runtime-9b571765aa93c17d75e0d9a9e5c25e62650d2a2b683df5d8a5741be1450c1809.json,diagnostic,parse,152.0734460089614,144.27769011059667,1.0577935275655395,1.0430997405032338,1.063227403351538,6,"[1.0607793464594968, 1.054807708671582]"
diagnostic--comment-email,/private/tmp/ferromark-v2-paragraph-A-feature-run.feature-scan-replay/configs/runtime-9b571765aa93c17d75e0d9a9e5c25e62650d2a2b683df5d8a5741be1450c1809.json,diagnostic,render,67.60817227065883,68.15687892178818,0.9913869455984468,0.9861013322156379,0.9990501780411438,6,"[0.987842221553127, 0.9924340363429373]"
diagnostic--definition-crlf,/private/tmp/ferromark-v2-paragraph-A-feature-run.feature-scan-replay/configs/runtime-952bd53aaa996fe4bc57828684b54cc7445e89a8940d8603c3d1f1597976555d.json,diagnostic,fresh,731.665724868882,717.6105618877632,1.017640994988672,1.0056674509956176,1.0386993791190915,6,"[1.012695267804653, 1.0282450201128122]"
diagnostic--definition-crlf,/private/tmp/ferromark-v2-paragraph-A-feature-run.feature-scan-replay/configs/runtime-952bd53aaa996fe4bc57828684b54cc7445e89a8940d8603c3d1f1597976555d.json,diagnostic,reuse,351.1981394494418,332.0738123239938,1.057741317020414,1.0347320935468878,1.0654931018164533,6,"[1.049828775226872, 1.064195013030749]"
diagnostic--definition-crlf,/private/tmp/ferromark-v2-paragraph-A-feature-run.feature-scan-replay/configs/runtime-952bd53aaa996fe4bc57828684b54cc7445e89a8940d8603c3d1f1597976555d.json,diagnostic,parse,297.87711123832986,281.2475906457172,1.0552236359358913,1.0515169334001038,1.0777716471790058,6,"[1.0661958049140967, 1.0535851476839444]"
diagnostic--definition-crlf,/private/tmp/ferromark-v2-paragraph-A-feature-run.feature-scan-replay/configs/runtime-952bd53aaa996fe4bc57828684b54cc7445e89a8940d8603c3d1f1597976555d.json,diagnostic,render,52.18628841011959,52.34251219844198,0.997967720635307,0.9851899530336442,1.0159964975170297,6,"[1.0029658942908106, 0.9859892582392097]"
diagnostic--definition-bom,/private/tmp/ferromark-v2-paragraph-A-feature-run.feature-scan-replay/configs/runtime-952bd53aaa996fe4bc57828684b54cc7445e89a8940d8603c3d1f1597976555d.json,diagnostic,fresh,680.2935394267618,669.4999415373611,1.018315962991688,1.0009279988463706,1.0354564226248932,6,"[1.0181820581034482, 1.018449867879928]"
diagnostic--definition-bom,/private/tmp/ferromark-v2-paragraph-A-feature-run.feature-scan-replay/configs/runtime-952bd53aaa996fe4bc57828684b54cc7445e89a8940d8603c3d1f1597976555d.json,diagnostic,reuse,290.80831276648416,283.6910197241798,1.0277184451293742,1.0041430732363401,1.0345383376165813,6,"[1.0318337227244012, 1.023603167534347]"
diagnostic--definition-bom,/private/tmp/ferromark-v2-paragraph-A-feature-run.feature-scan-replay/configs/runtime-952bd53aaa996fe4bc57828684b54cc7445e89a8940d8603c3d1f1597976555d.json,diagnostic,parse,249.05553026493567,243.35768739525182,1.0252984774354774,1.012472191288291,1.032108555243451,6,"[1.0190815941953202, 1.027418780396633]"
diagnostic--definition-bom,/private/tmp/ferromark-v2-paragraph-A-feature-run.feature-scan-replay/configs/runtime-952bd53aaa996fe4bc57828684b54cc7445e89a8940d8603c3d1f1597976555d.json,diagnostic,render,41.5998108270994,41.62123135446494,0.9993098850171946,0.98822790432479,1.007112379218793,6,"[0.9971670906030284, 1.0009810984840348]"
diagnostic--definition-span-sensitive,/private/tmp/ferromark-v2-paragraph-A-feature-run.feature-scan-replay/configs/runtime-81b932ce375744de2bb80c2092b3f6ba28c4808f0fbb3f49ecc8e4b1300c4b78.json,diagnostic,fresh,1025.0000447350944,1036.7626014417585,0.9940230968604509,0.8348097360192022,1.0103823033638668,6,"[1.0076549762639333, 0.9791237784225928]"
diagnostic--definition-span-sensitive,/private/tmp/ferromark-v2-paragraph-A-feature-run.feature-scan-replay/configs/runtime-81b932ce375744de2bb80c2092b3f6ba28c4808f0fbb3f49ecc8e4b1300c4b78.json,diagnostic,reuse,552.142105685591,542.4096913622423,1.018040842230345,0.9971442353075686,1.05903640375251,6,"[1.0150711629331146, 1.0210105215275753]"
diagnostic--definition-span-sensitive,/private/tmp/ferromark-v2-paragraph-A-feature-run.feature-scan-replay/configs/runtime-81b932ce375744de2bb80c2092b3f6ba28c4808f0fbb3f49ecc8e4b1300c4b78.json,diagnostic,parse,344.96552159919474,338.3329979976765,1.020913441071019,1.016360208903948,1.0251700629703933,6,"[1.018820318815638, 1.0229165629995078]"
diagnostic--definition-span-sensitive,/private/tmp/ferromark-v2-paragraph-A-feature-run.feature-scan-replay/configs/runtime-81b932ce375744de2bb80c2092b3f6ba28c4808f0fbb3f49ecc8e4b1300c4b78.json,diagnostic,render,194.28446681729787,193.95253138100514,0.9987116877160831,0.9874519595075113,1.027826004870062,6,"[0.9907828837538942, 1.0066404916782719]"
diagnostic--comment-span-sensitive,/private/tmp/ferromark-v2-paragraph-A-feature-run.feature-scan-replay/configs/runtime-4aa832915e7c5b2ae041e9aaf6c0081d8c11b10c8ca3bc243d5c5b70a728cd8c.json,diagnostic,fresh,586.5869446402028,582.4279005762629,1.009031340951911,0.9843559989240823,1.0239591543119995,6,"[1.0166383867771922, 0.9988558639601841]"
diagnostic--comment-span-sensitive,/private/tmp/ferromark-v2-paragraph-A-feature-run.feature-scan-replay/configs/runtime-4aa832915e7c5b2ae041e9aaf6c0081d8c11b10c8ca3bc243d5c5b70a728cd8c.json,diagnostic,reuse,182.02531296097135,169.39281007732941,1.067762739095888,1.0607276010401083,1.0948140066395111,6,"[1.085178509752493, 1.0627046639292066]"
diagnostic--comment-span-sensitive,/private/tmp/ferromark-v2-paragraph-A-feature-run.feature-scan-replay/configs/runtime-4aa832915e7c5b2ae041e9aaf6c0081d8c11b10c8ca3bc243d5c5b70a728cd8c.json,diagnostic,parse,96.7775397546502,87.9717448028286,1.103436387337142,1.0879385227767366,1.1154866960055119,6,"[1.106106414895962, 1.0936511836033536]"
diagnostic--comment-span-sensitive,/private/tmp/ferromark-v2-paragraph-A-feature-run.feature-scan-replay/configs/runtime-4aa832915e7c5b2ae041e9aaf6c0081d8c11b10c8ca3bc243d5c5b70a728cd8c.json,diagnostic,render,81.34559472840016,80.88772534036033,1.0089129882960424,0.9932421400369631,1.0307915660773108,6,"[1.0088786618859975, 1.0101735361027813]"
diagnostic--late-definition-prose-4096,/private/tmp/ferromark-v2-paragraph-A-feature-run.feature-scan-replay/configs/runtime-952bd53aaa996fe4bc57828684b54cc7445e89a8940d8603c3d1f1597976555d.json,diagnostic-late-definition,fresh,4236.745988175675,4101.105784528723,1.0334270686819416,1.0237433190155578,1.0460034742817719,6,"[1.0240578542749397, 1.0350143414844248]"
diagnostic--late-definition-prose-4096,/private/tmp/ferromark-v2-paragraph-A-feature-run.feature-scan-replay/configs/runtime-952bd53aaa996fe4bc57828684b54cc7445e89a8940d8603c3d1f1597976555d.json,diagnostic-late-definition,reuse,3792.6334280303026,3659.1587171052633,1.0392084342445496,1.021826697825273,1.064536148245246,6,"[1.0353039567582347, 1.0431129117308646]"
diagnostic--late-definition-prose-4096,/private/tmp/ferromark-v2-paragraph-A-feature-run.feature-scan-replay/configs/runtime-952bd53aaa996fe4bc57828684b54cc7445e89a8940d8603c3d1f1597976555d.json,diagnostic-late-definition,parse,3302.5219469034173,3148.4342022613064,1.049832873628962,1.028932487661804,1.0596877822512834,6,"[1.0547772824573014, 1.0448884648006223]"
diagnostic--late-definition-prose-4096,/private/tmp/ferromark-v2-paragraph-A-feature-run.feature-scan-replay/configs/runtime-952bd53aaa996fe4bc57828684b54cc7445e89a8940d8603c3d1f1597976555d.json,diagnostic-late-definition,render,557.0573748562483,560.0029772523526,0.9947664677452706,0.982066818574428,1.0038250222656415,6,"[0.9935407198596224, 0.9959922156309187]"
diagnostic--url-colon-definitions-4096,/private/tmp/ferromark-v2-paragraph-A-feature-run.feature-scan-replay/configs/runtime-952bd53aaa996fe4bc57828684b54cc7445e89a8940d8603c3d1f1597976555d.json,diagnostic-url-colon,fresh,21050.455729166664,20832.5655577957,1.0137452710200752,0.9928963190027729,1.0211751638928295,6,"[1.0118432021551593, 1.0203435734137132]"
diagnostic--url-colon-definitions-4096,/private/tmp/ferromark-v2-paragraph-A-feature-run.feature-scan-replay/configs/runtime-952bd53aaa996fe4bc57828684b54cc7445e89a8940d8603c3d1f1597976555d.json,diagnostic-url-colon,reuse,20445.71118951613,20493.510584677417,1.0018184672338608,0.9905355341558088,1.0172107445126628,6,"[0.9950624291697463, 1.0123808413079374]"
diagnostic--url-colon-definitions-4096,/private/tmp/ferromark-v2-paragraph-A-feature-run.feature-scan-replay/configs/runtime-952bd53aaa996fe4bc57828684b54cc7445e89a8940d8603c3d1f1597976555d.json,diagnostic-url-colon,parse,18934.598470922458,18786.420036764706,1.0075226422966577,0.9970488105390729,1.0172661079589747,6,"[1.0162713881789334, 0.9997246958823577]"
diagnostic--url-colon-definitions-4096,/private/tmp/ferromark-v2-paragraph-A-feature-run.feature-scan-replay/configs/runtime-952bd53aaa996fe4bc57828684b54cc7445e89a8940d8603c3d1f1597976555d.json,diagnostic-url-colon,render,1604.789342948718,1617.7762839147285,0.9904412747497959,0.9772524686715593,0.9974130403779247,6,"[0.9924830034243117, 0.9831326833735962]"
diagnostic--indented-definition-body-4096,/private/tmp/ferromark-v2-paragraph-A-feature-run.feature-scan-replay/configs/runtime-952bd53aaa996fe4bc57828684b54cc7445e89a8940d8603c3d1f1597976555d.json,diagnostic-indented-definition-body,fresh,10174.752268145161,10220.71370967742,0.9963581556978662,0.9712094001917891,1.0069780519576277,6,"[1.002572509000431, 0.9901438023953014]"
diagnostic--indented-definition-body-4096,/private/tmp/ferromark-v2-paragraph-A-feature-run.feature-scan-replay/configs/runtime-952bd53aaa996fe4bc57828684b54cc7445e89a8940d8603c3d1f1597976555d.json,diagnostic-indented-definition-body,reuse,9729.266826923078,9784.534160907453,0.9888823902002228,0.970451480499751,1.0135730243750969,6,"[0.991643094027001, 0.9861216863734448]"
diagnostic--indented-definition-body-4096,/private/tmp/ferromark-v2-paragraph-A-feature-run.feature-scan-replay/configs/runtime-952bd53aaa996fe4bc57828684b54cc7445e89a8940d8603c3d1f1597976555d.json,diagnostic-indented-definition-body,parse,9438.578358208955,9498.802440213705,0.9904123260872372,0.9883013953312514,1.0058349646905733,6,"[0.9987917673341018, 0.9892266496819103]"
diagnostic--indented-definition-body-4096,/private/tmp/ferromark-v2-paragraph-A-feature-run.feature-scan-replay/configs/runtime-952bd53aaa996fe4bc57828684b54cc7445e89a8940d8603c3d1f1597976555d.json,diagnostic-indented-definition-body,render,241.71850811536106,243.5175141025752,0.9937264648217586,0.9849597015361071,1.0144280623562831,6,"[0.992589954976367, 0.9948629746671502]"
diagnostic--multiline-definition-terms-4096,/private/tmp/ferromark-v2-paragraph-A-feature-run.feature-scan-replay/configs/runtime-952bd53aaa996fe4bc57828684b54cc7445e89a8940d8603c3d1f1597976555d.json,diagnostic-multiline-definition-terms,fresh,7550.655685240963,7560.084149096385,0.9963295104082822,0.9853219241329212,1.0078136194460203,6,"[0.9977915519004804, 0.994867468916084]"
diagnostic--multiline-definition-terms-4096,/private/tmp/ferromark-v2-paragraph-A-feature-run.feature-scan-replay/configs/runtime-952bd53aaa996fe4bc57828684b54cc7445e89a8940d8603c3d1f1597976555d.json,diagnostic-multiline-definition-terms,reuse,7194.384518678161,7253.756645114943,0.9943940640913025,0.9811452591951091,0.9993339200824939,6,"[0.9943716330304735, 0.9944164951521314]"
diagnostic--multiline-definition-terms-4096,/private/tmp/ferromark-v2-paragraph-A-feature-run.feature-scan-replay/configs/runtime-952bd53aaa996fe4bc57828684b54cc7445e89a8940d8603c3d1f1597976555d.json,diagnostic-multiline-definition-terms,parse,5408.736395474138,5438.926093984257,0.9942264317072731,0.9829886399298737,1.009798842537634,6,"[0.9914962896733323, 0.996956573741214]"
diagnostic--multiline-definition-terms-4096,/private/tmp/ferromark-v2-paragraph-A-feature-run.feature-scan-replay/configs/runtime-952bd53aaa996fe4bc57828684b54cc7445e89a8940d8603c3d1f1597976555d.json,diagnostic-multiline-definition-terms,render,1751.7631397880382,1754.5062587535012,0.9980477368055996,0.9846364329273276,1.005366805882382,6,"[0.9989451135613883, 0.9971503600498107]"
diagnostic--inline-colons-without-definitions-4096,/private/tmp/ferromark-v2-paragraph-A-feature-run.feature-scan-replay/configs/runtime-952bd53aaa996fe4bc57828684b54cc7445e89a8940d8603c3d1f1597976555d.json,diagnostic-inline-colons-without-definitions,fresh,4899.9583740234375,4630.641935593681,1.055387162990911,1.0502864960816234,1.1190484323124592,6,"[1.0610982383861138, 1.0532844507860388]"
diagnostic--inline-colons-without-definitions-4096,/private/tmp/ferromark-v2-paragraph-A-feature-run.feature-scan-replay/configs/runtime-952bd53aaa996fe4bc57828684b54cc7445e89a8940d8603c3d1f1597976555d.json,diagnostic-inline-colons-without-definitions,reuse,4568.859375,4271.9757907872045,1.0665387239544435,1.0544239352145217,1.081127459790926,6,"[1.0699412106483073, 1.061493148650356]"
diagnostic--inline-colons-without-definitions-4096,/private/tmp/ferromark-v2-paragraph-A-feature-run.feature-scan-replay/configs/runtime-952bd53aaa996fe4bc57828684b54cc7445e89a8940d8603c3d1f1597976555d.json,diagnostic-inline-colons-without-definitions,parse,3612.7603683932957,3307.887566137566,1.0893746298993081,1.0743882282595163,1.1079290387634733,6,"[1.0831644908490912, 1.095584768949525]"
diagnostic--inline-colons-without-definitions-4096,/private/tmp/ferromark-v2-paragraph-A-feature-run.feature-scan-replay/configs/runtime-952bd53aaa996fe4bc57828684b54cc7445e89a8940d8603c3d1f1597976555d.json,diagnostic-inline-colons-without-definitions,render,950.2497387917933,949.5802677793101,1.0004255238126223,0.9895203765688746,1.011352264891043,6,"[0.9979409866927825, 1.0029100609324622]"
diagnostic--slash-paths-without-comments-4096,/private/tmp/ferromark-v2-paragraph-A-feature-run.feature-scan-replay/configs/runtime-85adaf6f20609bb1f898fcfaa050e313ebaf9d72e313e8a4e4a3ef2a94f6222b.json,diagnostic-slash-paths,fresh,2296.9536973443223,2312.167814891691,0.9986442912814917,0.9794667155576922,1.0195880091456138,6,"[1.003041959459584, 0.9942466231033992]"
diagnostic--slash-paths-without-comments-4096,/private/tmp/ferromark-v2-paragraph-A-feature-run.feature-scan-replay/configs/runtime-85adaf6f20609bb1f898fcfaa050e313ebaf9d72e313e8a4e4a3ef2a94f6222b.json,diagnostic-slash-paths,reuse,1892.5052583997071,1888.3760963889545,1.001231042057329,0.9925291783075785,1.0128594880969914,6,"[1.0044038961783033, 0.9980581879363548]"
diagnostic--slash-paths-without-comments-4096,/private/tmp/ferromark-v2-paragraph-A-feature-run.feature-scan-replay/configs/runtime-85adaf6f20609bb1f898fcfaa050e313ebaf9d72e313e8a4e4a3ef2a94f6222b.json,diagnostic-slash-paths,parse,1662.9093905835543,1661.7172674371436,1.0004037714725187,0.9919813444435265,1.0072236624953166,6,"[1.000351700679049, 1.0004558422659886]"
diagnostic--slash-paths-without-comments-4096,/private/tmp/ferromark-v2-paragraph-A-feature-run.feature-scan-replay/configs/runtime-85adaf6f20609bb1f898fcfaa050e313ebaf9d72e313e8a4e4a3ef2a94f6222b.json,diagnostic-slash-paths,render,227.77072495324455,227.4039153931583,0.9965549167131678,0.9885598153192431,1.0061598739602706,6,"[0.9960086053783408, 1.0015972342524504]"
diagnostic--late-definition-prose-65536,/private/tmp/ferromark-v2-paragraph-A-feature-run.feature-scan-replay/configs/runtime-952bd53aaa996fe4bc57828684b54cc7445e89a8940d8603c3d1f1597976555d.json,diagnostic-late-definition,fresh,58182.29261363637,56258.24739583333,1.0400435032359263,1.029039871449861,1.0468702737017945,6,"[1.0382939431644331, 1.0417930633074195]"
diagnostic--late-definition-prose-65536,/private/tmp/ferromark-v2-paragraph-A-feature-run.feature-scan-replay/configs/runtime-952bd53aaa996fe4bc57828684b54cc7445e89a8940d8603c3d1f1597976555d.json,diagnostic-late-definition,reuse,56621.52959280303,54671.16927083333,1.0327541166248613,1.0257491063185058,1.0460201435855567,6,"[1.03407594048649, 1.0295246191592182]"
diagnostic--late-definition-prose-65536,/private/tmp/ferromark-v2-paragraph-A-feature-run.feature-scan-replay/configs/runtime-952bd53aaa996fe4bc57828684b54cc7445e89a8940d8603c3d1f1597976555d.json,diagnostic-late-definition,parse,48912.46033653846,46994.69866071429,1.0412405284622468,1.020232933852168,1.048736130577976,6,"[1.0424950589546362, 1.0393368510656924]"
diagnostic--late-definition-prose-65536,/private/tmp/ferromark-v2-paragraph-A-feature-run.feature-scan-replay/configs/runtime-952bd53aaa996fe4bc57828684b54cc7445e89a8940d8603c3d1f1597976555d.json,diagnostic-late-definition,render,8478.071534346847,8397.586875,1.0050080010816709,0.9852759255949801,1.0137464564039174,6,"[0.9970910513220161, 1.0063207833067223]"
diagnostic--url-colon-definitions-65536,/private/tmp/ferromark-v2-paragraph-A-feature-run.feature-scan-replay/configs/runtime-952bd53aaa996fe4bc57828684b54cc7445e89a8940d8603c3d1f1597976555d.json,diagnostic-url-colon,fresh,328438.484375,328776.0390625,0.998282087888519,0.9855790672169885,1.0127931440340265,6,"[0.9892165433778216, 1.0006951664223223]"
diagnostic--url-colon-definitions-65536,/private/tmp/ferromark-v2-paragraph-A-feature-run.feature-scan-replay/configs/runtime-952bd53aaa996fe4bc57828684b54cc7445e89a8940d8603c3d1f1597976555d.json,diagnostic-url-colon,reuse,326534.5078125,326652.9921875,0.9990920171569447,0.98958809860587,1.016986573127667,6,"[0.9986270196811805, 0.999557014632709]"
diagnostic--url-colon-definitions-65536,/private/tmp/ferromark-v2-paragraph-A-feature-run.feature-scan-replay/configs/runtime-952bd53aaa996fe4bc57828684b54cc7445e89a8940d8603c3d1f1597976555d.json,diagnostic-url-colon,parse,302629.1197916667,302753.90625,1.0011798797767755,0.9964045400177263,1.0173893192009782,6,"[0.9993341600173453, 1.0030255995362056]"
diagnostic--url-colon-definitions-65536,/private/tmp/ferromark-v2-paragraph-A-feature-run.feature-scan-replay/configs/runtime-952bd53aaa996fe4bc57828684b54cc7445e89a8940d8603c3d1f1597976555d.json,diagnostic-url-colon,render,25366.40625,25646.796875,0.9869569277638166,0.983462657613967,1.0030170075543001,6,"[0.9847824363953396, 0.9891314191322937]"
diagnostic--indented-definition-body-65536,/private/tmp/ferromark-v2-paragraph-A-feature-run.feature-scan-replay/configs/runtime-952bd53aaa996fe4bc57828684b54cc7445e89a8940d8603c3d1f1597976555d.json,diagnostic-indented-definition-body,fresh,140738.54062500002,141267.8375,0.993809941732285,0.7933379721943946,1.0474309813012785,6,"[0.9954276448632661, 0.9921922386013038]"
diagnostic--indented-definition-body-65536,/private/tmp/ferromark-v2-paragraph-A-feature-run.feature-scan-replay/configs/runtime-952bd53aaa996fe4bc57828684b54cc7445e89a8940d8603c3d1f1597976555d.json,diagnostic-indented-definition-body,reuse,140788.540625,142265.23125,0.9864154490500938,0.9817969658591793,0.9958421744752264,6,"[0.9866230863005004, 0.9862078117996873]"
diagnostic--indented-definition-body-65536,/private/tmp/ferromark-v2-paragraph-A-feature-run.feature-scan-replay/configs/runtime-952bd53aaa996fe4bc57828684b54cc7445e89a8940d8603c3d1f1597976555d.json,diagnostic-indented-definition-body,parse,136362.109375,138175.2625,0.989464849542971,0.9781729518435447,0.9974922471412973,6,"[0.9797685268257671, 0.9930693819612245]"
diagnostic--indented-definition-body-65536,/private/tmp/ferromark-v2-paragraph-A-feature-run.feature-scan-replay/configs/runtime-952bd53aaa996fe4bc57828684b54cc7445e89a8940d8603c3d1f1597976555d.json,diagnostic-indented-definition-body,render,3114.42252552599,3120.773824257426,0.9994564113166786,0.9863344097451654,1.0120298381007502,6,"[0.9959786691297722, 1.002934153503585]"
diagnostic--multiline-definition-terms-65536,/private/tmp/ferromark-v2-paragraph-A-feature-run.feature-scan-replay/configs/runtime-952bd53aaa996fe4bc57828684b54cc7445e89a8940d8603c3d1f1597976555d.json,diagnostic-multiline-definition-terms,fresh,113060.00260416666,113822.26302083334,0.9869727923951155,0.9820879364386487,1.0104843927186693,6,"[0.9825052551916549, 0.9914403295985762]"
diagnostic--multiline-definition-terms-65536,/private/tmp/ferromark-v2-paragraph-A-feature-run.feature-scan-replay/configs/runtime-952bd53aaa996fe4bc57828684b54cc7445e89a8940d8603c3d1f1597976555d.json,diagnostic-multiline-definition-terms,reuse,110705.9453125,110970.37760416667,0.9968590178829906,0.9893258969237995,1.0127572429218905,6,"[0.9993841208765426, 0.9958492837987711]"
diagnostic--multiline-definition-terms-65536,/private/tmp/ferromark-v2-paragraph-A-feature-run.feature-scan-replay/configs/runtime-952bd53aaa996fe4bc57828684b54cc7445e89a8940d8603c3d1f1597976555d.json,diagnostic-multiline-definition-terms,parse,84379.3125,85107.912109375,0.990403149214022,0.9779338187851415,1.0028516999857056,6,"[0.9851816542148432, 0.9937263230640607]"
diagnostic--multiline-definition-terms-65536,/private/tmp/ferromark-v2-paragraph-A-feature-run.feature-scan-replay/configs/runtime-952bd53aaa996fe4bc57828684b54cc7445e89a8940d8603c3d1f1597976555d.json,diagnostic-multiline-definition-terms,render,27475.571331521736,27645.52241847826,0.9910139304063608,0.9829154050752793,1.006626361425797,6,"[0.9946592951323642, 0.9873685656803572]"
diagnostic--inline-colons-without-definitions-65536,/private/tmp/ferromark-v2-paragraph-A-feature-run.feature-scan-replay/configs/runtime-952bd53aaa996fe4bc57828684b54cc7445e89a8940d8603c3d1f1597976555d.json,diagnostic-inline-colons-without-definitions,fresh,75344.61805555556,70647.93229166667,1.065848945442933,1.0470805580775202,1.081046553056803,6,"[1.066200037002775, 1.064210745224206]"
diagnostic--inline-colons-without-definitions-65536,/private/tmp/ferromark-v2-paragraph-A-feature-run.feature-scan-replay/configs/runtime-952bd53aaa996fe4bc57828684b54cc7445e89a8940d8603c3d1f1597976555d.json,diagnostic-inline-colons-without-definitions,reuse,75422.88715277778,70810.47569444444,1.0658609985830068,1.052523725770176,1.0744124891630382,6,"[1.0672405988650666, 1.062146561637181]"
diagnostic--inline-colons-without-definitions-65536,/private/tmp/ferromark-v2-paragraph-A-feature-run.feature-scan-replay/configs/runtime-952bd53aaa996fe4bc57828684b54cc7445e89a8940d8603c3d1f1597976555d.json,diagnostic-inline-colons-without-definitions,parse,57598.484375,53005.80598958333,1.0878965051105363,1.075099425833088,1.1022983448015287,6,"[1.0875691045369809, 1.0882239056840917]"
diagnostic--inline-colons-without-definitions-65536,/private/tmp/ferromark-v2-paragraph-A-feature-run.feature-scan-replay/configs/runtime-952bd53aaa996fe4bc57828684b54cc7445e89a8940d8603c3d1f1597976555d.json,diagnostic-inline-colons-without-definitions,render,17332.7347972973,17380.046006944445,0.9980221696050204,0.9953508568720454,1.0037031470026343,6,"[0.9991566969029094, 0.9959688094941374]"
diagnostic--slash-paths-without-comments-65536,/private/tmp/ferromark-v2-paragraph-A-feature-run.feature-scan-replay/configs/runtime-85adaf6f20609bb1f898fcfaa050e313ebaf9d72e313e8a4e4a3ef2a94f6222b.json,diagnostic-slash-paths,fresh,29559.421875,29744.436789772728,0.9940819780837012,0.9811718796875017,1.0033057988025837,6,"[0.9967472811148027, 0.9914166750525998]"
diagnostic--slash-paths-without-comments-65536,/private/tmp/ferromark-v2-paragraph-A-feature-run.feature-scan-replay/configs/runtime-85adaf6f20609bb1f898fcfaa050e313ebaf9d72e313e8a4e4a3ef2a94f6222b.json,diagnostic-slash-paths,reuse,29190.517755681816,29376.420454545456,0.9915611982068901,0.9849274552323142,1.0204536593812532,6,"[0.9919342257980227, 0.9911881706157575]"
diagnostic--slash-paths-without-comments-65536,/private/tmp/ferromark-v2-paragraph-A-feature-run.feature-scan-replay/configs/runtime-85adaf6f20609bb1f898fcfaa050e313ebaf9d72e313e8a4e4a3ef2a94f6222b.json,diagnostic-slash-paths,parse,25850.416875,25898.69875,0.9966419736394352,0.9826709998155537,1.0187509885932946,6,"[0.9969679115148926, 0.9963160357639776]"
diagnostic--slash-paths-without-comments-65536,/private/tmp/ferromark-v2-paragraph-A-feature-run.feature-scan-replay/configs/runtime-85adaf6f20609bb1f898fcfaa050e313ebaf9d72e313e8a4e4a3ef2a94f6222b.json,diagnostic-slash-paths,render,3489.2530551675977,3478.9822916666667,1.0076409111909568,0.993616429718015,1.0170553733312555,6,"[1.0130004716142968, 1.0076044918289904]"
control--definition_lists-plain-300,/private/tmp/ferromark-v2-paragraph-A-feature-run.feature-scan-replay/configs/runtime-424afa22d39b03f833a14726521368b5583e2bf18080893a9448f8ef5640fba6.json,feature-off-plain,fresh,484.9652611200888,478.7852411578157,1.0185853732414576,0.9996834404732899,1.0383702692186347,6,"[1.0247379212050782, 1.01343299515712]"
control--definition_lists-plain-300,/private/tmp/ferromark-v2-paragraph-A-feature-run.feature-scan-replay/configs/runtime-424afa22d39b03f833a14726521368b5583e2bf18080893a9448f8ef5640fba6.json,feature-off-plain,reuse,164.32897558982475,152.33776270366133,1.0757451723636777,1.059975523261847,1.0875251204421248,6,"[1.0704703503421533, 1.0810199943852021]"
control--definition_lists-plain-300,/private/tmp/ferromark-v2-paragraph-A-feature-run.feature-scan-replay/configs/runtime-424afa22d39b03f833a14726521368b5583e2bf18080893a9448f8ef5640fba6.json,feature-off-plain,parse,113.64400740039886,101.98742888124175,1.1123517093599142,1.0966086108304898,1.12341595713681,6,"[1.108141850833093, 1.1179331111695117]"
control--definition_lists-plain-300,/private/tmp/ferromark-v2-paragraph-A-feature-run.feature-scan-replay/configs/runtime-424afa22d39b03f833a14726521368b5583e2bf18080893a9448f8ef5640fba6.json,feature-off-plain,render,51.768709083373196,52.14781397014799,0.9930446216308757,0.9779201880936146,1.0152628307022415,6,"[0.9971125777705431, 0.9850615940658045]"
control--definition_lists-plain-4096,/private/tmp/ferromark-v2-paragraph-A-feature-run.feature-scan-replay/configs/runtime-424afa22d39b03f833a14726521368b5583e2bf18080893a9448f8ef5640fba6.json,feature-off-plain,fresh,2108.504734848485,1972.596845518868,1.076612567582155,1.0617678038963456,1.0804342136045666,6,"[1.0750428731867545, 1.0781822619775556]"
control--definition_lists-plain-4096,/private/tmp/ferromark-v2-paragraph-A-feature-run.feature-scan-replay/configs/runtime-424afa22d39b03f833a14726521368b5583e2bf18080893a9448f8ef5640fba6.json,feature-off-plain,reuse,1701.0638714679435,1546.9343849889683,1.0921482875467294,1.0825820413187643,1.1088507639393081,6,"[1.0839097966545284, 1.0957455816576387]"
control--definition_lists-plain-4096,/private/tmp/ferromark-v2-paragraph-A-feature-run.feature-scan-replay/configs/runtime-424afa22d39b03f833a14726521368b5583e2bf18080893a9448f8ef5640fba6.json,feature-off-plain,parse,1156.6113903196324,1009.7784393218375,1.1449913195946353,1.1326353256520227,1.1593410634089465,6,"[1.1427527170238174, 1.1465005323115065]"
control--definition_lists-plain-4096,/private/tmp/ferromark-v2-paragraph-A-feature-run.feature-scan-replay/configs/runtime-424afa22d39b03f833a14726521368b5583e2bf18080893a9448f8ef5640fba6.json,feature-off-plain,render,536.2324974899875,534.4644567136584,1.0050281218685755,0.9848614451676799,1.0119808115562068,6,"[1.0102144113765628, 1.0009777918939158]"
control--definition_lists-plain-65536,/private/tmp/ferromark-v2-paragraph-A-feature-run.feature-scan-replay/configs/runtime-424afa22d39b03f833a14726521368b5583e2bf18080893a9448f8ef5640fba6.json,feature-off-plain,fresh,27188.96484375,24762.420072115383,1.0982873974100817,1.0785105031148794,1.1076750390159709,6,"[1.0981439713329595, 1.098430823487204]"
control--definition_lists-plain-65536,/private/tmp/ferromark-v2-paragraph-A-feature-run.feature-scan-replay/configs/runtime-424afa22d39b03f833a14726521368b5583e2bf18080893a9448f8ef5640fba6.json,feature-off-plain,reuse,26656.765625,24318.759615384617,1.0941849947892783,1.0829052433306716,1.1156164446996777,6,"[1.0918410414903663, 1.1006936134398022]"
control--definition_lists-plain-65536,/private/tmp/ferromark-v2-paragraph-A-feature-run.feature-scan-replay/configs/runtime-424afa22d39b03f833a14726521368b5583e2bf18080893a9448f8ef5640fba6.json,feature-off-plain,parse,18263.765178571426,15888.265234375,1.1497338567768156,1.142259996091656,1.1609176324147055,6,"[1.1526116854540316, 1.1468560280995994]"
control--definition_lists-plain-65536,/private/tmp/ferromark-v2-paragraph-A-feature-run.feature-scan-replay/configs/runtime-424afa22d39b03f833a14726521368b5583e2bf18080893a9448f8ef5640fba6.json,feature-off-plain,render,8464.21875,8455.623733108108,1.0027978632675274,0.9924734222418005,1.0147505186575465,6,"[1.005747975324552, 0.9998477512105027]"
control--line_comments-plain-300,/private/tmp/ferromark-v2-paragraph-A-feature-run.feature-scan-replay/configs/runtime-b552b1b4e099e6cf4fb60158b4b0623cd3b7d34dfb5ebbee0111cee2a3dd4b67.json,feature-off-plain,fresh,494.14205012634284,485.0574949690696,1.022721977014852,1.0070636211334105,1.0326686901287525,6,"[1.020789664555044, 1.0312547155421354]"
control--line_comments-plain-300,/private/tmp/ferromark-v2-paragraph-A-feature-run.feature-scan-replay/configs/runtime-b552b1b4e099e6cf4fb60158b4b0623cd3b7d34dfb5ebbee0111cee2a3dd4b67.json,feature-off-plain,reuse,163.71077482577974,153.37016373119587,1.0687630026026522,1.0589239450442027,1.0821350839910615,6,"[1.0613581309278348, 1.0708007050737616]"
control--line_comments-plain-300,/private/tmp/ferromark-v2-paragraph-A-feature-run.feature-scan-replay/configs/runtime-b552b1b4e099e6cf4fb60158b4b0623cd3b7d34dfb5ebbee0111cee2a3dd4b67.json,feature-off-plain,parse,112.66220016400175,101.99911135825715,1.10857826967001,1.101153448345394,1.1226736583013956,6,"[1.1095358399734214, 1.1076206993665987]"
control--line_comments-plain-300,/private/tmp/ferromark-v2-paragraph-A-feature-run.feature-scan-replay/configs/runtime-b552b1b4e099e6cf4fb60158b4b0623cd3b7d34dfb5ebbee0111cee2a3dd4b67.json,feature-off-plain,render,51.972578771234254,52.60927545504859,0.988890323252708,0.9801226589341355,1.0151411857281627,6,"[0.988627518320581, 0.9891531281848348]"
control--line_comments-plain-4096,/private/tmp/ferromark-v2-paragraph-A-feature-run.feature-scan-replay/configs/runtime-b552b1b4e099e6cf4fb60158b4b0623cd3b7d34dfb5ebbee0111cee2a3dd4b67.json,feature-off-plain,fresh,2106.237021089357,1958.4290039062498,1.0723081592272306,1.0655927621974173,1.0981920191243433,6,"[1.0716605634436212, 1.0729557550108397]"
control--line_comments-plain-4096,/private/tmp/ferromark-v2-paragraph-A-feature-run.feature-scan-replay/configs/runtime-b552b1b4e099e6cf4fb60158b4b0623cd3b7d34dfb5ebbee0111cee2a3dd4b67.json,feature-off-plain,reuse,1706.8634914580364,1546.3003902163864,1.096296270716524,1.0898837687874925,1.111764369396747,6,"[1.0971471041890364, 1.0953500687181752]"
control--line_comments-plain-4096,/private/tmp/ferromark-v2-paragraph-A-feature-run.feature-scan-replay/configs/runtime-b552b1b4e099e6cf4fb60158b4b0623cd3b7d34dfb5ebbee0111cee2a3dd4b67.json,feature-off-plain,parse,1156.3853474784748,1008.7775557925562,1.150109304566353,1.134802978906966,1.1664049704534951,6,"[1.1498629605861277, 1.1528887654592503]"
control--line_comments-plain-4096,/private/tmp/ferromark-v2-paragraph-A-feature-run.feature-scan-replay/configs/runtime-b552b1b4e099e6cf4fb60158b4b0623cd3b7d34dfb5ebbee0111cee2a3dd4b67.json,feature-off-plain,render,534.956178350958,533.1663084440074,1.0045478349017598,0.9920120885774528,1.0099808338293297,6,"[1.0057194956494482, 1.0033761741540712]"
control--line_comments-plain-65536,/private/tmp/ferromark-v2-paragraph-A-feature-run.feature-scan-replay/configs/runtime-b552b1b4e099e6cf4fb60158b4b0623cd3b7d34dfb5ebbee0111cee2a3dd4b67.json,feature-off-plain,fresh,27319.633152173912,24956.956129807695,1.0965332196957087,1.077927168093914,1.106837013085115,6,"[1.0865275708132038, 1.0985017301427482]"
control--line_comments-plain-65536,/private/tmp/ferromark-v2-paragraph-A-feature-run.feature-scan-replay/configs/runtime-b552b1b4e099e6cf4fb60158b4b0623cd3b7d34dfb5ebbee0111cee2a3dd4b67.json,feature-off-plain,reuse,26421.983723958336,24155.93872418091,1.0991073765224066,1.0825120251922817,1.1064646871764532,6,"[1.0988583262277478, 1.1013396533221926]"
control--line_comments-plain-65536,/private/tmp/ferromark-v2-paragraph-A-feature-run.feature-scan-replay/configs/runtime-b552b1b4e099e6cf4fb60158b4b0623cd3b7d34dfb5ebbee0111cee2a3dd4b67.json,feature-off-plain,parse,18277.845982142855,15748.405078125,1.1562747922676007,1.1367736735120548,1.1846277400537024,6,"[1.1598010591440653, 1.1527485253911363]"
control--line_comments-plain-65536,/private/tmp/ferromark-v2-paragraph-A-feature-run.feature-scan-replay/configs/runtime-b552b1b4e099e6cf4fb60158b4b0623cd3b7d34dfb5ebbee0111cee2a3dd4b67.json,feature-off-plain,render,8471.51208051802,8425.865261824325,1.000535920943396,0.9931856739631425,1.0216190155785758,6,"[0.9977417195273058, 1.012510146479381]"
