case,profile,category,mode,baseline_ns_per_document,candidate_ns_per_document,baseline_over_candidate_median,baseline_over_candidate_min,baseline_over_candidate_max,pairs,round_medians
feature--parser.line_comments-plain-300,/private/tmp/ferromark-v2-paragraph-B-feature-run.feature-scan-replay/configs/runtime-85adaf6f20609bb1f898fcfaa050e313ebaf9d72e313e8a4e4a3ef2a94f6222b.json,feature-line_comments,fresh,495.59682976162867,474.3399607961638,1.0415078293066315,1.0317355115665823,1.050983967098331,6,"[1.0339441013502657, 1.0429463977881472]"
feature--parser.line_comments-plain-300,/private/tmp/ferromark-v2-paragraph-B-feature-run.feature-scan-replay/configs/runtime-85adaf6f20609bb1f898fcfaa050e313ebaf9d72e313e8a4e4a3ef2a94f6222b.json,feature-line_comments,reuse,163.31971125319745,150.90116027291475,1.0821105613431494,1.0593339227281235,1.0984440229409187,6,"[1.086740459328152, 1.077480663358147]"
feature--parser.line_comments-plain-300,/private/tmp/ferromark-v2-paragraph-B-feature-run.feature-scan-replay/configs/runtime-85adaf6f20609bb1f898fcfaa050e313ebaf9d72e313e8a4e4a3ef2a94f6222b.json,feature-line_comments,parse,112.22309454118958,100.5922170403043,1.1111574502019215,1.0982996891986792,1.149161594063516,6,"[1.1011395108839404, 1.1211753895199026]"
feature--parser.line_comments-plain-300,/private/tmp/ferromark-v2-paragraph-B-feature-run.feature-scan-replay/configs/runtime-85adaf6f20609bb1f898fcfaa050e313ebaf9d72e313e8a4e4a3ef2a94f6222b.json,feature-line_comments,render,52.56434408116774,51.924173913043475,1.0023496728757562,0.9884967374556698,1.0295851504524973,6,"[0.9994025574548923, 1.0052967882966202]"
feature--parser.line_comments-active-300,/private/tmp/ferromark-v2-paragraph-B-feature-run.feature-scan-replay/configs/runtime-85adaf6f20609bb1f898fcfaa050e313ebaf9d72e313e8a4e4a3ef2a94f6222b.json,feature-line_comments,fresh,1233.0812937529606,1252.2627538010152,0.9854847556499198,0.9778701304126517,1.0005827625700303,6,"[0.978390071693618, 0.9994301946526335]"
feature--parser.line_comments-active-300,/private/tmp/ferromark-v2-paragraph-B-feature-run.feature-scan-replay/configs/runtime-85adaf6f20609bb1f898fcfaa050e313ebaf9d72e313e8a4e4a3ef2a94f6222b.json,feature-line_comments,reuse,907.220904609138,916.531999891042,0.9878747742465385,0.9661865450311832,0.9938581665576622,6,"[0.9890072704985471, 0.9834953641932903]"
feature--parser.line_comments-active-300,/private/tmp/ferromark-v2-paragraph-B-feature-run.feature-scan-replay/configs/runtime-85adaf6f20609bb1f898fcfaa050e313ebaf9d72e313e8a4e4a3ef2a94f6222b.json,feature-line_comments,parse,792.2814675632911,806.6360728592264,0.9795920050325089,0.9602070863580826,0.9935048992073953,6,"[0.9713500993081441, 0.9812080315582454]"
feature--parser.line_comments-active-300,/private/tmp/ferromark-v2-paragraph-B-feature-run.feature-scan-replay/configs/runtime-85adaf6f20609bb1f898fcfaa050e313ebaf9d72e313e8a4e4a3ef2a94f6222b.json,feature-line_comments,render,124.50667557772579,123.10221250664162,1.0117229872266114,0.9994575837261298,1.038003214839935,6,"[1.0146395820118477, 1.006484437496109]"
feature--parser.line_comments-plain-4096,/private/tmp/ferromark-v2-paragraph-B-feature-run.feature-scan-replay/configs/runtime-85adaf6f20609bb1f898fcfaa050e313ebaf9d72e313e8a4e4a3ef2a94f6222b.json,feature-line_comments,fresh,2090.039024218325,1935.9685815846806,1.0772916379965332,1.0693269357707433,1.0859413176506256,6,"[1.0787580363396163, 1.0758252396534502]"
feature--parser.line_comments-plain-4096,/private/tmp/ferromark-v2-paragraph-B-feature-run.feature-scan-replay/configs/runtime-85adaf6f20609bb1f898fcfaa050e313ebaf9d72e313e8a4e4a3ef2a94f6222b.json,feature-line_comments,reuse,1678.2179254445546,1514.775348062954,1.1046148048025075,1.1036199709214907,1.1113519228516193,6,"[1.1044458195894382, 1.1047837900155768]"
feature--parser.line_comments-plain-4096,/private/tmp/ferromark-v2-paragraph-B-feature-run.feature-scan-replay/configs/runtime-85adaf6f20609bb1f898fcfaa050e313ebaf9d72e313e8a4e4a3ef2a94f6222b.json,feature-line_comments,parse,1151.1333327338434,989.410974846334,1.156142887017015,1.1422617027469553,1.1716005513336116,6,"[1.1634006675713773, 1.1488851064626524]"
feature--parser.line_comments-plain-4096,/private/tmp/ferromark-v2-paragraph-B-feature-run.feature-scan-replay/configs/runtime-85adaf6f20609bb1f898fcfaa050e313ebaf9d72e313e8a4e4a3ef2a94f6222b.json,feature-line_comments,render,532.2140389285585,530.9332284999028,1.0018302243841752,0.9884741297770316,1.0203636001885614,6,"[1.0034919968047922, 1.000168451963558]"
feature--parser.line_comments-active-4096,/private/tmp/ferromark-v2-paragraph-B-feature-run.feature-scan-replay/configs/runtime-85adaf6f20609bb1f898fcfaa050e313ebaf9d72e313e8a4e4a3ef2a94f6222b.json,feature-line_comments,fresh,10724.234110169491,10843.895743534482,0.9900535929783678,0.9691378620953326,1.0056397701022735,6,"[0.9705677167096182, 0.9936035900654951]"
feature--parser.line_comments-active-4096,/private/tmp/ferromark-v2-paragraph-B-feature-run.feature-scan-replay/configs/runtime-85adaf6f20609bb1f898fcfaa050e313ebaf9d72e313e8a4e4a3ef2a94f6222b.json,feature-line_comments,reuse,10352.56943044355,10584.286908545198,0.992332218709167,0.4495540870354719,1.7329235474070501,6,"[1.2401734349268148, 0.990280071608288]"
feature--parser.line_comments-active-4096,/private/tmp/ferromark-v2-paragraph-B-feature-run.feature-scan-replay/configs/runtime-85adaf6f20609bb1f898fcfaa050e313ebaf9d72e313e8a4e4a3ef2a94f6222b.json,feature-line_comments,parse,8944.012921277666,9226.00996043798,0.9778560665205074,0.9582725245209157,1.0091696469968396,6,"[0.9721263192884747, 0.9797606468686724]"
feature--parser.line_comments-active-4096,/private/tmp/ferromark-v2-paragraph-B-feature-run.feature-scan-replay/configs/runtime-85adaf6f20609bb1f898fcfaa050e313ebaf9d72e313e8a4e4a3ef2a94f6222b.json,feature-line_comments,render,1273.8007892057026,1246.9228380964214,1.0218863205234836,0.9966557684333204,1.037627150101482,6,"[1.0258329184651584, 1.017939722581809]"
feature--parser.line_comments-plain-65536,/private/tmp/ferromark-v2-paragraph-B-feature-run.feature-scan-replay/configs/runtime-85adaf6f20609bb1f898fcfaa050e313ebaf9d72e313e8a4e4a3ef2a94f6222b.json,feature-line_comments,fresh,27139.783854166664,24526.392427884617,1.1110711368461814,1.0753705455986982,1.1223516804585412,6,"[1.118817164984842, 1.1052738987526654]"
feature--parser.line_comments-plain-65536,/private/tmp/ferromark-v2-paragraph-B-feature-run.feature-scan-replay/configs/runtime-85adaf6f20609bb1f898fcfaa050e313ebaf9d72e313e8a4e4a3ef2a94f6222b.json,feature-line_comments,reuse,26274.468098958336,23947.04861111111,1.0942452036469965,1.0769568330220265,1.1239358821782897,6,"[1.0932486370711791, 1.0952417702228139]"
feature--parser.line_comments-plain-65536,/private/tmp/ferromark-v2-paragraph-B-feature-run.feature-scan-replay/configs/runtime-85adaf6f20609bb1f898fcfaa050e313ebaf9d72e313e8a4e4a3ef2a94f6222b.json,feature-line_comments,parse,18070.945089285713,15606.072408536585,1.1609535524024368,1.1517594734189205,1.1943170537573577,6,"[1.1635240814647547, 1.1544887673824293]"
feature--parser.line_comments-plain-65536,/private/tmp/ferromark-v2-paragraph-B-feature-run.feature-scan-replay/configs/runtime-85adaf6f20609bb1f898fcfaa050e313ebaf9d72e313e8a4e4a3ef2a94f6222b.json,feature-line_comments,render,8401.649375,8406.588541666668,1.0005923852702607,0.9865325086984919,1.0150363846721462,6,"[0.9986790474902937, 1.0025057230502277]"
feature--parser.line_comments-active-65536,/private/tmp/ferromark-v2-paragraph-B-feature-run.feature-scan-replay/configs/runtime-85adaf6f20609bb1f898fcfaa050e313ebaf9d72e313e8a4e4a3ef2a94f6222b.json,feature-line_comments,fresh,168209.80078125,170101.5625,0.9902309373298942,0.981092110472911,0.9948465615354555,6,"[0.9884094611654735, 0.9920524134943149]"
feature--parser.line_comments-active-65536,/private/tmp/ferromark-v2-paragraph-B-feature-run.feature-scan-replay/configs/runtime-85adaf6f20609bb1f898fcfaa050e313ebaf9d72e313e8a4e4a3ef2a94f6222b.json,feature-line_comments,reuse,165722.98046875,167813.47265625,0.9870740205653772,0.9790782882561868,0.999123002269781,6,"[0.9861625358786502, 0.9933414567945438]"
feature--parser.line_comments-active-65536,/private/tmp/ferromark-v2-paragraph-B-feature-run.feature-scan-replay/configs/runtime-85adaf6f20609bb1f898fcfaa050e313ebaf9d72e313e8a4e4a3ef2a94f6222b.json,feature-line_comments,parse,141946.353125,144771.6125,0.9818665309845961,0.9699185351095556,0.9900272267767652,6,"[0.9779418207307456, 0.986449691740562]"
feature--parser.line_comments-active-65536,/private/tmp/ferromark-v2-paragraph-B-feature-run.feature-scan-replay/configs/runtime-85adaf6f20609bb1f898fcfaa050e313ebaf9d72e313e8a4e4a3ef2a94f6222b.json,feature-line_comments,render,22574.869977678572,22103.987068965514,1.0203444768662961,1.0086088180627075,1.0315284178187405,6,"[1.0215346755828922, 1.0191542781497]"
feature--parser.definition_lists-plain-300,/private/tmp/ferromark-v2-paragraph-B-feature-run.feature-scan-replay/configs/runtime-952bd53aaa996fe4bc57828684b54cc7445e89a8940d8603c3d1f1597976555d.json,feature-definition_lists,fresh,505.1814776588179,476.4580101090553,1.0614683066878947,1.045609349505069,1.0702081417784084,6,"[1.0580800891432234, 1.0615976915606031]"
feature--parser.definition_lists-plain-300,/private/tmp/ferromark-v2-paragraph-B-feature-run.feature-scan-replay/configs/runtime-952bd53aaa996fe4bc57828684b54cc7445e89a8940d8603c3d1f1597976555d.json,feature-definition_lists,reuse,173.89309101133296,160.58999878945903,1.0769751202622628,1.0738630337073216,1.0895006536018692,6,"[1.0762027157005818, 1.0810602333677348]"
feature--parser.definition_lists-plain-300,/private/tmp/ferromark-v2-paragraph-B-feature-run.feature-scan-replay/configs/runtime-952bd53aaa996fe4bc57828684b54cc7445e89a8940d8603c3d1f1597976555d.json,feature-definition_lists,parse,122.27193321525576,109.79314778061281,1.1127282841498707,1.1059213729024395,1.1218317286474724,6,"[1.1077285983730536, 1.118182832387492]"
feature--parser.definition_lists-plain-300,/private/tmp/ferromark-v2-paragraph-B-feature-run.feature-scan-replay/configs/runtime-952bd53aaa996fe4bc57828684b54cc7445e89a8940d8603c3d1f1597976555d.json,feature-definition_lists,render,52.41382078092187,52.87649882251814,0.9971058359208995,0.9486812390054079,1.006773719208123,6,"[0.9985069044849869, 0.995704767356812]"
feature--parser.definition_lists-active-300,/private/tmp/ferromark-v2-paragraph-B-feature-run.feature-scan-replay/configs/runtime-952bd53aaa996fe4bc57828684b54cc7445e89a8940d8603c3d1f1597976555d.json,feature-definition_lists,fresh,4162.717301324503,4070.4336067625973,1.0189139865838721,1.0153659448525205,1.0266070805936527,6,"[1.015728012281654, 1.0230682560416062]"
feature--parser.definition_lists-active-300,/private/tmp/ferromark-v2-paragraph-B-feature-run.feature-scan-replay/configs/runtime-952bd53aaa996fe4bc57828684b54cc7445e89a8940d8603c3d1f1597976555d.json,feature-definition_lists,reuse,3825.6394765105324,3754.452002245509,1.0186767888602164,1.0118076757418453,1.0378226291142636,6,"[1.019379604705918, 1.0179739730145148]"
feature--parser.definition_lists-active-300,/private/tmp/ferromark-v2-paragraph-B-feature-run.feature-scan-replay/configs/runtime-952bd53aaa996fe4bc57828684b54cc7445e89a8940d8603c3d1f1597976555d.json,feature-definition_lists,parse,3460.4764320624126,3360.1339405080216,1.028051866923247,1.0119833313109043,1.0591192861352123,6,"[1.0319754923357392, 1.0270596753125583]"
feature--parser.definition_lists-active-300,/private/tmp/ferromark-v2-paragraph-B-feature-run.feature-scan-replay/configs/runtime-952bd53aaa996fe4bc57828684b54cc7445e89a8940d8603c3d1f1597976555d.json,feature-definition_lists,render,354.01200358558265,352.094141811617,1.0056708187822587,0.9600980084505313,1.018816807121908,6,"[1.012619212501859, 0.9987461690679152]"
feature--parser.definition_lists-plain-4096,/private/tmp/ferromark-v2-paragraph-B-feature-run.feature-scan-replay/configs/runtime-952bd53aaa996fe4bc57828684b54cc7445e89a8940d8603c3d1f1597976555d.json,feature-definition_lists,fresh,2225.5475828968956,2046.3835273692812,1.0833272960862828,1.0424237223832278,1.1166988451059807,6,"[1.0854702499016353, 1.0811843422709304]"
feature--parser.definition_lists-plain-4096,/private/tmp/ferromark-v2-paragraph-B-feature-run.feature-scan-replay/configs/runtime-952bd53aaa996fe4bc57828684b54cc7445e89a8940d8603c3d1f1597976555d.json,feature-definition_lists,reuse,1793.55685572011,1628.871184853006,1.1020579371460366,1.0941148266879324,1.103788399715308,6,"[1.1028096067330393, 1.101306267559034]"
feature--parser.definition_lists-plain-4096,/private/tmp/ferromark-v2-paragraph-B-feature-run.feature-scan-replay/configs/runtime-952bd53aaa996fe4bc57828684b54cc7445e89a8940d8603c3d1f1597976555d.json,feature-definition_lists,parse,1253.028197019038,1093.1059781323606,1.1477214089818144,1.1412960687362181,1.1556999294555852,6,"[1.1457853878998228, 1.149657430063806]"
feature--parser.definition_lists-plain-4096,/private/tmp/ferromark-v2-paragraph-B-feature-run.feature-scan-replay/configs/runtime-952bd53aaa996fe4bc57828684b54cc7445e89a8940d8603c3d1f1597976555d.json,feature-definition_lists,render,527.2294382333757,529.4366011651134,0.9990726112689878,0.9871341531013927,1.0088158557299824,6,"[1.0015719490735342, 0.9985824947847258]"
feature--parser.definition_lists-active-4096,/private/tmp/ferromark-v2-paragraph-B-feature-run.feature-scan-replay/configs/runtime-952bd53aaa996fe4bc57828684b54cc7445e89a8940d8603c3d1f1597976555d.json,feature-definition_lists,fresh,48251.25197458791,47672.6301510989,1.0170660254816641,0.9997500402801016,1.027491193548721,6,"[1.012801689398152, 1.018903085265077]"
feature--parser.definition_lists-active-4096,/private/tmp/ferromark-v2-paragraph-B-feature-run.feature-scan-replay/configs/runtime-952bd53aaa996fe4bc57828684b54cc7445e89a8940d8603c3d1f1597976555d.json,feature-definition_lists,reuse,46938.98883928571,45830.58928571429,1.0248450664584983,1.008041608157706,1.035369827785226,6,"[1.0266505084043303, 1.023039624512666]"
feature--parser.definition_lists-active-4096,/private/tmp/ferromark-v2-paragraph-B-feature-run.feature-scan-replay/configs/runtime-952bd53aaa996fe4bc57828684b54cc7445e89a8940d8603c3d1f1597976555d.json,feature-definition_lists,parse,42435.46041666667,41361.287109375,1.0253782070566182,1.005603405926651,1.042451932825984,6,"[1.0402450721550804, 1.0248723686888026]"
feature--parser.definition_lists-active-4096,/private/tmp/ferromark-v2-paragraph-B-feature-run.feature-scan-replay/configs/runtime-952bd53aaa996fe4bc57828684b54cc7445e89a8940d8603c3d1f1597976555d.json,feature-definition_lists,render,4148.491536004487,4183.019010761589,0.9893772167992809,0.9769327764240826,1.0093392669873391,6,"[0.997801742054837, 0.989363594904686]"
feature--parser.definition_lists-plain-65536,/private/tmp/ferromark-v2-paragraph-B-feature-run.feature-scan-replay/configs/runtime-952bd53aaa996fe4bc57828684b54cc7445e89a8940d8603c3d1f1597976555d.json,feature-definition_lists,fresh,28464.8887722332,26009.064010416667,1.0946134501781175,1.069782390804615,1.1078177877283286,6,"[1.0946736692657557, 1.087903913439122]"
feature--parser.definition_lists-plain-65536,/private/tmp/ferromark-v2-paragraph-B-feature-run.feature-scan-replay/configs/runtime-952bd53aaa996fe4bc57828684b54cc7445e89a8940d8603c3d1f1597976555d.json,feature-definition_lists,reuse,27946.8125,25306.041250000002,1.1040383220887702,1.0977447387674033,1.350967761937432,6,"[1.1209373748238158, 1.1037896284795172]"
feature--parser.definition_lists-plain-65536,/private/tmp/ferromark-v2-paragraph-B-feature-run.feature-scan-replay/configs/runtime-952bd53aaa996fe4bc57828684b54cc7445e89a8940d8603c3d1f1597976555d.json,feature-definition_lists,parse,19777.3232421875,17092.27195945946,1.1665301085234887,1.1292354758976573,1.1820776143739034,6,"[1.1664159560262524, 1.1666442610207253]"
feature--parser.definition_lists-plain-65536,/private/tmp/ferromark-v2-paragraph-B-feature-run.feature-scan-replay/configs/runtime-952bd53aaa996fe4bc57828684b54cc7445e89a8940d8603c3d1f1597976555d.json,feature-definition_lists,render,8344.956962719298,8316.429893092105,1.0005499165139673,0.9942370424082346,1.0306113081267902,6,"[1.0018474563788817, 0.9992523766490531]"
feature--parser.definition_lists-active-65536,/private/tmp/ferromark-v2-paragraph-B-feature-run.feature-scan-replay/configs/runtime-952bd53aaa996fe4bc57828684b54cc7445e89a8940d8603c3d1f1597976555d.json,feature-definition_lists,fresh,751401.046875,734044.25,1.0235023308420488,1.0194301163049586,1.0290784957664887,6,"[1.0262815552908935, 1.0204075192903017]"
feature--parser.definition_lists-active-65536,/private/tmp/ferromark-v2-paragraph-B-feature-run.feature-scan-replay/configs/runtime-952bd53aaa996fe4bc57828684b54cc7445e89a8940d8603c3d1f1597976555d.json,feature-definition_lists,reuse,751545.59375,739565.765625,1.016317079100481,1.0119337286982433,1.0248330552346432,6,"[1.019461461290529, 1.01502994244869]"
feature--parser.definition_lists-active-65536,/private/tmp/ferromark-v2-paragraph-B-feature-run.feature-scan-replay/configs/runtime-952bd53aaa996fe4bc57828684b54cc7445e89a8940d8603c3d1f1597976555d.json,feature-definition_lists,parse,684624.34375,672095.046875,1.0163054467942483,1.0043114799300152,1.0202185062351528,6,"[1.0160395114030225, 1.0165713821854743]"
feature--parser.definition_lists-active-65536,/private/tmp/ferromark-v2-paragraph-B-feature-run.feature-scan-replay/configs/runtime-952bd53aaa996fe4bc57828684b54cc7445e89a8940d8603c3d1f1597976555d.json,feature-definition_lists,render,67338.021875,67916.08125,0.9934253248599205,0.9769530709176044,1.0070058297690438,6,"[0.9805244928936111, 1.0018526333270916]"
mixed--deflists--comment-ack,/private/tmp/ferromark-v2-paragraph-B-feature-run.feature-scan-replay/configs/runtime-32091b4ab7e57b3d2d7c6a1c30555da0833951bc37fd6b40279af705ee9e38c4.json,mixed-docs-definition-lists,fresh,420.0332051348667,405.72219605176497,1.0366816342168104,1.0062867994306692,1.0414209826610563,6,"[1.034619694108599, 1.0387435743250215]"
mixed--deflists--comment-ack,/private/tmp/ferromark-v2-paragraph-B-feature-run.feature-scan-replay/configs/runtime-32091b4ab7e57b3d2d7c6a1c30555da0833951bc37fd6b40279af705ee9e38c4.json,mixed-docs-definition-lists,reuse,93.25671650136066,86.53131486275723,1.0781843687727135,1.067369698971577,1.0966522763964826,6,"[1.0756522003029825, 1.0807165372424443]"
mixed--deflists--comment-ack,/private/tmp/ferromark-v2-paragraph-B-feature-run.feature-scan-replay/configs/runtime-32091b4ab7e57b3d2d7c6a1c30555da0833951bc37fd6b40279af705ee9e38c4.json,mixed-docs-definition-lists,parse,64.70193997009991,58.61192621936073,1.1025335983330413,1.0967149759469026,1.1132698529068477,6,"[1.1018750796244838, 1.1031921170415988]"
mixed--deflists--comment-ack,/private/tmp/ferromark-v2-paragraph-B-feature-run.feature-scan-replay/configs/runtime-32091b4ab7e57b3d2d7c6a1c30555da0833951bc37fd6b40279af705ee9e38c4.json,mixed-docs-definition-lists,render,30.216176436082392,30.41877031379382,0.9983635093186387,0.9876232089709309,1.0052058285425878,6,"[0.9999580823451295, 0.9967689362921478]"
mixed--control--comment-ack,/private/tmp/ferromark-v2-paragraph-B-feature-run.feature-scan-replay/configs/runtime-92d3aa20c19f6e36ddf6454cd4eea55f84dfaec2d4e7ab1ef73254252b27b2c8.json,mixed-docs-control,fresh,402.8347045977648,388.00890743637865,1.0402702470765897,1.0284095080609843,1.0510427506114277,6,"[1.0482870758076603, 1.0336909336167786]"
mixed--control--comment-ack,/private/tmp/ferromark-v2-paragraph-B-feature-run.feature-scan-replay/configs/runtime-92d3aa20c19f6e36ddf6454cd4eea55f84dfaec2d4e7ab1ef73254252b27b2c8.json,mixed-docs-control,reuse,79.9105420136511,73.15494458526899,1.0911522815663228,1.0835484248069471,1.1000266398484002,6,"[1.09067854632601, 1.0916260168066356]"
mixed--control--comment-ack,/private/tmp/ferromark-v2-paragraph-B-feature-run.feature-scan-replay/configs/runtime-92d3aa20c19f6e36ddf6454cd4eea55f84dfaec2d4e7ab1ef73254252b27b2c8.json,mixed-docs-control,parse,51.2378470838265,45.13149229672755,1.1324962443164588,1.1215594055807914,1.1515348193644797,6,"[1.1305403569403634, 1.134452131692554]"
mixed--control--comment-ack,/private/tmp/ferromark-v2-paragraph-B-feature-run.feature-scan-replay/configs/runtime-92d3aa20c19f6e36ddf6454cd4eea55f84dfaec2d4e7ab1ef73254252b27b2c8.json,mixed-docs-control,render,29.25013845119267,29.765730430874676,0.9829592939125438,0.9750703724257813,1.0026181955009927,6,"[0.9850372635070646, 0.9807986371818119]"
mixed--deflists--comment-review,/private/tmp/ferromark-v2-paragraph-B-feature-run.feature-scan-replay/configs/runtime-32091b4ab7e57b3d2d7c6a1c30555da0833951bc37fd6b40279af705ee9e38c4.json,mixed-docs-definition-lists,fresh,536.7962091085742,497.921180947133,1.0766327413131453,1.049558381202381,1.106716497704842,6,"[1.0996344336010535, 1.0570850675834154]"
mixed--deflists--comment-review,/private/tmp/ferromark-v2-paragraph-B-feature-run.feature-scan-replay/configs/runtime-32091b4ab7e57b3d2d7c6a1c30555da0833951bc37fd6b40279af705ee9e38c4.json,mixed-docs-definition-lists,reuse,195.63099163647763,182.9806914115668,1.0660379269694682,1.0591137738466367,1.0926386369194396,6,"[1.0897197157577687, 1.0619108714053749]"
mixed--deflists--comment-review,/private/tmp/ferromark-v2-paragraph-B-feature-run.feature-scan-replay/configs/runtime-32091b4ab7e57b3d2d7c6a1c30555da0833951bc37fd6b40279af705ee9e38c4.json,mixed-docs-definition-lists,parse,149.0062849164541,136.40737574064968,1.0923637199249514,1.064338338917572,1.128892324309752,6,"[1.1179861020385227, 1.090132575849707]"
mixed--deflists--comment-review,/private/tmp/ferromark-v2-paragraph-B-feature-run.feature-scan-replay/configs/runtime-32091b4ab7e57b3d2d7c6a1c30555da0833951bc37fd6b40279af705ee9e38c4.json,mixed-docs-definition-lists,render,50.33607563534598,50.598901562252465,0.993810105472809,0.9860445237218638,1.0077927006510163,6,"[0.9944139227548006, 0.988039965190878]"
mixed--control--comment-review,/private/tmp/ferromark-v2-paragraph-B-feature-run.feature-scan-replay/configs/runtime-92d3aa20c19f6e36ddf6454cd4eea55f84dfaec2d4e7ab1ef73254252b27b2c8.json,mixed-docs-control,fresh,478.5030752867996,461.22957138881634,1.0384623646162394,1.023340334654114,1.0492006691946816,6,"[1.0486586003664669, 1.0264978914160718]"
mixed--control--comment-review,/private/tmp/ferromark-v2-paragraph-B-feature-run.feature-scan-replay/configs/runtime-92d3aa20c19f6e36ddf6454cd4eea55f84dfaec2d4e7ab1ef73254252b27b2c8.json,mixed-docs-control,reuse,152.63798836259457,138.12354787756476,1.1091392101743311,1.0878576906533186,1.112617503102907,6,"[1.1084291169946496, 1.1098493033540129]"
mixed--control--comment-review,/private/tmp/ferromark-v2-paragraph-B-feature-run.feature-scan-replay/configs/runtime-92d3aa20c19f6e36ddf6454cd4eea55f84dfaec2d4e7ab1ef73254252b27b2c8.json,mixed-docs-control,parse,104.07483846029058,90.3878167500862,1.1507650756737635,1.1413744566582822,1.172376491692078,6,"[1.1544867916904662, 1.1470433596570608]"
mixed--control--comment-review,/private/tmp/ferromark-v2-paragraph-B-feature-run.feature-scan-replay/configs/runtime-92d3aa20c19f6e36ddf6454cd4eea55f84dfaec2d4e7ab1ef73254252b27b2c8.json,mixed-docs-control,render,49.6305858607017,49.51046942231255,0.9981760866047205,0.9926169795355297,1.0095223809474396,6,"[0.9971295478083116, 0.9992226254011292]"
mixed--deflists--comment-table,/private/tmp/ferromark-v2-paragraph-B-feature-run.feature-scan-replay/configs/runtime-32091b4ab7e57b3d2d7c6a1c30555da0833951bc37fd6b40279af705ee9e38c4.json,mixed-docs-definition-lists,fresh,1504.5979942908652,1477.681005874621,1.0142531239486687,1.00426047777143,1.020652275938282,6,"[1.013542252243544, 1.0149639956537932]"
mixed--deflists--comment-table,/private/tmp/ferromark-v2-paragraph-B-feature-run.feature-scan-replay/configs/runtime-32091b4ab7e57b3d2d7c6a1c30555da0833951bc37fd6b40279af705ee9e38c4.json,mixed-docs-definition-lists,reuse,1192.63335684751,1164.4761533711696,1.024933248881625,0.9918168788402204,1.0605532247675176,6,"[1.0223553797390377, 1.02525309288372]"
mixed--deflists--comment-table,/private/tmp/ferromark-v2-paragraph-B-feature-run.feature-scan-replay/configs/runtime-32091b4ab7e57b3d2d7c6a1c30555da0833951bc37fd6b40279af705ee9e38c4.json,mixed-docs-definition-lists,parse,968.6067377535555,935.0836603139013,1.0363477062752855,1.021772124679069,1.0421429920182277,6,"[1.0361601215898368, 1.0380282520800819]"
mixed--deflists--comment-table,/private/tmp/ferromark-v2-paragraph-B-feature-run.feature-scan-replay/configs/runtime-32091b4ab7e57b3d2d7c6a1c30555da0833951bc37fd6b40279af705ee9e38c4.json,mixed-docs-definition-lists,render,203.45280577368612,203.32294458057834,1.0008944407394835,0.980791135872289,1.0130347743043326,6,"[1.0024762998725805, 0.9993125816063866]"
mixed--control--comment-table,/private/tmp/ferromark-v2-paragraph-B-feature-run.feature-scan-replay/configs/runtime-92d3aa20c19f6e36ddf6454cd4eea55f84dfaec2d4e7ab1ef73254252b27b2c8.json,mixed-docs-control,fresh,573.9524398156104,551.7203457853045,1.039342399984152,1.0175638864185916,1.0573076499142677,6,"[1.0355048154244826, 1.0503229888772492]"
mixed--control--comment-table,/private/tmp/ferromark-v2-paragraph-B-feature-run.feature-scan-replay/configs/runtime-92d3aa20c19f6e36ddf6454cd4eea55f84dfaec2d4e7ab1ef73254252b27b2c8.json,mixed-docs-control,reuse,246.22715539030452,229.61301691840276,1.0727975060175494,1.0582547784809517,1.0848002896488136,6,"[1.0765389197489024, 1.0706176629603714]"
mixed--control--comment-table,/private/tmp/ferromark-v2-paragraph-B-feature-run.feature-scan-replay/configs/runtime-92d3aa20c19f6e36ddf6454cd4eea55f84dfaec2d4e7ab1ef73254252b27b2c8.json,mixed-docs-control,parse,181.1111489695618,165.79314762836515,1.09107410694107,1.0752537226290206,1.096960779630615,6,"[1.092650440489615, 1.0894977733925255]"
mixed--control--comment-table,/private/tmp/ferromark-v2-paragraph-B-feature-run.feature-scan-replay/configs/runtime-92d3aa20c19f6e36ddf6454cd4eea55f84dfaec2d4e7ab1ef73254252b27b2c8.json,mixed-docs-control,render,66.62433781461345,66.50388518806656,0.998458113851983,0.9823192001970783,1.01247417601964,6,"[1.0065713038580317, 0.9903449238459344]"
mixed--deflists--comment-incident,/private/tmp/ferromark-v2-paragraph-B-feature-run.feature-scan-replay/configs/runtime-32091b4ab7e57b3d2d7c6a1c30555da0833951bc37fd6b40279af705ee9e38c4.json,mixed-docs-definition-lists,fresh,1956.982421875,1913.4174311926604,1.027296216115438,1.0150325776534945,1.0485190908415087,6,"[1.0182546133225274, 1.0363378189083485]"
mixed--deflists--comment-incident,/private/tmp/ferromark-v2-paragraph-B-feature-run.feature-scan-replay/configs/runtime-32091b4ab7e57b3d2d7c6a1c30555da0833951bc37fd6b40279af705ee9e38c4.json,mixed-docs-definition-lists,reuse,1627.8276200529951,1563.4480830151183,1.0394950705990182,1.0188573279929793,1.0592153646177231,6,"[1.0373469250548564, 1.0416432161431803]"
mixed--deflists--comment-incident,/private/tmp/ferromark-v2-paragraph-B-feature-run.feature-scan-replay/configs/runtime-32091b4ab7e57b3d2d7c6a1c30555da0833951bc37fd6b40279af705ee9e38c4.json,mixed-docs-definition-lists,parse,1237.111729175635,1169.3243866822431,1.0590037573268192,1.0416535976512349,1.0616472151348344,6,"[1.058665199877051, 1.0593423147765875]"
mixed--deflists--comment-incident,/private/tmp/ferromark-v2-paragraph-B-feature-run.feature-scan-replay/configs/runtime-32091b4ab7e57b3d2d7c6a1c30555da0833951bc37fd6b40279af705ee9e38c4.json,mixed-docs-definition-lists,render,367.5186151277602,366.93229637886327,0.9981093384251939,0.9861039689998294,1.0156614517098481,6,"[1.0048968677554089, 0.9978903896680786]"
mixed--control--comment-incident,/private/tmp/ferromark-v2-paragraph-B-feature-run.feature-scan-replay/configs/runtime-92d3aa20c19f6e36ddf6454cd4eea55f84dfaec2d4e7ab1ef73254252b27b2c8.json,mixed-docs-control,fresh,1577.6727856850541,1528.8179232972843,1.0354166684177133,1.0070875758388875,1.0665541453340988,6,"[1.026567177268169, 1.0442661595672575]"
mixed--control--comment-incident,/private/tmp/ferromark-v2-paragraph-B-feature-run.feature-scan-replay/configs/runtime-92d3aa20c19f6e36ddf6454cd4eea55f84dfaec2d4e7ab1ef73254252b27b2c8.json,mixed-docs-control,reuse,1206.4007722821398,1155.105758765969,1.0453846181010151,1.029448389566173,1.0551052777097638,6,"[1.0484370735726536, 1.0423321626293767]"
mixed--control--comment-incident,/private/tmp/ferromark-v2-paragraph-B-feature-run.feature-scan-replay/configs/runtime-92d3aa20c19f6e36ddf6454cd4eea55f84dfaec2d4e7ab1ef73254252b27b2c8.json,mixed-docs-control,parse,971.1151192662289,905.0647386034732,1.0651136683196911,1.0607896466987172,1.0886172575484918,6,"[1.067762984819443, 1.0624643518199393]"
mixed--control--comment-incident,/private/tmp/ferromark-v2-paragraph-B-feature-run.feature-scan-replay/configs/runtime-92d3aa20c19f6e36ddf6454cd4eea55f84dfaec2d4e7ab1ef73254252b27b2c8.json,mixed-docs-control,render,240.1255772195941,240.21950597453622,0.9974653113255276,0.9911090862754643,1.0153084777177157,6,"[0.9985233796672296, 0.9964072429838255]"
mixed--deflists--legacy-node-ferromark-readme,/private/tmp/ferromark-v2-paragraph-B-feature-run.feature-scan-replay/configs/runtime-32091b4ab7e57b3d2d7c6a1c30555da0833951bc37fd6b40279af705ee9e38c4.json,mixed-docs-definition-lists,fresh,13781.433763586956,13638.213401942645,1.0089019406736992,0.9956457133131095,1.0373647057222273,6,"[1.006952339993196, 1.0108515413542023]"
mixed--deflists--legacy-node-ferromark-readme,/private/tmp/ferromark-v2-paragraph-B-feature-run.feature-scan-replay/configs/runtime-32091b4ab7e57b3d2d7c6a1c30555da0833951bc37fd6b40279af705ee9e38c4.json,mixed-docs-definition-lists,reuse,13200.764973958334,12885.230548469388,1.026381804386016,1.0012137893513366,1.0577047094670848,6,"[1.0185477098182152, 1.046703842753941]"
mixed--deflists--legacy-node-ferromark-readme,/private/tmp/ferromark-v2-paragraph-B-feature-run.feature-scan-replay/configs/runtime-32091b4ab7e57b3d2d7c6a1c30555da0833951bc37fd6b40279af705ee9e38c4.json,mixed-docs-definition-lists,parse,8520.446157094595,8341.08769736842,1.0282222257871085,1.0134960567953075,1.044268406337372,6,"[1.0195721028517433, 1.0368723487224736]"
mixed--deflists--legacy-node-ferromark-readme,/private/tmp/ferromark-v2-paragraph-B-feature-run.feature-scan-replay/configs/runtime-32091b4ab7e57b3d2d7c6a1c30555da0833951bc37fd6b40279af705ee9e38c4.json,mixed-docs-definition-lists,render,4581.414765158781,4551.663496376812,1.0107555811941036,0.9854529903525789,1.030561399558108,6,"[1.0157112518809401, 0.9898142074367781]"
mixed--control--legacy-node-ferromark-readme,/private/tmp/ferromark-v2-paragraph-B-feature-run.feature-scan-replay/configs/runtime-92d3aa20c19f6e36ddf6454cd4eea55f84dfaec2d4e7ab1ef73254252b27b2c8.json,mixed-docs-control,fresh,10242.880544354839,10137.306703629032,1.012978775331181,0.9984211205075534,1.0181892242698543,6,"[1.0149250581880986, 1.011032492474263]"
mixed--control--legacy-node-ferromark-readme,/private/tmp/ferromark-v2-paragraph-B-feature-run.feature-scan-replay/configs/runtime-92d3aa20c19f6e36ddf6454cd4eea55f84dfaec2d4e7ab1ef73254252b27b2c8.json,mixed-docs-control,reuse,9712.600240384616,9571.032670454546,1.0208034544630484,0.9944383766552521,1.0314412382217,6,"[1.0084462052028422, 1.0211322473562128]"
mixed--control--legacy-node-ferromark-readme,/private/tmp/ferromark-v2-paragraph-B-feature-run.feature-scan-replay/configs/runtime-92d3aa20c19f6e36ddf6454cd4eea55f84dfaec2d4e7ab1ef73254252b27b2c8.json,mixed-docs-control,parse,6230.907023514852,6084.262591019417,1.0237408209127254,1.0154472320193464,1.0381832125891464,6,"[1.0192234017252764, 1.0282582401001743]"
mixed--control--legacy-node-ferromark-readme,/private/tmp/ferromark-v2-paragraph-B-feature-run.feature-scan-replay/configs/runtime-92d3aa20c19f6e36ddf6454cd4eea55f84dfaec2d4e7ab1ef73254252b27b2c8.json,mixed-docs-control,render,3475.1844618055557,3458.8788353393848,1.0057352514626356,0.994353645825713,1.0180171760768792,6,"[1.0028826385277587, 1.014447694722614]"
mixed--deflists--legacy-docs-markdown-extensions,/private/tmp/ferromark-v2-paragraph-B-feature-run.feature-scan-replay/configs/runtime-32091b4ab7e57b3d2d7c6a1c30555da0833951bc37fd6b40279af705ee9e38c4.json,mixed-docs-definition-lists,fresh,6458.20668525142,6379.018889468666,1.0154310643665583,1.0037346255856034,1.0583412485856352,6,"[1.0197084998797215, 1.011757205670981]"
mixed--deflists--legacy-docs-markdown-extensions,/private/tmp/ferromark-v2-paragraph-B-feature-run.feature-scan-replay/configs/runtime-32091b4ab7e57b3d2d7c6a1c30555da0833951bc37fd6b40279af705ee9e38c4.json,mixed-docs-definition-lists,reuse,6069.999549278846,5977.3025606469,1.0303662183288451,0.9938317773242433,1.0416302659233534,6,"[1.0300015220816823, 1.0307309145760082]"
mixed--deflists--legacy-docs-markdown-extensions,/private/tmp/ferromark-v2-paragraph-B-feature-run.feature-scan-replay/configs/runtime-32091b4ab7e57b3d2d7c6a1c30555da0833951bc37fd6b40279af705ee9e38c4.json,mixed-docs-definition-lists,parse,4504.410556108684,4402.449479987442,1.0239216991968068,1.0074930006838712,1.03184476231403,6,"[1.0234933183683597, 1.024350080025254]"
mixed--deflists--legacy-docs-markdown-extensions,/private/tmp/ferromark-v2-paragraph-B-feature-run.feature-scan-replay/configs/runtime-32091b4ab7e57b3d2d7c6a1c30555da0833951bc37fd6b40279af705ee9e38c4.json,mixed-docs-definition-lists,render,1541.734028633005,1531.8726607257358,1.0072720640115946,0.9784746768490127,1.0106714233368779,6,"[0.9884463584873417, 1.0088403150045873]"
mixed--control--legacy-docs-markdown-extensions,/private/tmp/ferromark-v2-paragraph-B-feature-run.feature-scan-replay/configs/runtime-92d3aa20c19f6e36ddf6454cd4eea55f84dfaec2d4e7ab1ef73254252b27b2c8.json,mixed-docs-control,fresh,3870.362364969136,3820.225662878788,1.0164930057853285,0.999018701258496,1.0347222356024721,6,"[1.023104783273792, 1.009881228296865]"
mixed--control--legacy-docs-markdown-extensions,/private/tmp/ferromark-v2-paragraph-B-feature-run.feature-scan-replay/configs/runtime-92d3aa20c19f6e36ddf6454cd4eea55f84dfaec2d4e7ab1ef73254252b27b2c8.json,mixed-docs-control,reuse,3497.807539474705,3449.6158138736264,1.0155301407762525,0.9911837011962564,1.029328033859724,6,"[1.0119870055123767, 1.0200414479625204]"
mixed--control--legacy-docs-markdown-extensions,/private/tmp/ferromark-v2-paragraph-B-feature-run.feature-scan-replay/configs/runtime-92d3aa20c19f6e36ddf6454cd4eea55f84dfaec2d4e7ab1ef73254252b27b2c8.json,mixed-docs-control,parse,2412.2170673076926,2370.4476207386365,1.0171175639714054,1.0001911563989903,1.0330336236770628,6,"[1.015941983805318, 1.0177606561019699]"
mixed--control--legacy-docs-markdown-extensions,/private/tmp/ferromark-v2-paragraph-B-feature-run.feature-scan-replay/configs/runtime-92d3aa20c19f6e36ddf6454cd4eea55f84dfaec2d4e7ab1ef73254252b27b2c8.json,mixed-docs-control,render,1073.2626731743826,1070.001366257925,1.0072870426297729,0.9957194315491159,1.0244489135329964,6,"[1.0017023626844312, 1.0128717225751147]"
mixed--deflists--rust-book-ch03-04-comments,/private/tmp/ferromark-v2-paragraph-B-feature-run.feature-scan-replay/configs/runtime-32091b4ab7e57b3d2d7c6a1c30555da0833951bc37fd6b40279af705ee9e38c4.json,mixed-docs-definition-lists,fresh,1205.9878506125347,1173.6520406968966,1.0286753195213894,1.0162752837195705,1.0608289386957275,6,"[1.0270611011123143, 1.0302895379304644]"
mixed--deflists--rust-book-ch03-04-comments,/private/tmp/ferromark-v2-paragraph-B-feature-run.feature-scan-replay/configs/runtime-32091b4ab7e57b3d2d7c6a1c30555da0833951bc37fd6b40279af705ee9e38c4.json,mixed-docs-definition-lists,reuse,837.1659942673377,813.3246505054155,1.030574823842486,1.0166645873243045,1.0494593128489333,6,"[1.0312335845558611, 1.029916063129111]"
mixed--deflists--rust-book-ch03-04-comments,/private/tmp/ferromark-v2-paragraph-B-feature-run.feature-scan-replay/configs/runtime-32091b4ab7e57b3d2d7c6a1c30555da0833951bc37fd6b40279af705ee9e38c4.json,mixed-docs-definition-lists,parse,590.4518497041855,575.0276409887998,1.0273406171502062,1.0114870231090045,1.043843198146883,6,"[1.0284966963050657, 1.0261845379953465]"
mixed--deflists--rust-book-ch03-04-comments,/private/tmp/ferromark-v2-paragraph-B-feature-run.feature-scan-replay/configs/runtime-32091b4ab7e57b3d2d7c6a1c30555da0833951bc37fd6b40279af705ee9e38c4.json,mixed-docs-definition-lists,render,233.23538583014803,231.63309223394018,1.006431452027099,0.9987623119265028,1.0222800362582276,6,"[1.00709198427944, 1.0057709197747577]"
mixed--control--rust-book-ch03-04-comments,/private/tmp/ferromark-v2-paragraph-B-feature-run.feature-scan-replay/configs/runtime-92d3aa20c19f6e36ddf6454cd4eea55f84dfaec2d4e7ab1ef73254252b27b2c8.json,mixed-docs-control,fresh,1081.0462543177894,1041.1488745943984,1.048124279256872,1.0212476516076887,1.0604093247936748,6,"[1.0492134929400005, 1.0470350655737435]"
mixed--control--rust-book-ch03-04-comments,/private/tmp/ferromark-v2-paragraph-B-feature-run.feature-scan-replay/configs/runtime-92d3aa20c19f6e36ddf6454cd4eea55f84dfaec2d4e7ab1ef73254252b27b2c8.json,mixed-docs-control,reuse,691.2774168041803,671.9315473409134,1.0259984338572936,1.0156341943490728,1.0553047404063205,6,"[1.0285885982386127, 1.0234082694759743]"
mixed--control--rust-book-ch03-04-comments,/private/tmp/ferromark-v2-paragraph-B-feature-run.feature-scan-replay/configs/runtime-92d3aa20c19f6e36ddf6454cd4eea55f84dfaec2d4e7ab1ef73254252b27b2c8.json,mixed-docs-control,parse,493.2922607839781,484.56899613493454,1.0139015802393292,1.0048708704987015,1.0289417519608868,6,"[1.0139758690655671, 1.0137339248648043]"
mixed--control--rust-book-ch03-04-comments,/private/tmp/ferromark-v2-paragraph-B-feature-run.feature-scan-replay/configs/runtime-92d3aa20c19f6e36ddf6454cd4eea55f84dfaec2d4e7ab1ef73254252b27b2c8.json,mixed-docs-control,render,190.6571349153784,189.53744093265112,1.005908422453423,0.9903295466632585,1.0327322400974592,6,"[1.0065333622566186, 0.9990134537255349]"
mixed--deflists--vite-docs-api-plugin,/private/tmp/ferromark-v2-paragraph-B-feature-run.feature-scan-replay/configs/runtime-32091b4ab7e57b3d2d7c6a1c30555da0833951bc37fd6b40279af705ee9e38c4.json,mixed-docs-definition-lists,fresh,95828.03348214286,93741.16294642858,1.0233558451677351,0.9790459834243006,1.0927435984332898,6,"[1.033087884284896, 1.0136238060505742]"
mixed--deflists--vite-docs-api-plugin,/private/tmp/ferromark-v2-paragraph-B-feature-run.feature-scan-replay/configs/runtime-32091b4ab7e57b3d2d7c6a1c30555da0833951bc37fd6b40279af705ee9e38c4.json,mixed-docs-definition-lists,reuse,93037.11160714286,90663.04017857142,1.0382097657598528,0.9777847371590811,1.1364593570817318,6,"[1.034897523262639, 1.0415220082570666]"
mixed--deflists--vite-docs-api-plugin,/private/tmp/ferromark-v2-paragraph-B-feature-run.feature-scan-replay/configs/runtime-32091b4ab7e57b3d2d7c6a1c30555da0833951bc37fd6b40279af705ee9e38c4.json,mixed-docs-definition-lists,parse,67019.3359375,66693.425,1.0110256510641962,0.9735490593989942,1.034211638081225,6,"[1.0035233594552846, 1.0185279426731078]"
mixed--deflists--vite-docs-api-plugin,/private/tmp/ferromark-v2-paragraph-B-feature-run.feature-scan-replay/configs/runtime-32091b4ab7e57b3d2d7c6a1c30555da0833951bc37fd6b40279af705ee9e38c4.json,mixed-docs-definition-lists,render,16169.654647435898,15664.51796875,1.0262688549791998,1.0025372721233314,1.0458640247786557,6,"[1.033826450506363, 1.0029391036063473]"
mixed--control--vite-docs-api-plugin,/private/tmp/ferromark-v2-paragraph-B-feature-run.feature-scan-replay/configs/runtime-92d3aa20c19f6e36ddf6454cd4eea55f84dfaec2d4e7ab1ef73254252b27b2c8.json,mixed-docs-control,fresh,77205.15104166667,73542.82638888889,1.0246010322593557,0.8445705315406196,1.3056524310013824,6,"[1.029777264333218, 0.9765422036106235]"
mixed--control--vite-docs-api-plugin,/private/tmp/ferromark-v2-paragraph-B-feature-run.feature-scan-replay/configs/runtime-92d3aa20c19f6e36ddf6454cd4eea55f84dfaec2d4e7ab1ef73254252b27b2c8.json,mixed-docs-control,reuse,73988.93229166667,71202.69097222222,1.0343354579163067,0.9850374428721692,1.0628598242313783,6,"[1.0032323322175143, 1.0599617037600082]"
mixed--control--vite-docs-api-plugin,/private/tmp/ferromark-v2-paragraph-B-feature-run.feature-scan-replay/configs/runtime-92d3aa20c19f6e36ddf6454cd4eea55f84dfaec2d4e7ab1ef73254252b27b2c8.json,mixed-docs-control,parse,55080.62109375,53909.55859375,1.014354663556638,0.9596700476041327,1.0528179825931037,6,"[1.020468405739476, 1.001585486072404]"
mixed--control--vite-docs-api-plugin,/private/tmp/ferromark-v2-paragraph-B-feature-run.feature-scan-replay/configs/runtime-92d3aa20c19f6e36ddf6454cd4eea55f84dfaec2d4e7ab1ef73254252b27b2c8.json,mixed-docs-control,render,13241.7265625,12935.493941326531,1.024974402562909,0.9889521093080038,1.0581963025617869,6,"[1.0289542603422783, 1.0211457705463867]"
mixed--deflists--typescript-handbook-compiler-options,/private/tmp/ferromark-v2-paragraph-B-feature-run.feature-scan-replay/configs/runtime-32091b4ab7e57b3d2d7c6a1c30555da0833951bc37fd6b40279af705ee9e38c4.json,mixed-docs-definition-lists,fresh,82895.345703125,82773.357421875,1.0042863835441787,0.9794365862022194,1.0225552061729584,6,"[1.0013831780407554, 1.0071895890476021]"
mixed--deflists--typescript-handbook-compiler-options,/private/tmp/ferromark-v2-paragraph-B-feature-run.feature-scan-replay/configs/runtime-32091b4ab7e57b3d2d7c6a1c30555da0833951bc37fd6b40279af705ee9e38c4.json,mixed-docs-definition-lists,reuse,83670.41015625,83577.63671875,0.9972739015074923,0.9849596753272957,1.0189725420726305,6,"[0.9944702436995662, 1.0000775593154185]"
mixed--deflists--typescript-handbook-compiler-options,/private/tmp/ferromark-v2-paragraph-B-feature-run.feature-scan-replay/configs/runtime-32091b4ab7e57b3d2d7c6a1c30555da0833951bc37fd6b40279af705ee9e38c4.json,mixed-docs-definition-lists,parse,24912.510216346156,24682.592548076922,1.000015928067246,0.9893019544715822,1.0341828733634293,6,"[0.9981448909461244, 1.0018869651883677]"
mixed--deflists--typescript-handbook-compiler-options,/private/tmp/ferromark-v2-paragraph-B-feature-run.feature-scan-replay/configs/runtime-32091b4ab7e57b3d2d7c6a1c30555da0833951bc37fd6b40279af705ee9e38c4.json,mixed-docs-definition-lists,render,57166.83475378787,57284.61280776515,0.9952961535365534,0.9849391013830545,1.0163841276485115,6,"[0.9985803369245162, 0.9920119701485905]"
mixed--control--typescript-handbook-compiler-options,/private/tmp/ferromark-v2-paragraph-B-feature-run.feature-scan-replay/configs/runtime-92d3aa20c19f6e36ddf6454cd4eea55f84dfaec2d4e7ab1ef73254252b27b2c8.json,mixed-docs-control,fresh,27055.419921875,26946.207682291664,1.0043911100968719,0.9840329887638596,1.0464641035393354,6,"[1.04313740422699, 0.9948156716915083]"
mixed--control--typescript-handbook-compiler-options,/private/tmp/ferromark-v2-paragraph-B-feature-run.feature-scan-replay/configs/runtime-92d3aa20c19f6e36ddf6454cd4eea55f84dfaec2d4e7ab1ef73254252b27b2c8.json,mixed-docs-control,reuse,25969.895624999997,25825.208125,1.0078172596200161,0.982061957379637,1.0285376065133232,6,"[1.0028010785575345, 1.0128334406824977]"
mixed--control--typescript-handbook-compiler-options,/private/tmp/ferromark-v2-paragraph-B-feature-run.feature-scan-replay/configs/runtime-92d3aa20c19f6e36ddf6454cd4eea55f84dfaec2d4e7ab1ef73254252b27b2c8.json,mixed-docs-control,parse,23326.050925925927,23401.74074074074,0.99556956863231,0.9810947468135365,1.019331262271044,6,"[1.00058230147232, 0.9905568357923]"
mixed--control--typescript-handbook-compiler-options,/private/tmp/ferromark-v2-paragraph-B-feature-run.feature-scan-replay/configs/runtime-92d3aa20c19f6e36ddf6454cd4eea55f84dfaec2d4e7ab1ef73254252b27b2c8.json,mixed-docs-control,render,2362.690118500851,2354.0970631492473,1.0034808819231138,0.9746401361622482,1.0221567010167965,6,"[0.9931943115369612, 1.013437749831611]"
mixed--deflists--wiki-rainbow-first-paragraph,/private/tmp/ferromark-v2-paragraph-B-feature-run.feature-scan-replay/configs/runtime-32091b4ab7e57b3d2d7c6a1c30555da0833951bc37fd6b40279af705ee9e38c4.json,mixed-docs-definition-lists,fresh,2142.6546093044462,2110.0698941033443,1.012516133778456,1.0034661178072528,1.0405596340674723,6,"[1.0085523909679175, 1.0151915610903157]"
mixed--deflists--wiki-rainbow-first-paragraph,/private/tmp/ferromark-v2-paragraph-B-feature-run.feature-scan-replay/configs/runtime-32091b4ab7e57b3d2d7c6a1c30555da0833951bc37fd6b40279af705ee9e38c4.json,mixed-docs-definition-lists,reuse,1745.850983472998,1744.525069637883,1.0055915130835302,0.9857407682271531,1.0193333972887584,6,"[1.0168423581588968, 0.9998457114451422]"
mixed--deflists--wiki-rainbow-first-paragraph,/private/tmp/ferromark-v2-paragraph-B-feature-run.feature-scan-replay/configs/runtime-32091b4ab7e57b3d2d7c6a1c30555da0833951bc37fd6b40279af705ee9e38c4.json,mixed-docs-definition-lists,parse,1236.513401679842,1214.0173510174418,1.015455785462178,1.0055136349218263,1.0246603728638206,6,"[1.0187222211610736, 1.0129977991830168]"
mixed--deflists--wiki-rainbow-first-paragraph,/private/tmp/ferromark-v2-paragraph-B-feature-run.feature-scan-replay/configs/runtime-32091b4ab7e57b3d2d7c6a1c30555da0833951bc37fd6b40279af705ee9e38c4.json,mixed-docs-definition-lists,render,510.33090563492254,505.3804441188359,1.0083487172797376,0.9925492385794175,1.0189992973054005,6,"[1.006049188551332, 1.0145617458690603]"
mixed--control--wiki-rainbow-first-paragraph,/private/tmp/ferromark-v2-paragraph-B-feature-run.feature-scan-replay/configs/runtime-92d3aa20c19f6e36ddf6454cd4eea55f84dfaec2d4e7ab1ef73254252b27b2c8.json,mixed-docs-control,fresh,1864.6357181770613,1833.9394341782765,1.0087480118670358,0.9962379385872966,1.0362151826524755,6,"[0.9994817512909758, 1.0126866220086752]"
mixed--control--wiki-rainbow-first-paragraph,/private/tmp/ferromark-v2-paragraph-B-feature-run.feature-scan-replay/configs/runtime-92d3aa20c19f6e36ddf6454cd4eea55f84dfaec2d4e7ab1ef73254252b27b2c8.json,mixed-docs-control,reuse,1494.9456284532353,1498.2071880880867,1.0052993502891843,0.9860637974439067,1.0277697244578325,6,"[0.9942364839987323, 1.0163622165796362]"
mixed--control--wiki-rainbow-first-paragraph,/private/tmp/ferromark-v2-paragraph-B-feature-run.feature-scan-replay/configs/runtime-92d3aa20c19f6e36ddf6454cd4eea55f84dfaec2d4e7ab1ef73254252b27b2c8.json,mixed-docs-control,parse,1014.3154638709902,1013.4725260846931,1.0070567768117988,0.9876487863663884,1.0217689320328078,6,"[1.0060077090982567, 1.0180605121523478]"
mixed--control--wiki-rainbow-first-paragraph,/private/tmp/ferromark-v2-paragraph-B-feature-run.feature-scan-replay/configs/runtime-92d3aa20c19f6e36ddf6454cd4eea55f84dfaec2d4e7ab1ef73254252b27b2c8.json,mixed-docs-control,render,455.485298662604,454.75546815165256,1.0009609470003742,0.9916104830165745,1.009672527869164,6,"[0.9999458287784615, 1.0019760652222867]"
mixed--deflists--wiki-tea-lead,/private/tmp/ferromark-v2-paragraph-B-feature-run.feature-scan-replay/configs/runtime-32091b4ab7e57b3d2d7c6a1c30555da0833951bc37fd6b40279af705ee9e38c4.json,mixed-docs-definition-lists,fresh,17109.74408783784,16965.913984708393,1.0122678074423574,1.0019664802329409,1.0185736516756003,6,"[1.0176900331546834, 1.0074353496043384]"
mixed--deflists--wiki-tea-lead,/private/tmp/ferromark-v2-paragraph-B-feature-run.feature-scan-replay/configs/runtime-32091b4ab7e57b3d2d7c6a1c30555da0833951bc37fd6b40279af705ee9e38c4.json,mixed-docs-definition-lists,reuse,16432.42595521255,16451.18799552969,0.9966931792112398,0.9740900092173402,1.0091101153088966,6,"[0.9947283894616827, 0.9986579689607968]"
mixed--deflists--wiki-tea-lead,/private/tmp/ferromark-v2-paragraph-B-feature-run.feature-scan-replay/configs/runtime-32091b4ab7e57b3d2d7c6a1c30555da0833951bc37fd6b40279af705ee9e38c4.json,mixed-docs-definition-lists,parse,11880.699587264151,11790.725235849057,0.9992378915217517,0.9925955005928712,1.0266461022171864,6,"[1.000096661524221, 0.9983791215192822]"
mixed--deflists--wiki-tea-lead,/private/tmp/ferromark-v2-paragraph-B-feature-run.feature-scan-replay/configs/runtime-32091b4ab7e57b3d2d7c6a1c30555da0833951bc37fd6b40279af705ee9e38c4.json,mixed-docs-definition-lists,render,4443.382767237288,4475.050988633486,0.9901657229899103,0.9751062875508221,1.0007110772168064,6,"[0.9823073895599425, 0.9921195219918619]"
mixed--control--wiki-tea-lead,/private/tmp/ferromark-v2-paragraph-B-feature-run.feature-scan-replay/configs/runtime-92d3aa20c19f6e36ddf6454cd4eea55f84dfaec2d4e7ab1ef73254252b27b2c8.json,mixed-docs-control,fresh,14788.638808139534,14960.868883236435,0.9936394652599141,0.9718987003233376,1.0106410349353165,6,"[1.0028045590441799, 0.9929431186340599]"
mixed--control--wiki-tea-lead,/private/tmp/ferromark-v2-paragraph-B-feature-run.feature-scan-replay/configs/runtime-92d3aa20c19f6e36ddf6454cd4eea55f84dfaec2d4e7ab1ef73254252b27b2c8.json,mixed-docs-control,reuse,14546.953455338265,14418.442116477272,1.0089129716924221,1.003223775496865,1.0231456170757314,6,"[1.0060054431578846, 1.0118205002269594]"
mixed--control--wiki-tea-lead,/private/tmp/ferromark-v2-paragraph-B-feature-run.feature-scan-replay/configs/runtime-92d3aa20c19f6e36ddf6454cd4eea55f84dfaec2d4e7ab1ef73254252b27b2c8.json,mixed-docs-control,parse,9826.426513671875,9811.280791766827,0.999610825134386,0.9875274450117832,1.0047611496005069,6,"[0.999394359360391, 0.9998272909083812]"
mixed--control--wiki-tea-lead,/private/tmp/ferromark-v2-paragraph-B-feature-run.feature-scan-replay/configs/runtime-92d3aa20c19f6e36ddf6454cd4eea55f84dfaec2d4e7ab1ef73254252b27b2c8.json,mixed-docs-control,render,4469.2590125962615,4453.10195035461,0.9962583484624553,0.9908803662099221,1.0318474084884814,6,"[0.9950596626077606, 0.99745703431715]"
mixed--deflists--wiki-tea-plain-prose,/private/tmp/ferromark-v2-paragraph-B-feature-run.feature-scan-replay/configs/runtime-32091b4ab7e57b3d2d7c6a1c30555da0833951bc37fd6b40279af705ee9e38c4.json,mixed-docs-definition-lists,fresh,19584.161458333332,18975.12637867647,1.0320202738014612,1.0080311089370082,1.0421002251557308,6,"[1.0280430820830961, 1.035997465519826]"
mixed--deflists--wiki-tea-plain-prose,/private/tmp/ferromark-v2-paragraph-B-feature-run.feature-scan-replay/configs/runtime-32091b4ab7e57b3d2d7c6a1c30555da0833951bc37fd6b40279af705ee9e38c4.json,mixed-docs-definition-lists,reuse,18972.98161764706,18533.33685661765,1.021564638748384,0.9790527812199616,1.041513220776804,6,"[1.0200717437290936, 1.0339688714282615]"
mixed--deflists--wiki-tea-plain-prose,/private/tmp/ferromark-v2-paragraph-B-feature-run.feature-scan-replay/configs/runtime-32091b4ab7e57b3d2d7c6a1c30555da0833951bc37fd6b40279af705ee9e38c4.json,mixed-docs-definition-lists,parse,14941.685267857141,14287.865845959595,1.0439331991431504,1.0282531821452972,1.0653603616294676,6,"[1.0580100617987276, 1.0403561885294206]"
mixed--deflists--wiki-tea-plain-prose,/private/tmp/ferromark-v2-paragraph-B-feature-run.feature-scan-replay/configs/runtime-32091b4ab7e57b3d2d7c6a1c30555da0833951bc37fd6b40279af705ee9e38c4.json,mixed-docs-definition-lists,render,4050.319906655844,4094.6378521766064,0.9971414227943001,0.963257302740807,1.0168701560340123,6,"[1.0049170904819622, 0.9889890198135918]"
mixed--control--wiki-tea-plain-prose,/private/tmp/ferromark-v2-paragraph-B-feature-run.feature-scan-replay/configs/runtime-92d3aa20c19f6e36ddf6454cd4eea55f84dfaec2d4e7ab1ef73254252b27b2c8.json,mixed-docs-control,fresh,13879.090353260868,13237.941731770834,1.0478273273617384,1.0277046222894886,1.0664076461801888,6,"[1.0350311076453014, 1.0561847449484374]"
mixed--control--wiki-tea-plain-prose,/private/tmp/ferromark-v2-paragraph-B-feature-run.feature-scan-replay/configs/runtime-92d3aa20c19f6e36ddf6454cd4eea55f84dfaec2d4e7ab1ef73254252b27b2c8.json,mixed-docs-control,reuse,13347.351728723404,12658.059687500001,1.0519153086815756,1.0440582713843074,1.075483684058577,6,"[1.0698781714336774, 1.0456176576460998]"
mixed--control--wiki-tea-plain-prose,/private/tmp/ferromark-v2-paragraph-B-feature-run.feature-scan-replay/configs/runtime-92d3aa20c19f6e36ddf6454cd4eea55f84dfaec2d4e7ab1ef73254252b27b2c8.json,mixed-docs-control,parse,9222.445772058825,8545.977618243243,1.0810528577469471,1.0611647568860323,1.0960489598442014,6,"[1.0829711430664044, 1.07913457242749]"
mixed--control--wiki-tea-plain-prose,/private/tmp/ferromark-v2-paragraph-B-feature-run.feature-scan-replay/configs/runtime-92d3aa20c19f6e36ddf6454cd4eea55f84dfaec2d4e7ab1ef73254252b27b2c8.json,mixed-docs-control,render,4079.707095906544,4151.35593235339,0.982369370391687,0.9622834159823015,1.0485976632287697,6,"[0.9625387312754925, 1.010743185495899]"
mixed--deflists--wiki-chess-article-body,/private/tmp/ferromark-v2-paragraph-B-feature-run.feature-scan-replay/configs/runtime-32091b4ab7e57b3d2d7c6a1c30555da0833951bc37fd6b40279af705ee9e38c4.json,mixed-docs-definition-lists,fresh,240571.1770833333,237707.4635416667,1.0134412007044655,0.9522992295871072,1.0550280703654358,6,"[1.0294009983093924, 0.9974814030995386]"
mixed--deflists--wiki-chess-article-body,/private/tmp/ferromark-v2-paragraph-B-feature-run.feature-scan-replay/configs/runtime-32091b4ab7e57b3d2d7c6a1c30555da0833951bc37fd6b40279af705ee9e38c4.json,mixed-docs-definition-lists,reuse,244383.6822916667,239658.4166666667,1.0246564738562616,0.9755745765345766,1.0452241119090526,6,"[1.0207859448365424, 1.0341948718933136]"
mixed--deflists--wiki-chess-article-body,/private/tmp/ferromark-v2-paragraph-B-feature-run.feature-scan-replay/configs/runtime-32091b4ab7e57b3d2d7c6a1c30555da0833951bc37fd6b40279af705ee9e38c4.json,mixed-docs-definition-lists,parse,162730.6328125,158763.34765625,1.0277146606491012,0.959528674886097,1.0582672680463985,6,"[1.024768663014252, 1.0306606582839506]"
mixed--deflists--wiki-chess-article-body,/private/tmp/ferromark-v2-paragraph-B-feature-run.feature-scan-replay/configs/runtime-32091b4ab7e57b3d2d7c6a1c30555da0833951bc37fd6b40279af705ee9e38c4.json,mixed-docs-definition-lists,render,60574.454545454544,59643.998579545456,1.0224522984511428,0.9717857408382974,1.045663120440353,6,"[1.0447203141937873, 1.0001842827084984]"
mixed--control--wiki-chess-article-body,/private/tmp/ferromark-v2-paragraph-B-feature-run.feature-scan-replay/configs/runtime-92d3aa20c19f6e36ddf6454cd4eea55f84dfaec2d4e7ab1ef73254252b27b2c8.json,mixed-docs-control,fresh,187458.0078125,186663.41015625,0.9936530992060217,0.9755504877432398,1.017253881995707,6,"[1.0029745603403966, 0.9758584833958291]"
mixed--control--wiki-chess-article-body,/private/tmp/ferromark-v2-paragraph-B-feature-run.feature-scan-replay/configs/runtime-92d3aa20c19f6e36ddf6454cd4eea55f84dfaec2d4e7ab1ef73254252b27b2c8.json,mixed-docs-control,reuse,189803.0625,184253.09375,1.033648888141946,0.977089765531821,1.0508457387660348,6,"[1.0438955782094848, 1.0249934323907786]"
mixed--control--wiki-chess-article-body,/private/tmp/ferromark-v2-paragraph-B-feature-run.feature-scan-replay/configs/runtime-92d3aa20c19f6e36ddf6454cd4eea55f84dfaec2d4e7ab1ef73254252b27b2c8.json,mixed-docs-control,parse,120536.78385416666,117848.19791666666,1.0187034496329068,0.9810448952291961,1.0606826955120325,6,"[1.0242240264541704, 1.0131828728116432]"
mixed--control--wiki-chess-article-body,/private/tmp/ferromark-v2-paragraph-B-feature-run.feature-scan-replay/configs/runtime-92d3aa20c19f6e36ddf6454cd4eea55f84dfaec2d4e7ab1ef73254252b27b2c8.json,mixed-docs-control,render,55434.08203125,54298.06901041667,1.0264914989190128,1.0007999828427936,1.0678995432020837,6,"[1.0224249656915199, 1.0305580321465055]"
diagnostic--definition-near-miss-punctuation,/private/tmp/ferromark-v2-paragraph-B-feature-run.feature-scan-replay/configs/runtime-952bd53aaa996fe4bc57828684b54cc7445e89a8940d8603c3d1f1597976555d.json,diagnostic,fresh,424.0921629848692,406.69923914964454,1.0399013757533362,1.0218071014396422,1.0593400604045908,6,"[1.056145159368132, 1.0340877513758995]"
diagnostic--definition-near-miss-punctuation,/private/tmp/ferromark-v2-paragraph-B-feature-run.feature-scan-replay/configs/runtime-952bd53aaa996fe4bc57828684b54cc7445e89a8940d8603c3d1f1597976555d.json,diagnostic,reuse,101.29878094985739,95.26638180152128,1.0581923832458826,1.055373002179424,1.0692581463461777,6,"[1.063892453888532, 1.0572611657697237]"
diagnostic--definition-near-miss-punctuation,/private/tmp/ferromark-v2-paragraph-B-feature-run.feature-scan-replay/configs/runtime-952bd53aaa996fe4bc57828684b54cc7445e89a8940d8603c3d1f1597976555d.json,diagnostic,parse,75.31960297786905,69.4907504162509,1.0826161516170472,1.0785691391769625,1.1064095189872787,6,"[1.079155670555845, 1.0933100506630398]"
diagnostic--definition-near-miss-punctuation,/private/tmp/ferromark-v2-paragraph-B-feature-run.feature-scan-replay/configs/runtime-952bd53aaa996fe4bc57828684b54cc7445e89a8940d8603c3d1f1597976555d.json,diagnostic,render,27.32107861850153,27.049377909726445,1.0126510480607802,0.9895647086175857,1.0272406258357294,6,"[1.0211437597200375, 1.0060209416454198]"
diagnostic--definition-near-miss-indented,/private/tmp/ferromark-v2-paragraph-B-feature-run.feature-scan-replay/configs/runtime-952bd53aaa996fe4bc57828684b54cc7445e89a8940d8603c3d1f1597976555d.json,diagnostic,fresh,639.1104991782036,623.1118588848423,1.0249140832853163,1.0110788855931396,1.0444496064958122,6,"[1.0196370834305108, 1.0283388209526765]"
diagnostic--definition-near-miss-indented,/private/tmp/ferromark-v2-paragraph-B-feature-run.feature-scan-replay/configs/runtime-952bd53aaa996fe4bc57828684b54cc7445e89a8940d8603c3d1f1597976555d.json,diagnostic,reuse,264.24331872843857,255.39999316877203,1.0331963922912093,1.0193095887815888,1.0444624304803007,6,"[1.038779645257928, 1.0328531781464396]"
diagnostic--definition-near-miss-indented,/private/tmp/ferromark-v2-paragraph-B-feature-run.feature-scan-replay/configs/runtime-952bd53aaa996fe4bc57828684b54cc7445e89a8940d8603c3d1f1597976555d.json,diagnostic,parse,224.3222847140977,214.13625505369885,1.048186473454435,1.0325804803694458,1.0578990156190795,6,"[1.049547375564835, 1.0468255713440349]"
diagnostic--definition-near-miss-indented,/private/tmp/ferromark-v2-paragraph-B-feature-run.feature-scan-replay/configs/runtime-952bd53aaa996fe4bc57828684b54cc7445e89a8940d8603c3d1f1597976555d.json,diagnostic,render,42.27773460208086,42.685686350527845,0.987656203994025,0.9837979528403398,0.9969918773578981,6,"[0.9885807925482887, 0.9867316154397613]"
diagnostic--definition-near-miss-blank,/private/tmp/ferromark-v2-paragraph-B-feature-run.feature-scan-replay/configs/runtime-952bd53aaa996fe4bc57828684b54cc7445e89a8940d8603c3d1f1597976555d.json,diagnostic,fresh,641.3079187683901,616.7792776873273,1.0417255264712209,1.0033598993976618,1.061784591818875,6,"[1.0401808867324118, 1.0432701662100297]"
diagnostic--definition-near-miss-blank,/private/tmp/ferromark-v2-paragraph-B-feature-run.feature-scan-replay/configs/runtime-952bd53aaa996fe4bc57828684b54cc7445e89a8940d8603c3d1f1597976555d.json,diagnostic,reuse,261.92174084995554,254.08933157188588,1.0294928306086681,1.018822103269576,1.061204920484767,6,"[1.0236146187974944, 1.032585548716984]"
diagnostic--definition-near-miss-blank,/private/tmp/ferromark-v2-paragraph-B-feature-run.feature-scan-replay/configs/runtime-952bd53aaa996fe4bc57828684b54cc7445e89a8940d8603c3d1f1597976555d.json,diagnostic,parse,226.1927484160476,217.2101543171701,1.0454582923858455,1.0304732368611502,1.0477908531177282,6,"[1.0467380707730047, 1.0448536371611343]"
diagnostic--definition-near-miss-blank,/private/tmp/ferromark-v2-paragraph-B-feature-run.feature-scan-replay/configs/runtime-952bd53aaa996fe4bc57828684b54cc7445e89a8940d8603c3d1f1597976555d.json,diagnostic,render,37.53778311508962,37.402950387264056,1.0051604647485652,0.9851284648747151,1.0191876618263662,6,"[1.0070215177141257, 0.9994503288248098]"
diagnostic--definition-late-after-prose,/private/tmp/ferromark-v2-paragraph-B-feature-run.feature-scan-replay/configs/runtime-952bd53aaa996fe4bc57828684b54cc7445e89a8940d8603c3d1f1597976555d.json,diagnostic,fresh,1433.2721708186805,1344.5570913461538,1.0677694617808753,1.049564386378267,1.072579923425421,6,"[1.0620305280294686, 1.067902893456884]"
diagnostic--definition-late-after-prose,/private/tmp/ferromark-v2-paragraph-B-feature-run.feature-scan-replay/configs/runtime-952bd53aaa996fe4bc57828684b54cc7445e89a8940d8603c3d1f1597976555d.json,diagnostic,reuse,1099.82441897568,1030.29005354201,1.0639913597088708,1.0477461551800373,1.0871385706077656,6,"[1.0637659601072529, 1.0642167593104888]"
diagnostic--definition-late-after-prose,/private/tmp/ferromark-v2-paragraph-B-feature-run.feature-scan-replay/configs/runtime-952bd53aaa996fe4bc57828684b54cc7445e89a8940d8603c3d1f1597976555d.json,diagnostic,parse,903.2275584407764,834.6924357008705,1.0798509953827167,1.0669860196101488,1.1127604150448858,6,"[1.0838108488252067, 1.0758911419402268]"
diagnostic--definition-late-after-prose,/private/tmp/ferromark-v2-paragraph-B-feature-run.feature-scan-replay/configs/runtime-952bd53aaa996fe4bc57828684b54cc7445e89a8940d8603c3d1f1597976555d.json,diagnostic,render,188.27801765706948,185.88453547224412,1.0119612802110698,0.9990037296276869,1.0276365319309877,6,"[1.0076350904482092, 1.0127561948833608]"
diagnostic--definition-late-after-list,/private/tmp/ferromark-v2-paragraph-B-feature-run.feature-scan-replay/configs/runtime-952bd53aaa996fe4bc57828684b54cc7445e89a8940d8603c3d1f1597976555d.json,diagnostic,fresh,2024.713481639524,2020.1714654288808,1.0037106827972717,0.9955870358903185,1.009890849921267,6,"[1.009050406641062, 1.000320442109239]"
diagnostic--definition-late-after-list,/private/tmp/ferromark-v2-paragraph-B-feature-run.feature-scan-replay/configs/runtime-952bd53aaa996fe4bc57828684b54cc7445e89a8940d8603c3d1f1597976555d.json,diagnostic,reuse,1650.5418040897098,1632.862797052424,1.011532649047271,0.9935854062189111,1.0234976433030663,6,"[1.0099137834876475, 1.0131515146068941]"
diagnostic--definition-late-after-list,/private/tmp/ferromark-v2-paragraph-B-feature-run.feature-scan-replay/configs/runtime-952bd53aaa996fe4bc57828684b54cc7445e89a8940d8603c3d1f1597976555d.json,diagnostic,parse,1287.0157169614715,1273.4313434157639,1.0106763908199845,0.9949183245455351,1.023383101280714,6,"[1.0196737740284794, 1.0033932905484597]"
diagnostic--definition-late-after-list,/private/tmp/ferromark-v2-paragraph-B-feature-run.feature-scan-replay/configs/runtime-952bd53aaa996fe4bc57828684b54cc7445e89a8940d8603c3d1f1597976555d.json,diagnostic,render,346.8593411337479,345.19605124873533,1.0008053770088443,0.9957618997980329,1.0133626515376033,6,"[1.0036017646272521, 0.9980089893904363]"
diagnostic--definition-nested-list,/private/tmp/ferromark-v2-paragraph-B-feature-run.feature-scan-replay/configs/runtime-952bd53aaa996fe4bc57828684b54cc7445e89a8940d8603c3d1f1597976555d.json,diagnostic,fresh,1248.789155876494,1224.5329317514677,1.0191333083300749,1.0086060561448646,1.0346612362049865,6,"[1.0112645955492232, 1.021770262507181]"
diagnostic--definition-nested-list,/private/tmp/ferromark-v2-paragraph-B-feature-run.feature-scan-replay/configs/runtime-952bd53aaa996fe4bc57828684b54cc7445e89a8940d8603c3d1f1597976555d.json,diagnostic,reuse,937.4798179089034,915.8970969092733,1.00474277152753,0.8671320326913279,1.1966389284891246,6,"[0.9829014855265876, 1.0165011288857895]"
diagnostic--definition-nested-list,/private/tmp/ferromark-v2-paragraph-B-feature-run.feature-scan-replay/configs/runtime-952bd53aaa996fe4bc57828684b54cc7445e89a8940d8603c3d1f1597976555d.json,diagnostic,parse,759.4277692644725,741.8072320743831,1.0242486604756929,1.015944512302072,1.0367996198665501,6,"[1.03345098681947, 1.0165263329682288]"
diagnostic--definition-nested-list,/private/tmp/ferromark-v2-paragraph-B-feature-run.feature-scan-replay/configs/runtime-952bd53aaa996fe4bc57828684b54cc7445e89a8940d8603c3d1f1597976555d.json,diagnostic,render,86.07552061170894,86.2889631256491,0.9917478018915009,0.9791025127594977,1.020892945779439,6,"[0.9886742314735004, 0.9972805220927881]"
diagnostic--definition-nested-quote,/private/tmp/ferromark-v2-paragraph-B-feature-run.feature-scan-replay/configs/runtime-952bd53aaa996fe4bc57828684b54cc7445e89a8940d8603c3d1f1597976555d.json,diagnostic,fresh,740.4885163764758,725.3176220979196,1.0189073619920324,1.0030572974134557,1.0405931430648727,6,"[1.0175344799741275, 1.020280244009937]"
diagnostic--definition-nested-quote,/private/tmp/ferromark-v2-paragraph-B-feature-run.feature-scan-replay/configs/runtime-952bd53aaa996fe4bc57828684b54cc7445e89a8940d8603c3d1f1597976555d.json,diagnostic,reuse,370.0776859441121,360.6992651384915,1.0210933808519722,1.0103485281032958,1.0373480471145622,6,"[1.0243895258412128, 1.01891187830758]"
diagnostic--definition-nested-quote,/private/tmp/ferromark-v2-paragraph-B-feature-run.feature-scan-replay/configs/runtime-952bd53aaa996fe4bc57828684b54cc7445e89a8940d8603c3d1f1597976555d.json,diagnostic,parse,317.66088539064526,306.8615838918955,1.034059988911304,1.0203433050162576,1.0418067620732236,6,"[1.034192530332777, 1.020931008661366]"
diagnostic--definition-nested-quote,/private/tmp/ferromark-v2-paragraph-B-feature-run.feature-scan-replay/configs/runtime-952bd53aaa996fe4bc57828684b54cc7445e89a8940d8603c3d1f1597976555d.json,diagnostic,render,47.29774582883768,47.63017244758289,1.0002774781781927,0.989236904822005,1.0160137516690857,6,"[1.0049671471784583, 0.9924817223707918]"
diagnostic--definition-fenced-lookalike,/private/tmp/ferromark-v2-paragraph-B-feature-run.feature-scan-replay/configs/runtime-952bd53aaa996fe4bc57828684b54cc7445e89a8940d8603c3d1f1597976555d.json,diagnostic,fresh,717.1934781756365,699.9316565518019,1.027056454189402,1.0030162341687605,1.057148738684333,6,"[1.0405509412569656, 1.0158845061999968]"
diagnostic--definition-fenced-lookalike,/private/tmp/ferromark-v2-paragraph-B-feature-run.feature-scan-replay/configs/runtime-952bd53aaa996fe4bc57828684b54cc7445e89a8940d8603c3d1f1597976555d.json,diagnostic,reuse,326.87142106661815,320.95494256477207,1.0186010975864324,1.0030208264858014,1.0448230511370278,6,"[1.0102615666294146, 1.0241040241449322]"
diagnostic--definition-fenced-lookalike,/private/tmp/ferromark-v2-paragraph-B-feature-run.feature-scan-replay/configs/runtime-952bd53aaa996fe4bc57828684b54cc7445e89a8940d8603c3d1f1597976555d.json,diagnostic,parse,267.1146930031639,257.5128866972284,1.0366262878289478,1.0294321784478644,1.0496129984451708,6,"[1.0398544089151065, 1.0333981667427894]"
diagnostic--definition-fenced-lookalike,/private/tmp/ferromark-v2-paragraph-B-feature-run.feature-scan-replay/configs/runtime-952bd53aaa996fe4bc57828684b54cc7445e89a8940d8603c3d1f1597976555d.json,diagnostic,render,62.365087036652895,62.95323202001162,0.9922639233420663,0.9811187072641309,1.0053628588972923,6,"[0.9826664930480952, 0.9991201806631577]"
diagnostic--comment-inline-lookalike,/private/tmp/ferromark-v2-paragraph-B-feature-run.feature-scan-replay/configs/runtime-85adaf6f20609bb1f898fcfaa050e313ebaf9d72e313e8a4e4a3ef2a94f6222b.json,diagnostic,fresh,423.5708067609946,406.4747846228869,1.044539699213856,1.0068385938710662,1.0626874738589869,6,"[1.0084783604851888, 1.0548257607991658]"
diagnostic--comment-inline-lookalike,/private/tmp/ferromark-v2-paragraph-B-feature-run.feature-scan-replay/configs/runtime-85adaf6f20609bb1f898fcfaa050e313ebaf9d72e313e8a4e4a3ef2a94f6222b.json,diagnostic,reuse,91.2575225281179,85.72493982615039,1.0628658283373933,1.0561536472408584,1.077253786772761,6,"[1.063383821628549, 1.0623478350462374]"
diagnostic--comment-inline-lookalike,/private/tmp/ferromark-v2-paragraph-B-feature-run.feature-scan-replay/configs/runtime-85adaf6f20609bb1f898fcfaa050e313ebaf9d72e313e8a4e4a3ef2a94f6222b.json,diagnostic,parse,64.52024202062461,59.538037254681846,1.0837858275009524,1.0558675725241646,1.113465432008039,6,"[1.0797683496134622, 1.085444655384848]"
diagnostic--comment-inline-lookalike,/private/tmp/ferromark-v2-paragraph-B-feature-run.feature-scan-replay/configs/runtime-85adaf6f20609bb1f898fcfaa050e313ebaf9d72e313e8a4e4a3ef2a94f6222b.json,diagnostic,render,28.133065466533708,28.251778087602787,0.9994394361732495,0.9807165395570785,1.0083365483892819,6,"[0.9828983021423415, 1.0019151259625638]"
diagnostic--comment-indented,/private/tmp/ferromark-v2-paragraph-B-feature-run.feature-scan-replay/configs/runtime-85adaf6f20609bb1f898fcfaa050e313ebaf9d72e313e8a4e4a3ef2a94f6222b.json,diagnostic,fresh,477.87804716209877,470.62258424488584,1.0187116564307188,0.9926030092503177,1.030160464463183,6,"[1.0183610526630196, 1.019062260198418]"
diagnostic--comment-indented,/private/tmp/ferromark-v2-paragraph-B-feature-run.feature-scan-replay/configs/runtime-85adaf6f20609bb1f898fcfaa050e313ebaf9d72e313e8a4e4a3ef2a94f6222b.json,diagnostic,reuse,159.25297291659865,161.24807270646303,0.9894688767369548,0.9779758774679389,0.997883994049126,6,"[0.9835384296421142, 0.9955418160858812]"
diagnostic--comment-indented,/private/tmp/ferromark-v2-paragraph-B-feature-run.feature-scan-replay/configs/runtime-85adaf6f20609bb1f898fcfaa050e313ebaf9d72e313e8a4e4a3ef2a94f6222b.json,diagnostic,parse,130.06436223763467,131.44375936372614,0.9810292022433481,0.968709051820808,0.9933726682673565,6,"[0.9812262187505894, 0.9808321857361069]"
diagnostic--comment-indented,/private/tmp/ferromark-v2-paragraph-B-feature-run.feature-scan-replay/configs/runtime-85adaf6f20609bb1f898fcfaa050e313ebaf9d72e313e8a4e4a3ef2a94f6222b.json,diagnostic,render,28.959585100458966,29.185728491265735,0.994015125453371,0.9679780004641234,1.0007465840345715,6,"[1.0000207996963244, 0.9885445733074345]"
diagnostic--comment-fenced,/private/tmp/ferromark-v2-paragraph-B-feature-run.feature-scan-replay/configs/runtime-85adaf6f20609bb1f898fcfaa050e313ebaf9d72e313e8a4e4a3ef2a94f6222b.json,diagnostic,fresh,489.81057736122614,485.57721661478047,1.0063853855484917,0.9967887663105067,1.035048863679287,6,"[1.0035205856023115, 1.0079268577750884]"
diagnostic--comment-fenced,/private/tmp/ferromark-v2-paragraph-B-feature-run.feature-scan-replay/configs/runtime-85adaf6f20609bb1f898fcfaa050e313ebaf9d72e313e8a4e4a3ef2a94f6222b.json,diagnostic,reuse,169.00121966856045,160.00398775835305,1.0562371931812806,1.042810823319662,1.0820478071905042,6,"[1.0542479898153623, 1.0582263965471987]"
diagnostic--comment-fenced,/private/tmp/ferromark-v2-paragraph-B-feature-run.feature-scan-replay/configs/runtime-85adaf6f20609bb1f898fcfaa050e313ebaf9d72e313e8a4e4a3ef2a94f6222b.json,diagnostic,parse,113.8360821467902,108.51321822361962,1.0473705559685014,1.022327074255302,1.0650484683873929,6,"[1.0479293001113528, 1.0378665479154043]"
diagnostic--comment-fenced,/private/tmp/ferromark-v2-paragraph-B-feature-run.feature-scan-replay/configs/runtime-85adaf6f20609bb1f898fcfaa050e313ebaf9d72e313e8a4e4a3ef2a94f6222b.json,diagnostic,render,52.373522268107976,52.28076445843997,1.0029140369370118,0.9939509205411987,1.0075869672817361,6,"[1.0034067025107796, 1.002421371363244]"
diagnostic--comment-quote,/private/tmp/ferromark-v2-paragraph-B-feature-run.feature-scan-replay/configs/runtime-85adaf6f20609bb1f898fcfaa050e313ebaf9d72e313e8a4e4a3ef2a94f6222b.json,diagnostic,fresh,518.1922112198265,510.77330709001785,1.0134949199316292,0.999602259648939,1.0166500380325687,6,"[1.0121289597441625, 1.014860880119096]"
diagnostic--comment-quote,/private/tmp/ferromark-v2-paragraph-B-feature-run.feature-scan-replay/configs/runtime-85adaf6f20609bb1f898fcfaa050e313ebaf9d72e313e8a4e4a3ef2a94f6222b.json,diagnostic,reuse,198.45163880261532,192.44714667192562,1.0387129263885235,1.0228874522098408,1.0482058749384284,6,"[1.0429980498391807, 1.0232470544652892]"
diagnostic--comment-quote,/private/tmp/ferromark-v2-paragraph-B-feature-run.feature-scan-replay/configs/runtime-85adaf6f20609bb1f898fcfaa050e313ebaf9d72e313e8a4e4a3ef2a94f6222b.json,diagnostic,parse,159.57689217703768,152.79912261034866,1.049416410943631,1.0085281021503392,1.0600662753771268,6,"[1.0445221276477892, 1.0523294993775525]"
diagnostic--comment-quote,/private/tmp/ferromark-v2-paragraph-B-feature-run.feature-scan-replay/configs/runtime-85adaf6f20609bb1f898fcfaa050e313ebaf9d72e313e8a4e4a3ef2a94f6222b.json,diagnostic,render,35.75389655851557,35.6509501751763,0.9980819595541819,0.9914795250863216,1.0109926695501543,6,"[0.994987737300557, 1.0044567314604493]"
diagnostic--comment-url-path,/private/tmp/ferromark-v2-paragraph-B-feature-run.feature-scan-replay/configs/runtime-9b571765aa93c17d75e0d9a9e5c25e62650d2a2b683df5d8a5741be1450c1809.json,diagnostic,fresh,625.867323617073,600.8048998021512,1.042579936264309,0.9838323240857284,1.0578913380279196,6,"[1.0466707854103248, 1.038489087118293]"
diagnostic--comment-url-path,/private/tmp/ferromark-v2-paragraph-B-feature-run.feature-scan-replay/configs/runtime-9b571765aa93c17d75e0d9a9e5c25e62650d2a2b683df5d8a5741be1450c1809.json,diagnostic,reuse,230.2604291306889,221.78166431760025,1.033204042541359,1.0249989267929387,1.0505205120229657,6,"[1.0353465581723738, 1.0310615269103438]"
diagnostic--comment-url-path,/private/tmp/ferromark-v2-paragraph-B-feature-run.feature-scan-replay/configs/runtime-9b571765aa93c17d75e0d9a9e5c25e62650d2a2b683df5d8a5741be1450c1809.json,diagnostic,parse,168.583682037706,159.5573842981613,1.0536375665782156,1.036519570907919,1.0612606965411817,6,"[1.0519163795931399, 1.055142448080006]"
diagnostic--comment-url-path,/private/tmp/ferromark-v2-paragraph-B-feature-run.feature-scan-replay/configs/runtime-9b571765aa93c17d75e0d9a9e5c25e62650d2a2b683df5d8a5741be1450c1809.json,diagnostic,render,67.61348470186795,67.43083380928128,1.0059734043153767,0.9869211313388545,1.023103116058274,6,"[1.0014149796047198, 1.0150347371324697]"
diagnostic--comment-url-query,/private/tmp/ferromark-v2-paragraph-B-feature-run.feature-scan-replay/configs/runtime-85adaf6f20609bb1f898fcfaa050e313ebaf9d72e313e8a4e4a3ef2a94f6222b.json,diagnostic,fresh,631.9480889372746,614.9170896591606,1.0309181279515989,0.9999520803499103,1.0380811318472312,6,"[1.0290979770873419, 1.032738278815856]"
diagnostic--comment-url-query,/private/tmp/ferromark-v2-paragraph-B-feature-run.feature-scan-replay/configs/runtime-85adaf6f20609bb1f898fcfaa050e313ebaf9d72e313e8a4e4a3ef2a94f6222b.json,diagnostic,reuse,299.70413608449894,292.1001993288731,1.0252128334841992,1.0148395647704613,1.0439616578146722,6,"[1.0222196319471586, 1.0282060350212396]"
diagnostic--comment-url-query,/private/tmp/ferromark-v2-paragraph-B-feature-run.feature-scan-replay/configs/runtime-85adaf6f20609bb1f898fcfaa050e313ebaf9d72e313e8a4e4a3ef2a94f6222b.json,diagnostic,parse,238.21726617840415,232.7662534786208,1.0245527212807843,1.0195837020997696,1.0308427877409854,6,"[1.0263003026900257, 1.0223805489621942]"
diagnostic--comment-url-query,/private/tmp/ferromark-v2-paragraph-B-feature-run.feature-scan-replay/configs/runtime-85adaf6f20609bb1f898fcfaa050e313ebaf9d72e313e8a4e4a3ef2a94f6222b.json,diagnostic,render,60.99012527783721,61.078441412306404,1.0004224723212025,0.9821110009916115,1.0140644281926559,6,"[0.9950552565761568, 1.0057896880662482]"
diagnostic--comment-email,/private/tmp/ferromark-v2-paragraph-B-feature-run.feature-scan-replay/configs/runtime-9b571765aa93c17d75e0d9a9e5c25e62650d2a2b683df5d8a5741be1450c1809.json,diagnostic,fresh,599.4998688063498,577.1946573336458,1.036682536516364,1.0087257150696534,1.0637498350143566,6,"[1.0577968946033303, 1.0319442542469985]"
diagnostic--comment-email,/private/tmp/ferromark-v2-paragraph-B-feature-run.feature-scan-replay/configs/runtime-9b571765aa93c17d75e0d9a9e5c25e62650d2a2b683df5d8a5741be1450c1809.json,diagnostic,reuse,218.45462898615324,207.85066031820065,1.0403131750865304,1.0163018912460982,1.0648417471342553,6,"[1.0435428770707658, 1.0370834731022949]"
diagnostic--comment-email,/private/tmp/ferromark-v2-paragraph-B-feature-run.feature-scan-replay/configs/runtime-9b571765aa93c17d75e0d9a9e5c25e62650d2a2b683df5d8a5741be1450c1809.json,diagnostic,parse,152.92294404621538,144.03047428924424,1.0617492846575391,1.0486272804456223,1.0751733304611752,6,"[1.0613891459391271, 1.0621094233759514]"
diagnostic--comment-email,/private/tmp/ferromark-v2-paragraph-B-feature-run.feature-scan-replay/configs/runtime-9b571765aa93c17d75e0d9a9e5c25e62650d2a2b683df5d8a5741be1450c1809.json,diagnostic,render,66.77847201811227,66.5743455726049,1.001499939861971,0.9945435794804979,1.0123393414889867,6,"[0.9974936018046664, 1.0068572327839498]"
diagnostic--definition-crlf,/private/tmp/ferromark-v2-paragraph-B-feature-run.feature-scan-replay/configs/runtime-952bd53aaa996fe4bc57828684b54cc7445e89a8940d8603c3d1f1597976555d.json,diagnostic,fresh,709.8693750547573,685.7403903985366,1.0380299973852383,1.0228752201116482,1.0512761403423134,6,"[1.0287241008761014, 1.0413469092408387]"
diagnostic--definition-crlf,/private/tmp/ferromark-v2-paragraph-B-feature-run.feature-scan-replay/configs/runtime-952bd53aaa996fe4bc57828684b54cc7445e89a8940d8603c3d1f1597976555d.json,diagnostic,reuse,348.25482174341647,326.1271623958336,1.0708275575874147,1.0569760066296812,1.124721369885498,6,"[1.0767832832659607, 1.0648718319088686]"
diagnostic--definition-crlf,/private/tmp/ferromark-v2-paragraph-B-feature-run.feature-scan-replay/configs/runtime-952bd53aaa996fe4bc57828684b54cc7445e89a8940d8603c3d1f1597976555d.json,diagnostic,parse,295.4291538049989,276.9875243489523,1.0678231420608921,1.057202833264642,1.0823444585990625,6,"[1.0772240951761427, 1.0607452888881874]"
diagnostic--definition-crlf,/private/tmp/ferromark-v2-paragraph-B-feature-run.feature-scan-replay/configs/runtime-952bd53aaa996fe4bc57828684b54cc7445e89a8940d8603c3d1f1597976555d.json,diagnostic,render,51.69618040350036,51.937317225016436,0.9929502716638696,0.9726366257240595,1.0006578117353144,6,"[0.9877997067910825, 0.9987496305520026]"
diagnostic--definition-bom,/private/tmp/ferromark-v2-paragraph-B-feature-run.feature-scan-replay/configs/runtime-952bd53aaa996fe4bc57828684b54cc7445e89a8940d8603c3d1f1597976555d.json,diagnostic,fresh,665.0490554765754,646.1570192011845,1.0251992226015374,1.011573633477431,1.0635357121176217,6,"[1.0253474116418513, 1.024044391803729]"
diagnostic--definition-bom,/private/tmp/ferromark-v2-paragraph-B-feature-run.feature-scan-replay/configs/runtime-952bd53aaa996fe4bc57828684b54cc7445e89a8940d8603c3d1f1597976555d.json,diagnostic,reuse,283.48422593610485,276.4230495294428,1.026000707969215,1.019789109992884,1.0366569438144748,6,"[1.030557768958331, 1.021443646980099]"
diagnostic--definition-bom,/private/tmp/ferromark-v2-paragraph-B-feature-run.feature-scan-replay/configs/runtime-952bd53aaa996fe4bc57828684b54cc7445e89a8940d8603c3d1f1597976555d.json,diagnostic,parse,247.17096841837778,237.535645717686,1.0407341271379433,1.02968007014502,1.0474732144527457,6,"[1.0397377703573532, 1.0417304839185333]"
diagnostic--definition-bom,/private/tmp/ferromark-v2-paragraph-B-feature-run.feature-scan-replay/configs/runtime-952bd53aaa996fe4bc57828684b54cc7445e89a8940d8603c3d1f1597976555d.json,diagnostic,render,40.91298584233684,41.04251604610847,0.9958960119153406,0.9873296161303865,0.9980219122169073,6,"[0.9977686381238146, 0.9954452168976531]"
diagnostic--definition-span-sensitive,/private/tmp/ferromark-v2-paragraph-B-feature-run.feature-scan-replay/configs/runtime-81b932ce375744de2bb80c2092b3f6ba28c4808f0fbb3f49ecc8e4b1300c4b78.json,diagnostic,fresh,1026.6013840354624,1003.9919241573034,1.0198657905805673,1.0023381795310546,1.0413776045563683,6,"[1.0204337503598353, 1.0150552316421573]"
diagnostic--definition-span-sensitive,/private/tmp/ferromark-v2-paragraph-B-feature-run.feature-scan-replay/configs/runtime-81b932ce375744de2bb80c2092b3f6ba28c4808f0fbb3f49ecc8e4b1300c4b78.json,diagnostic,reuse,539.3642032523942,534.5729037118072,1.0084113168106676,0.9984771762913394,1.0201798405234999,6,"[1.0062001241982377, 1.0106225094230976]"
diagnostic--definition-span-sensitive,/private/tmp/ferromark-v2-paragraph-B-feature-run.feature-scan-replay/configs/runtime-81b932ce375744de2bb80c2092b3f6ba28c4808f0fbb3f49ecc8e4b1300c4b78.json,diagnostic,parse,346.3483203332181,337.62708801164626,1.0247607530476635,1.0209685747593231,1.0414698423795445,6,"[1.0238919575940366, 1.0256295485012905]"
diagnostic--definition-span-sensitive,/private/tmp/ferromark-v2-paragraph-B-feature-run.feature-scan-replay/configs/runtime-81b932ce375744de2bb80c2092b3f6ba28c4808f0fbb3f49ecc8e4b1300c4b78.json,diagnostic,render,194.27476900457225,195.8021907023674,0.9941759465929522,0.9644796237831618,1.0221500142051338,6,"[0.9751490527621123, 0.994516344706282]"
diagnostic--comment-span-sensitive,/private/tmp/ferromark-v2-paragraph-B-feature-run.feature-scan-replay/configs/runtime-4aa832915e7c5b2ae041e9aaf6c0081d8c11b10c8ca3bc243d5c5b70a728cd8c.json,diagnostic,fresh,596.120885128129,581.8308394639687,1.0204275913204262,1.0106311325033215,1.0489532751806998,6,"[1.0185288585689378, 1.0223263240719143]"
diagnostic--comment-span-sensitive,/private/tmp/ferromark-v2-paragraph-B-feature-run.feature-scan-replay/configs/runtime-4aa832915e7c5b2ae041e9aaf6c0081d8c11b10c8ca3bc243d5c5b70a728cd8c.json,diagnostic,reuse,179.567245350885,167.12371895203864,1.0722763825807131,1.0574778381469832,1.0878218257569725,6,"[1.0743692661165924, 1.0701834990448338]"
diagnostic--comment-span-sensitive,/private/tmp/ferromark-v2-paragraph-B-feature-run.feature-scan-replay/configs/runtime-4aa832915e7c5b2ae041e9aaf6c0081d8c11b10c8ca3bc243d5c5b70a728cd8c.json,diagnostic,parse,97.90960210619312,87.24381617623494,1.1222546152639161,1.0962948794507457,1.135790586402706,6,"[1.124844879413515, 1.1196643511143172]"
diagnostic--comment-span-sensitive,/private/tmp/ferromark-v2-paragraph-B-feature-run.feature-scan-replay/configs/runtime-4aa832915e7c5b2ae041e9aaf6c0081d8c11b10c8ca3bc243d5c5b70a728cd8c.json,diagnostic,render,80.86321764283882,80.64290293187975,1.0067818442925638,0.9994300878688634,1.0132894977741642,6,"[1.0092942456609948, 1.0042694429241328]"
diagnostic--late-definition-prose-4096,/private/tmp/ferromark-v2-paragraph-B-feature-run.feature-scan-replay/configs/runtime-952bd53aaa996fe4bc57828684b54cc7445e89a8940d8603c3d1f1597976555d.json,diagnostic-late-definition,fresh,4204.6520441834455,4055.1762156030145,1.0367302835077057,1.0216919298201905,1.0667166407970878,6,"[1.0469900084404946, 1.0320005365614622]"
diagnostic--late-definition-prose-4096,/private/tmp/ferromark-v2-paragraph-B-feature-run.feature-scan-replay/configs/runtime-952bd53aaa996fe4bc57828684b54cc7445e89a8940d8603c3d1f1597976555d.json,diagnostic-late-definition,reuse,3851.0934998316625,3670.068022768318,1.0527755861318773,1.0152863427497671,1.0684247565426306,6,"[1.037630673745967, 1.060525232941916]"
diagnostic--late-definition-prose-4096,/private/tmp/ferromark-v2-paragraph-B-feature-run.feature-scan-replay/configs/runtime-952bd53aaa996fe4bc57828684b54cc7445e89a8940d8603c3d1f1597976555d.json,diagnostic-late-definition,parse,3244.8206994103266,3101.9272487745097,1.0506894909411808,1.0335725571985006,1.0618985495467772,6,"[1.0506695259701726, 1.050709455912189]"
diagnostic--late-definition-prose-4096,/private/tmp/ferromark-v2-paragraph-B-feature-run.feature-scan-replay/configs/runtime-952bd53aaa996fe4bc57828684b54cc7445e89a8940d8603c3d1f1597976555d.json,diagnostic-late-definition,render,560.0742129277738,560.2323149547312,1.0016048191088318,0.9824716822914054,1.0075008093346633,6,"[1.003634110910561, 0.9995755273071026]"
diagnostic--url-colon-definitions-4096,/private/tmp/ferromark-v2-paragraph-B-feature-run.feature-scan-replay/configs/runtime-952bd53aaa996fe4bc57828684b54cc7445e89a8940d8603c3d1f1597976555d.json,diagnostic-url-colon,fresh,20899.12318548387,20453.755040322583,1.0195894000438415,1.0130079786411377,1.0376099058054762,6,"[1.0312831852533106, 1.017088027421883]"
diagnostic--url-colon-definitions-4096,/private/tmp/ferromark-v2-paragraph-B-feature-run.feature-scan-replay/configs/runtime-952bd53aaa996fe4bc57828684b54cc7445e89a8940d8603c3d1f1597976555d.json,diagnostic-url-colon,reuse,20351.22681451613,19911.376953125,1.018425757980887,1.0068272800434086,1.028800316920315,6,"[1.00966776453419, 1.0236366507042005]"
diagnostic--url-colon-definitions-4096,/private/tmp/ferromark-v2-paragraph-B-feature-run.feature-scan-replay/configs/runtime-952bd53aaa996fe4bc57828684b54cc7445e89a8940d8603c3d1f1597976555d.json,diagnostic-url-colon,parse,18713.675551470587,18423.424514180675,1.0151523884670424,0.9880710999495671,1.055659710303739,6,"[1.0049377678830225, 1.0205833201001189]"
diagnostic--url-colon-definitions-4096,/private/tmp/ferromark-v2-paragraph-B-feature-run.feature-scan-replay/configs/runtime-952bd53aaa996fe4bc57828684b54cc7445e89a8940d8603c3d1f1597976555d.json,diagnostic-url-colon,render,1596.7575105602832,1607.3310730976614,0.9942686445336049,0.9673392909406422,1.0023966619348317,6,"[0.9919477751942922, 0.9965895138729174]"
diagnostic--indented-definition-body-4096,/private/tmp/ferromark-v2-paragraph-B-feature-run.feature-scan-replay/configs/runtime-952bd53aaa996fe4bc57828684b54cc7445e89a8940d8603c3d1f1597976555d.json,diagnostic-indented-definition-body,fresh,9917.85693359375,9903.218505859375,1.0038161127669556,0.9908051124407172,1.033801804353869,6,"[0.9956879444748392, 1.0150155451312042]"
diagnostic--indented-definition-body-4096,/private/tmp/ferromark-v2-paragraph-B-feature-run.feature-scan-replay/configs/runtime-952bd53aaa996fe4bc57828684b54cc7445e89a8940d8603c3d1f1597976555d.json,diagnostic-indented-definition-body,reuse,9617.167850378788,9540.542140151516,1.0074700318895826,0.9917035161052373,1.0133502835436847,6,"[1.0074460700433323, 1.0074939937358327]"
diagnostic--indented-definition-body-4096,/private/tmp/ferromark-v2-paragraph-B-feature-run.feature-scan-replay/configs/runtime-952bd53aaa996fe4bc57828684b54cc7445e89a8940d8603c3d1f1597976555d.json,diagnostic-indented-definition-body,parse,9232.986672794117,9288.526424632353,0.9934300728876558,0.983590976102602,1.0109869157989528,6,"[1.0002703453598338, 0.9891222521791809]"
diagnostic--indented-definition-body-4096,/private/tmp/ferromark-v2-paragraph-B-feature-run.feature-scan-replay/configs/runtime-952bd53aaa996fe4bc57828684b54cc7445e89a8940d8603c3d1f1597976555d.json,diagnostic-indented-definition-body,render,240.3868029712841,240.63248347645248,0.9991568042701451,0.9890948166878581,1.003254095040315,6,"[0.9973004248234644, 1.0010131837168257]"
diagnostic--multiline-definition-terms-4096,/private/tmp/ferromark-v2-paragraph-B-feature-run.feature-scan-replay/configs/runtime-952bd53aaa996fe4bc57828684b54cc7445e89a8940d8603c3d1f1597976555d.json,diagnostic-multiline-definition-terms,fresh,7597.7112198795185,7538.326078869048,1.0046980853041316,0.9891069871369284,1.0238051102843766,6,"[1.0069305763370888, 1.0024655942711742]"
diagnostic--multiline-definition-terms-4096,/private/tmp/ferromark-v2-paragraph-B-feature-run.feature-scan-replay/configs/runtime-952bd53aaa996fe4bc57828684b54cc7445e89a8940d8603c3d1f1597976555d.json,diagnostic-multiline-definition-terms,reuse,7066.501228932584,7083.077247191011,0.9974538671256181,0.9788132839770638,1.007151094665595,6,"[0.9969943899246752, 0.9979133443265611]"
diagnostic--multiline-definition-terms-4096,/private/tmp/ferromark-v2-paragraph-B-feature-run.feature-scan-replay/configs/runtime-952bd53aaa996fe4bc57828684b54cc7445e89a8940d8603c3d1f1597976555d.json,diagnostic-multiline-definition-terms,parse,5364.755742521367,5388.376814397288,1.0008626918788146,0.9920615557530034,1.0115165127636483,6,"[0.9967766863742962, 1.004948697383333]"
diagnostic--multiline-definition-terms-4096,/private/tmp/ferromark-v2-paragraph-B-feature-run.feature-scan-replay/configs/runtime-952bd53aaa996fe4bc57828684b54cc7445e89a8940d8603c3d1f1597976555d.json,diagnostic-multiline-definition-terms,render,1717.5093612402152,1720.3682173650213,0.9980443102467627,0.977609268120954,1.010865280161289,6,"[1.0005562291414072, 0.9955323913521181]"
diagnostic--inline-colons-without-definitions-4096,/private/tmp/ferromark-v2-paragraph-B-feature-run.feature-scan-replay/configs/runtime-952bd53aaa996fe4bc57828684b54cc7445e89a8940d8603c3d1f1597976555d.json,diagnostic-inline-colons-without-definitions,fresh,4918.93017578125,4629.662568933823,1.0640306371518902,1.032656184439339,1.1034375311577826,6,"[1.0637191066735425, 1.064342167630238]"
diagnostic--inline-colons-without-definitions-4096,/private/tmp/ferromark-v2-paragraph-B-feature-run.feature-scan-replay/configs/runtime-952bd53aaa996fe4bc57828684b54cc7445e89a8940d8603c3d1f1597976555d.json,diagnostic-inline-colons-without-definitions,reuse,4530.758756581691,4183.012083333333,1.0798937859853337,1.0626622567669413,1.0903874922453622,6,"[1.0786732110470778, 1.0811143609235896]"
diagnostic--inline-colons-without-definitions-4096,/private/tmp/ferromark-v2-paragraph-B-feature-run.feature-scan-replay/configs/runtime-952bd53aaa996fe4bc57828684b54cc7445e89a8940d8603c3d1f1597976555d.json,diagnostic-inline-colons-without-definitions,parse,3557.210316051136,3251.5820110103627,1.092682103054964,1.0773508971741785,1.115585809935798,6,"[1.10528096612677, 1.0886022312429604]"
diagnostic--inline-colons-without-definitions-4096,/private/tmp/ferromark-v2-paragraph-B-feature-run.feature-scan-replay/configs/runtime-952bd53aaa996fe4bc57828684b54cc7445e89a8940d8603c3d1f1597976555d.json,diagnostic-inline-colons-without-definitions,render,945.1249581864085,939.935308957924,1.007553181816035,0.9969226348861323,1.0205853158235119,6,"[1.0084542439134834, 1.0066521197185867]"
diagnostic--slash-paths-without-comments-4096,/private/tmp/ferromark-v2-paragraph-B-feature-run.feature-scan-replay/configs/runtime-85adaf6f20609bb1f898fcfaa050e313ebaf9d72e313e8a4e4a3ef2a94f6222b.json,diagnostic-slash-paths,fresh,2286.5487740544127,2303.332720588235,0.9911955187212675,0.9788027058052177,1.0378889686525625,6,"[0.9917526935521351, 0.9906383438904001]"
diagnostic--slash-paths-without-comments-4096,/private/tmp/ferromark-v2-paragraph-B-feature-run.feature-scan-replay/configs/runtime-85adaf6f20609bb1f898fcfaa050e313ebaf9d72e313e8a4e4a3ef2a94f6222b.json,diagnostic-slash-paths,reuse,1851.9446945644584,1857.2112852373887,1.0078966061032517,0.9771023941006561,1.0144212598604934,6,"[1.0128830958635153, 1.0056048637944814]"
diagnostic--slash-paths-without-comments-4096,/private/tmp/ferromark-v2-paragraph-B-feature-run.feature-scan-replay/configs/runtime-85adaf6f20609bb1f898fcfaa050e313ebaf9d72e313e8a4e4a3ef2a94f6222b.json,diagnostic-slash-paths,parse,1629.736419311525,1628.3973113881561,1.0003693951793096,0.9875069390330093,1.0314011833146313,6,"[0.9944130760320348, 1.0063257143265842]"
diagnostic--slash-paths-without-comments-4096,/private/tmp/ferromark-v2-paragraph-B-feature-run.feature-scan-replay/configs/runtime-85adaf6f20609bb1f898fcfaa050e313ebaf9d72e313e8a4e4a3ef2a94f6222b.json,diagnostic-slash-paths,render,226.2727563773826,228.75131487270653,0.9992877689464977,0.9698010576828324,1.0111263487589,6,"[1.0047738010935787, 0.9943497569595623]"
diagnostic--late-definition-prose-65536,/private/tmp/ferromark-v2-paragraph-B-feature-run.feature-scan-replay/configs/runtime-952bd53aaa996fe4bc57828684b54cc7445e89a8940d8603c3d1f1597976555d.json,diagnostic-late-definition,fresh,56654.298177083336,54748.53515625,1.0363717015091805,1.0179812379131619,1.0430063342770768,6,"[1.0336971654843627, 1.0390462375339982]"
diagnostic--late-definition-prose-65536,/private/tmp/ferromark-v2-paragraph-B-feature-run.feature-scan-replay/configs/runtime-952bd53aaa996fe4bc57828684b54cc7445e89a8940d8603c3d1f1597976555d.json,diagnostic-late-definition,reuse,56758.19270833333,54572.48307291667,1.0415526535133497,1.0307742413027388,1.0581802532466766,6,"[1.0459788606769116, 1.0371264463497878]"
diagnostic--late-definition-prose-65536,/private/tmp/ferromark-v2-paragraph-B-feature-run.feature-scan-replay/configs/runtime-952bd53aaa996fe4bc57828684b54cc7445e89a8940d8603c3d1f1597976555d.json,diagnostic-late-definition,parse,48915.16466346154,45832.125,1.0633061822731047,0.9837880302584826,1.0765857338180624,6,"[1.0651484716614583, 1.061463892884751]"
diagnostic--late-definition-prose-65536,/private/tmp/ferromark-v2-paragraph-B-feature-run.feature-scan-replay/configs/runtime-952bd53aaa996fe4bc57828684b54cc7445e89a8940d8603c3d1f1597976555d.json,diagnostic-late-definition,render,8448.54811936937,8433.020833333332,1.003859072020112,0.9914983447552435,1.019291241520335,6,"[1.0000207485055728, 1.007697395534651]"
diagnostic--url-colon-definitions-65536,/private/tmp/ferromark-v2-paragraph-B-feature-run.feature-scan-replay/configs/runtime-952bd53aaa996fe4bc57828684b54cc7445e89a8940d8603c3d1f1597976555d.json,diagnostic-url-colon,fresh,325954.109375,321183.9140625,1.017400508521972,1.00421144657703,1.0309846363282769,6,"[1.0172048381363257, 1.0175961789076184]"
diagnostic--url-colon-definitions-65536,/private/tmp/ferromark-v2-paragraph-B-feature-run.feature-scan-replay/configs/runtime-952bd53aaa996fe4bc57828684b54cc7445e89a8940d8603c3d1f1597976555d.json,diagnostic-url-colon,reuse,324410.8125,317042.640625,1.0192055672396991,1.0086653513799382,1.0417279500424943,6,"[1.0240616166389473, 1.015998383607868]"
diagnostic--url-colon-definitions-65536,/private/tmp/ferromark-v2-paragraph-B-feature-run.feature-scan-replay/configs/runtime-952bd53aaa996fe4bc57828684b54cc7445e89a8940d8603c3d1f1597976555d.json,diagnostic-url-colon,parse,298050.78125,292118.921875,1.0294200711850505,1.0014042907776315,1.0372123949092338,6,"[1.030792830542144, 1.028047311827957]"
diagnostic--url-colon-definitions-65536,/private/tmp/ferromark-v2-paragraph-B-feature-run.feature-scan-replay/configs/runtime-952bd53aaa996fe4bc57828684b54cc7445e89a8940d8603c3d1f1597976555d.json,diagnostic-url-colon,render,25247.421875,25317.369375000002,0.9972512032725436,0.9859644459470254,1.0114987599562704,6,"[1.0008096543473863, 0.9936927521977008]"
diagnostic--indented-definition-body-65536,/private/tmp/ferromark-v2-paragraph-B-feature-run.feature-scan-replay/configs/runtime-952bd53aaa996fe4bc57828684b54cc7445e89a8940d8603c3d1f1597976555d.json,diagnostic-indented-definition-body,fresh,139492.971875,137753.121875,1.0076802491740484,1.0008203438004435,1.0229221109279965,6,"[1.0032232299142927, 1.0223820360982572]"
diagnostic--indented-definition-body-65536,/private/tmp/ferromark-v2-paragraph-B-feature-run.feature-scan-replay/configs/runtime-952bd53aaa996fe4bc57828684b54cc7445e89a8940d8603c3d1f1597976555d.json,diagnostic-indented-definition-body,reuse,139899.86875,139747.00625,0.9985011489841437,0.9910376881990745,1.0096922060376416,6,"[0.9957682561852779, 1.0012340417830095]"
diagnostic--indented-definition-body-65536,/private/tmp/ferromark-v2-paragraph-B-feature-run.feature-scan-replay/configs/runtime-952bd53aaa996fe4bc57828684b54cc7445e89a8940d8603c3d1f1597976555d.json,diagnostic-indented-definition-body,parse,136599.48125,135119.53125,1.009180327762939,0.9673411370290458,1.019020028811748,6,"[1.0084681440787633, 1.0098925114471147]"
diagnostic--indented-definition-body-65536,/private/tmp/ferromark-v2-paragraph-B-feature-run.feature-scan-replay/configs/runtime-952bd53aaa996fe4bc57828684b54cc7445e89a8940d8603c3d1f1597976555d.json,diagnostic-indented-definition-body,render,3208.049996074121,3204.3106971153848,0.991107722189335,0.981925108040779,1.015614422945163,6,"[0.9880252933048377, 1.000120469515107]"
diagnostic--multiline-definition-terms-65536,/private/tmp/ferromark-v2-paragraph-B-feature-run.feature-scan-replay/configs/runtime-952bd53aaa996fe4bc57828684b54cc7445e89a8940d8603c3d1f1597976555d.json,diagnostic-multiline-definition-terms,fresh,111879.55989583334,112366.3203125,0.9987368955362391,0.9808473866412138,1.0134595741670793,6,"[0.989066699245452, 1.0002508121761386]"
diagnostic--multiline-definition-terms-65536,/private/tmp/ferromark-v2-paragraph-B-feature-run.feature-scan-replay/configs/runtime-952bd53aaa996fe4bc57828684b54cc7445e89a8940d8603c3d1f1597976555d.json,diagnostic-multiline-definition-terms,reuse,110688.91145833334,111682.5078125,0.992496269177888,0.977067789783777,1.0143288236482049,6,"[0.9919626092604071, 0.9955511228777951]"
diagnostic--multiline-definition-terms-65536,/private/tmp/ferromark-v2-paragraph-B-feature-run.feature-scan-replay/configs/runtime-952bd53aaa996fe4bc57828684b54cc7445e89a8940d8603c3d1f1597976555d.json,diagnostic-multiline-definition-terms,parse,84042.888671875,84250.48828125,0.9962711656600569,0.9873044584381429,1.009813747772487,6,"[0.9915444304222718, 0.9967471212564557]"
diagnostic--multiline-definition-terms-65536,/private/tmp/ferromark-v2-paragraph-B-feature-run.feature-scan-replay/configs/runtime-952bd53aaa996fe4bc57828684b54cc7445e89a8940d8603c3d1f1597976555d.json,diagnostic-multiline-definition-terms,render,27094.672526041664,27037.977213541664,0.9983126493559042,0.9902008840465909,1.0089590498809387,6,"[0.9942395307850104, 1.0023857679267982]"
diagnostic--inline-colons-without-definitions-65536,/private/tmp/ferromark-v2-paragraph-B-feature-run.feature-scan-replay/configs/runtime-952bd53aaa996fe4bc57828684b54cc7445e89a8940d8603c3d1f1597976555d.json,diagnostic-inline-colons-without-definitions,fresh,74705.15104166667,69635.0265625,1.0757327890581108,1.0430398556544969,1.0839721147454022,6,"[1.050529990315731, 1.077732629302043]"
diagnostic--inline-colons-without-definitions-65536,/private/tmp/ferromark-v2-paragraph-B-feature-run.feature-scan-replay/configs/runtime-952bd53aaa996fe4bc57828684b54cc7445e89a8940d8603c3d1f1597976555d.json,diagnostic-inline-colons-without-definitions,reuse,74181.93055555556,69354.0296875,1.0642432909461634,1.0557530959277424,1.0850176558290654,6,"[1.0681044683252503, 1.0559167020829474]"
diagnostic--inline-colons-without-definitions-65536,/private/tmp/ferromark-v2-paragraph-B-feature-run.feature-scan-replay/configs/runtime-952bd53aaa996fe4bc57828684b54cc7445e89a8940d8603c3d1f1597976555d.json,diagnostic-inline-colons-without-definitions,parse,56508.24609375,51302.38341346154,1.1035022729321002,1.0840154087254654,1.1120858915909804,6,"[1.1035378801801117, 1.103466665684089]"
diagnostic--inline-colons-without-definitions-65536,/private/tmp/ferromark-v2-paragraph-B-feature-run.feature-scan-replay/configs/runtime-952bd53aaa996fe4bc57828684b54cc7445e89a8940d8603c3d1f1597976555d.json,diagnostic-inline-colons-without-definitions,render,17173.088682432433,17063.361908783783,1.0077841009538788,0.9865618917526267,1.0142254122684313,6,"[1.0004950359008602, 1.0093987310151877]"
diagnostic--slash-paths-without-comments-65536,/private/tmp/ferromark-v2-paragraph-B-feature-run.feature-scan-replay/configs/runtime-85adaf6f20609bb1f898fcfaa050e313ebaf9d72e313e8a4e4a3ef2a94f6222b.json,diagnostic-slash-paths,fresh,29530.806107954544,29460.434659090908,1.0012805339126283,0.987246897979324,1.013999166247546,6,"[1.0119044398491668, 1.0007984250161774]"
diagnostic--slash-paths-without-comments-65536,/private/tmp/ferromark-v2-paragraph-B-feature-run.feature-scan-replay/configs/runtime-85adaf6f20609bb1f898fcfaa050e313ebaf9d72e313e8a4e4a3ef2a94f6222b.json,diagnostic-slash-paths,reuse,28848.277698863636,28721.826704545456,1.0019183042491662,0.9873586380959966,1.0308542173714788,6,"[0.9921900150696501, 1.0031746221970135]"
diagnostic--slash-paths-without-comments-65536,/private/tmp/ferromark-v2-paragraph-B-feature-run.feature-scan-replay/configs/runtime-85adaf6f20609bb1f898fcfaa050e313ebaf9d72e313e8a4e4a3ef2a94f6222b.json,diagnostic-slash-paths,parse,25453.046875,25316.771249999998,1.007536728972569,0.9963682023648739,1.015480881715394,6,"[1.0102337720722296, 1.000633429523867]"
diagnostic--slash-paths-without-comments-65536,/private/tmp/ferromark-v2-paragraph-B-feature-run.feature-scan-replay/configs/runtime-85adaf6f20609bb1f898fcfaa050e313ebaf9d72e313e8a4e4a3ef2a94f6222b.json,diagnostic-slash-paths,render,3439.464451787966,3448.706863578411,0.9975170416299044,0.9923917472058263,1.0015206629172937,6,"[0.9963349862203076, 0.9983120345064079]"
control--definition_lists-plain-300,/private/tmp/ferromark-v2-paragraph-B-feature-run.feature-scan-replay/configs/runtime-424afa22d39b03f833a14726521368b5583e2bf18080893a9448f8ef5640fba6.json,feature-off-plain,fresh,491.665967777539,474.1519060091945,1.0363565238541894,1.0214937857318525,1.04920394438703,6,"[1.036153687834108, 1.0365593598742708]"
control--definition_lists-plain-300,/private/tmp/ferromark-v2-paragraph-B-feature-run.feature-scan-replay/configs/runtime-424afa22d39b03f833a14726521368b5583e2bf18080893a9448f8ef5640fba6.json,feature-off-plain,reuse,162.90230210076334,149.56498035460743,1.088351562798608,1.0814243245116508,1.1014808543063637,6,"[1.0826188151551321, 1.0992507043820618]"
control--definition_lists-plain-300,/private/tmp/ferromark-v2-paragraph-B-feature-run.feature-scan-replay/configs/runtime-424afa22d39b03f833a14726521368b5583e2bf18080893a9448f8ef5640fba6.json,feature-off-plain,parse,111.85094687143874,99.26719662349878,1.1213981782394487,1.0961481309473564,1.1375414451217458,6,"[1.1268113348414042, 1.115985021637493]"
control--definition_lists-plain-300,/private/tmp/ferromark-v2-paragraph-B-feature-run.feature-scan-replay/configs/runtime-424afa22d39b03f833a14726521368b5583e2bf18080893a9448f8ef5640fba6.json,feature-off-plain,render,51.6497050578772,51.88042476306998,0.997265981511511,0.9843644512495996,1.0019043589606644,6,"[0.9981073386607215, 0.9964246243623004]"
control--definition_lists-plain-4096,/private/tmp/ferromark-v2-paragraph-B-feature-run.feature-scan-replay/configs/runtime-424afa22d39b03f833a14726521368b5583e2bf18080893a9448f8ef5640fba6.json,feature-off-plain,fresh,2083.4048616859823,1916.85937821478,1.091834904048519,1.0728744267126524,1.1072332065985335,6,"[1.0934054556411503, 1.0887882227435322]"
control--definition_lists-plain-4096,/private/tmp/ferromark-v2-paragraph-B-feature-run.feature-scan-replay/configs/runtime-424afa22d39b03f833a14726521368b5583e2bf18080893a9448f8ef5640fba6.json,feature-off-plain,reuse,1674.3759098707665,1517.1237510541796,1.1040765065055904,1.0998288556639146,1.1240485487759524,6,"[1.1039459849487339, 1.1046656674969775]"
control--definition_lists-plain-4096,/private/tmp/ferromark-v2-paragraph-B-feature-run.feature-scan-replay/configs/runtime-424afa22d39b03f833a14726521368b5583e2bf18080893a9448f8ef5640fba6.json,feature-off-plain,parse,1146.4989340003326,984.1848579031919,1.1663524772029839,1.135079545116547,1.177658661335241,6,"[1.169907654380663, 1.1506989636995784]"
control--definition_lists-plain-4096,/private/tmp/ferromark-v2-paragraph-B-feature-run.feature-scan-replay/configs/runtime-424afa22d39b03f833a14726521368b5583e2bf18080893a9448f8ef5640fba6.json,feature-off-plain,render,533.3417365404297,528.4221382435933,1.008669213106542,0.9930429095717884,1.0147622677177832,6,"[0.9973196820339378, 1.0096151780901232]"
control--definition_lists-plain-65536,/private/tmp/ferromark-v2-paragraph-B-feature-run.feature-scan-replay/configs/runtime-424afa22d39b03f833a14726521368b5583e2bf18080893a9448f8ef5640fba6.json,feature-off-plain,fresh,26970.540364583336,24373.747596153844,1.1068495426806249,1.0953955152671755,1.1184473490798945,6,"[1.1003352832302673, 1.1179795973230149]"
control--definition_lists-plain-65536,/private/tmp/ferromark-v2-paragraph-B-feature-run.feature-scan-replay/configs/runtime-424afa22d39b03f833a14726521368b5583e2bf18080893a9448f8ef5640fba6.json,feature-off-plain,reuse,26529.703776041664,24006.196180555555,1.1036040953574715,1.0995270991524022,1.1184005939138584,6,"[1.0998182109005816, 1.1046276314563157]"
control--definition_lists-plain-65536,/private/tmp/ferromark-v2-paragraph-B-feature-run.feature-scan-replay/configs/runtime-424afa22d39b03f833a14726521368b5583e2bf18080893a9448f8ef5640fba6.json,feature-off-plain,parse,18038.932142857142,15500.73056402439,1.1705663620136293,1.158588999050159,1.186422463989239,6,"[1.170866087762122, 1.1702666362651366]"
control--definition_lists-plain-65536,/private/tmp/ferromark-v2-paragraph-B-feature-run.feature-scan-replay/configs/runtime-424afa22d39b03f833a14726521368b5583e2bf18080893a9448f8ef5640fba6.json,feature-off-plain,render,8335.335688048246,8294.159539473683,1.0015778457959628,0.9807418674365156,1.0163289115151857,6,"[1.004352618109133, 0.9918894099850195]"
control--line_comments-plain-300,/private/tmp/ferromark-v2-paragraph-B-feature-run.feature-scan-replay/configs/runtime-b552b1b4e099e6cf4fb60158b4b0623cd3b7d34dfb5ebbee0111cee2a3dd4b67.json,feature-off-plain,fresh,494.89935103577443,467.74915422797903,1.0613821027359849,1.0458213736152355,1.087735022186129,6,"[1.0584225750045673, 1.0668542306723292]"
control--line_comments-plain-300,/private/tmp/ferromark-v2-paragraph-B-feature-run.feature-scan-replay/configs/runtime-b552b1b4e099e6cf4fb60158b4b0623cd3b7d34dfb5ebbee0111cee2a3dd4b67.json,feature-off-plain,reuse,162.49049177930857,149.4836268446751,1.0844684438820384,1.07101137522064,1.1147609045177846,6,"[1.0830743287433782, 1.0858625590206987]"
control--line_comments-plain-300,/private/tmp/ferromark-v2-paragraph-B-feature-run.feature-scan-replay/configs/runtime-b552b1b4e099e6cf4fb60158b4b0623cd3b7d34dfb5ebbee0111cee2a3dd4b67.json,feature-off-plain,parse,113.31085091813338,100.80098569508527,1.1245804978149023,1.0999900445682824,1.1397612621059567,6,"[1.1354904968344672, 1.12252143932101]"
control--line_comments-plain-300,/private/tmp/ferromark-v2-paragraph-B-feature-run.feature-scan-replay/configs/runtime-b552b1b4e099e6cf4fb60158b4b0623cd3b7d34dfb5ebbee0111cee2a3dd4b67.json,feature-off-plain,render,52.50925746898229,52.53765363008951,0.9936886359380086,0.9597366183840785,1.019352992582486,6,"[0.9828668087049381, 1.0016787443208637]"
control--line_comments-plain-4096,/private/tmp/ferromark-v2-paragraph-B-feature-run.feature-scan-replay/configs/runtime-b552b1b4e099e6cf4fb60158b4b0623cd3b7d34dfb5ebbee0111cee2a3dd4b67.json,feature-off-plain,fresh,2102.9737835570468,1941.3753393799757,1.0838699274066905,1.0749710934826795,1.096826804691046,6,"[1.0889950958571943, 1.0787447589561867]"
control--line_comments-plain-4096,/private/tmp/ferromark-v2-paragraph-B-feature-run.feature-scan-replay/configs/runtime-b552b1b4e099e6cf4fb60158b4b0623cd3b7d34dfb5ebbee0111cee2a3dd4b67.json,feature-off-plain,reuse,1670.056663069604,1505.740755238502,1.1110125478840387,1.0983790985656632,1.1198593393757992,6,"[1.1072236581177497, 1.114801437650328]"
control--line_comments-plain-4096,/private/tmp/ferromark-v2-paragraph-B-feature-run.feature-scan-replay/configs/runtime-b552b1b4e099e6cf4fb60158b4b0623cd3b7d34dfb5ebbee0111cee2a3dd4b67.json,feature-off-plain,parse,1156.511148336414,992.702132936508,1.1648013678037812,1.157405985062965,1.1715929934616038,6,"[1.169267961551176, 1.1632519125558678]"
control--line_comments-plain-4096,/private/tmp/ferromark-v2-paragraph-B-feature-run.feature-scan-replay/configs/runtime-b552b1b4e099e6cf4fb60158b4b0623cd3b7d34dfb5ebbee0111cee2a3dd4b67.json,feature-off-plain,render,529.5180112691673,529.6760220263765,0.9977541405008291,0.9905703889690101,1.0126383545323878,6,"[1.0034870926334403, 0.9956582591321381]"
control--line_comments-plain-65536,/private/tmp/ferromark-v2-paragraph-B-feature-run.feature-scan-replay/configs/runtime-b552b1b4e099e6cf4fb60158b4b0623cd3b7d34dfb5ebbee0111cee2a3dd4b67.json,feature-off-plain,fresh,26910.780598958332,24237.705528846156,1.1062677792394617,1.083756030036574,1.1249819300714385,6,"[1.108285295998034, 1.1042502624808894]"
control--line_comments-plain-65536,/private/tmp/ferromark-v2-paragraph-B-feature-run.feature-scan-replay/configs/runtime-b552b1b4e099e6cf4fb60158b4b0623cd3b7d34dfb5ebbee0111cee2a3dd4b67.json,feature-off-plain,reuse,26429.198567708332,23881.727430555555,1.1059506487209854,1.0935894701314086,1.1176520884100722,6,"[1.1070721760838054, 1.1048291213581651]"
control--line_comments-plain-65536,/private/tmp/ferromark-v2-paragraph-B-feature-run.feature-scan-replay/configs/runtime-b552b1b4e099e6cf4fb60158b4b0623cd3b7d34dfb5ebbee0111cee2a3dd4b67.json,feature-off-plain,parse,18076.525446428568,15454.85556402439,1.1681519190918137,1.1620177788417305,1.1730333862787368,6,"[1.1644080680802307, 1.171895770103397]"
control--line_comments-plain-65536,/private/tmp/ferromark-v2-paragraph-B-feature-run.feature-scan-replay/configs/runtime-b552b1b4e099e6cf4fb60158b4b0623cd3b7d34dfb5ebbee0111cee2a3dd4b67.json,feature-off-plain,render,8447.322587274775,8426.288662725225,1.0029800199661147,0.9855317096697993,1.0211105602862753,6,"[0.9933647546640179, 1.007010565113364]"
